food_id,canonical_name_tr,canonical_name_en,food_slug,portion_id,size_class,grams,household_measure,image_path,image_prompt,consistency_note,nutrition_source,nutrition_source_id,image_source,image_license,attribution,generation_model,generation_seed,generation_date,visual_status,reviewer_notes,source_name,source_record_id,source_url,source_release,source_page_or_table,nutrition_source_url,retrieved_at,reviewed_by,reviewed_at,verification_status,transformation_notes
,"Patlıcan, közlenmiş, konserve",,"patlican-kozlenmis-konserve",,"small","100.0",,"food-portions/patlican-kozlenmis-konserve/patlican-kozlenmis-konserve--small--100g.webp","Photorealistic overhead food reference photograph of Patlıcan, közlenmiş, konserve, representing the SMALL controlled portion of 100 grams. Served on the exact same matte white bowl used across the three portion variants. Fixed 85-degree overhead camera, fixed camera distance, neutral light stone tabletop, soft diffused daylight, natural appetizing food color, realistic household serving, entire bowl visible, centered composition, no utensils, no hands, no napkin, no packaging, no logo, no text, no watermark, no decorative garnish unless part of the canonical recipe, no dramatic restaurant styling, no hard shadows. Only the amount of food should differ between portion variants. Square 1:1 composition, sRGB, production-quality mobile nutrition tracking reference image.","All three variants of Patlıcan, közlenmiş, konserve are the same scene, re-shot with a different amount of food. Identical across small/regular/large: the matte white bowl and its diameter, the 85-degree overhead camera angle, the camera distance, the neutral light stone tabletop, the soft diffused daylight, the white balance, and the framing. The bowl diameter and depth are identical in all three renders; only the fill level changes. The food keeps the same color, cut and cooking state. Nothing is added or removed between variants — no sauce, oil, herb or side item appears in one variant and not another. Portion weights are 100 g / 150 g / 230 g and must read as visibly increasing at a 120-160 px thumbnail size. No weight, number or label may appear in the image itself.","TürKomp — Ulusal Gıda Kompozisyon Veri Tabanı","08.02.0005",,,,,,,"missing","","TÜBER 2022 Ek 2.3.1 — Besinlerin standart porsiyonlarının enerji ve besin ögesi içerikleri","Patlıcan, pişmiş","https://hsgm.saglik.gov.tr/depo/birimler/saglikli-beslenme-ve-hareketli-hayat-db/Dokumanlar/Rehberler/Turkiye_Beslenme_Rehber_TUBER_2022_min.pdf","TÜBER 2022 (baskı tarihi 2023-08-08)","Ek 2.3.1 (s.283-284)","https://turkomp.tarimorman.gov.tr/food-patlican-kozlenmis-konserve-188","2026-08-18T20:30:00Z",,,"needs_review","regular = the published TÜBER Ek 2.3.1 standard portion for ""Patlıcan, pişmiş"" (150 g). | small = APP-DERIVED from regular using portion policy portion-policy-v2 (category vegetable_cooked), rounded to 10 g steps. This is a product reference size, NOT a value published by TÜBER. | large = APP-DERIVED from regular using portion policy portion-policy-v2 (category vegetable_cooked), rounded to 10 g steps. This is a product reference size, NOT a value published by TÜBER. | Composition is the published TürKomp per-100 g record 08.02.0005; no scaling applied."
,"Patlıcan, közlenmiş, konserve",,"patlican-kozlenmis-konserve",,"regular","150.0",,"food-portions/patlican-kozlenmis-konserve/patlican-kozlenmis-konserve--regular--150g.webp","Photorealistic overhead food reference photograph of Patlıcan, közlenmiş, konserve, representing the REGULAR controlled portion of 150 grams. Served on the exact same matte white bowl used across the three portion variants. Fixed 85-degree overhead camera, fixed camera distance, neutral light stone tabletop, soft diffused daylight, natural appetizing food color, realistic household serving, entire bowl visible, centered composition, no utensils, no hands, no napkin, no packaging, no logo, no text, no watermark, no decorative garnish unless part of the canonical recipe, no dramatic restaurant styling, no hard shadows. Only the amount of food should differ between portion variants. Square 1:1 composition, sRGB, production-quality mobile nutrition tracking reference image.","All three variants of Patlıcan, közlenmiş, konserve are the same scene, re-shot with a different amount of food. Identical across small/regular/large: the matte white bowl and its diameter, the 85-degree overhead camera angle, the camera distance, the neutral light stone tabletop, the soft diffused daylight, the white balance, and the framing. The bowl diameter and depth are identical in all three renders; only the fill level changes. The food keeps the same color, cut and cooking state. Nothing is added or removed between variants — no sauce, oil, herb or side item appears in one variant and not another. Portion weights are 100 g / 150 g / 230 g and must read as visibly increasing at a 120-160 px thumbnail size. No weight, number or label may appear in the image itself.","TürKomp — Ulusal Gıda Kompozisyon Veri Tabanı","08.02.0005",,,,,,,"missing","","TÜBER 2022 Ek 2.3.1 — Besinlerin standart porsiyonlarının enerji ve besin ögesi içerikleri","Patlıcan, pişmiş","https://hsgm.saglik.gov.tr/depo/birimler/saglikli-beslenme-ve-hareketli-hayat-db/Dokumanlar/Rehberler/Turkiye_Beslenme_Rehber_TUBER_2022_min.pdf","TÜBER 2022 (baskı tarihi 2023-08-08)","Ek 2.3.1 (s.283-284)","https://turkomp.tarimorman.gov.tr/food-patlican-kozlenmis-konserve-188","2026-08-18T20:30:00Z",,,"needs_review","regular = the published TÜBER Ek 2.3.1 standard portion for ""Patlıcan, pişmiş"" (150 g). | small = APP-DERIVED from regular using portion policy portion-policy-v2 (category vegetable_cooked), rounded to 10 g steps. This is a product reference size, NOT a value published by TÜBER. | large = APP-DERIVED from regular using portion policy portion-policy-v2 (category vegetable_cooked), rounded to 10 g steps. This is a product reference size, NOT a value published by TÜBER. | Composition is the published TürKomp per-100 g record 08.02.0005; no scaling applied."
,"Patlıcan, közlenmiş, konserve",,"patlican-kozlenmis-konserve",,"large","230.0",,"food-portions/patlican-kozlenmis-konserve/patlican-kozlenmis-konserve--large--230g.webp","Photorealistic overhead food reference photograph of Patlıcan, közlenmiş, konserve, representing the LARGE controlled portion of 230 grams. Served on the exact same matte white bowl used across the three portion variants. Fixed 85-degree overhead camera, fixed camera distance, neutral light stone tabletop, soft diffused daylight, natural appetizing food color, realistic household serving, entire bowl visible, centered composition, no utensils, no hands, no napkin, no packaging, no logo, no text, no watermark, no decorative garnish unless part of the canonical recipe, no dramatic restaurant styling, no hard shadows. Only the amount of food should differ between portion variants. Square 1:1 composition, sRGB, production-quality mobile nutrition tracking reference image.","All three variants of Patlıcan, közlenmiş, konserve are the same scene, re-shot with a different amount of food. Identical across small/regular/large: the matte white bowl and its diameter, the 85-degree overhead camera angle, the camera distance, the neutral light stone tabletop, the soft diffused daylight, the white balance, and the framing. The bowl diameter and depth are identical in all three renders; only the fill level changes. The food keeps the same color, cut and cooking state. Nothing is added or removed between variants — no sauce, oil, herb or side item appears in one variant and not another. Portion weights are 100 g / 150 g / 230 g and must read as visibly increasing at a 120-160 px thumbnail size. No weight, number or label may appear in the image itself.","TürKomp — Ulusal Gıda Kompozisyon Veri Tabanı","08.02.0005",,,,,,,"missing","","TÜBER 2022 Ek 2.3.1 — Besinlerin standart porsiyonlarının enerji ve besin ögesi içerikleri","Patlıcan, pişmiş","https://hsgm.saglik.gov.tr/depo/birimler/saglikli-beslenme-ve-hareketli-hayat-db/Dokumanlar/Rehberler/Turkiye_Beslenme_Rehber_TUBER_2022_min.pdf","TÜBER 2022 (baskı tarihi 2023-08-08)","Ek 2.3.1 (s.283-284)","https://turkomp.tarimorman.gov.tr/food-patlican-kozlenmis-konserve-188","2026-08-18T20:30:00Z",,,"needs_review","regular = the published TÜBER Ek 2.3.1 standard portion for ""Patlıcan, pişmiş"" (150 g). | small = APP-DERIVED from regular using portion policy portion-policy-v2 (category vegetable_cooked), rounded to 10 g steps. This is a product reference size, NOT a value published by TÜBER. | large = APP-DERIVED from regular using portion policy portion-policy-v2 (category vegetable_cooked), rounded to 10 g steps. This is a product reference size, NOT a value published by TÜBER. | Composition is the published TürKomp per-100 g record 08.02.0005; no scaling applied."
,"Yoğurt, kaymaklı",,"yogurt-kaymakli",,"small","150.0",,"food-portions/yogurt-kaymakli/yogurt-kaymakli--small--150g.webp","Photorealistic overhead food reference photograph of Yoğurt, kaymaklı, representing the SMALL controlled portion of 150 grams. Served on the exact same matte white plate used across the three portion variants. Fixed 85-degree overhead camera, fixed camera distance, neutral light stone tabletop, soft diffused daylight, natural appetizing food color, realistic household serving, entire plate visible, centered composition, no utensils, no hands, no napkin, no packaging, no logo, no text, no watermark, no decorative garnish unless part of the canonical recipe, no dramatic restaurant styling, no hard shadows. Only the amount of food should differ between portion variants. Square 1:1 composition, sRGB, production-quality mobile nutrition tracking reference image.","All three variants of Yoğurt, kaymaklı are the same scene, re-shot with a different amount of food. Identical across small/regular/large: the matte white plate and its diameter, the 85-degree overhead camera angle, the camera distance, the neutral light stone tabletop, the soft diffused daylight, the white balance, and the framing. The plate diameter is identical in all three renders; only the area, height and realistic volume of the food change. The food keeps the same color, cut and cooking state. Nothing is added or removed between variants — no sauce, oil, herb or side item appears in one variant and not another. Portion weights are 150 g / 240 g / 360 g and must read as visibly increasing at a 120-160 px thumbnail size. No weight, number or label may appear in the image itself.","TürKomp — Ulusal Gıda Kompozisyon Veri Tabanı","01.02.0019",,,,,,,"missing","","TÜBER 2022 Ek 2.3.1 — Besinlerin standart porsiyonlarının enerji ve besin ögesi içerikleri","Yoğurt, tam yağlı","https://hsgm.saglik.gov.tr/depo/birimler/saglikli-beslenme-ve-hareketli-hayat-db/Dokumanlar/Rehberler/Turkiye_Beslenme_Rehber_TUBER_2022_min.pdf","TÜBER 2022 (baskı tarihi 2023-08-08)","Ek 2.3.1 (s.283-284)","https://turkomp.tarimorman.gov.tr/food-yogurt-kaymakli-2","2026-08-18T20:30:00Z",,,"needs_review","regular = the published TÜBER Ek 2.3.1 standard portion for ""Yoğurt, tam yağlı"" (240 g). | small = APP-DERIVED from regular using portion policy portion-policy-v2 (category dairy_yogurt), rounded to 10 g steps. This is a product reference size, NOT a value published by TÜBER. | large = APP-DERIVED from regular using portion policy portion-policy-v2 (category dairy_yogurt), rounded to 10 g steps. This is a product reference size, NOT a value published by TÜBER. | Composition is the published TürKomp per-100 g record 01.02.0019; no scaling applied."
,"Yoğurt, kaymaklı",,"yogurt-kaymakli",,"regular","240.0",,"food-portions/yogurt-kaymakli/yogurt-kaymakli--regular--240g.webp","Photorealistic overhead food reference photograph of Yoğurt, kaymaklı, representing the REGULAR controlled portion of 240 grams. Served on the exact same matte white plate used across the three portion variants. Fixed 85-degree overhead camera, fixed camera distance, neutral light stone tabletop, soft diffused daylight, natural appetizing food color, realistic household serving, entire plate visible, centered composition, no utensils, no hands, no napkin, no packaging, no logo, no text, no watermark, no decorative garnish unless part of the canonical recipe, no dramatic restaurant styling, no hard shadows. Only the amount of food should differ between portion variants. Square 1:1 composition, sRGB, production-quality mobile nutrition tracking reference image.","All three variants of Yoğurt, kaymaklı are the same scene, re-shot with a different amount of food. Identical across small/regular/large: the matte white plate and its diameter, the 85-degree overhead camera angle, the camera distance, the neutral light stone tabletop, the soft diffused daylight, the white balance, and the framing. The plate diameter is identical in all three renders; only the area, height and realistic volume of the food change. The food keeps the same color, cut and cooking state. Nothing is added or removed between variants — no sauce, oil, herb or side item appears in one variant and not another. Portion weights are 150 g / 240 g / 360 g and must read as visibly increasing at a 120-160 px thumbnail size. No weight, number or label may appear in the image itself.","TürKomp — Ulusal Gıda Kompozisyon Veri Tabanı","01.02.0019",,,,,,,"missing","","TÜBER 2022 Ek 2.3.1 — Besinlerin standart porsiyonlarının enerji ve besin ögesi içerikleri","Yoğurt, tam yağlı","https://hsgm.saglik.gov.tr/depo/birimler/saglikli-beslenme-ve-hareketli-hayat-db/Dokumanlar/Rehberler/Turkiye_Beslenme_Rehber_TUBER_2022_min.pdf","TÜBER 2022 (baskı tarihi 2023-08-08)","Ek 2.3.1 (s.283-284)","https://turkomp.tarimorman.gov.tr/food-yogurt-kaymakli-2","2026-08-18T20:30:00Z",,,"needs_review","regular = the published TÜBER Ek 2.3.1 standard portion for ""Yoğurt, tam yağlı"" (240 g). | small = APP-DERIVED from regular using portion policy portion-policy-v2 (category dairy_yogurt), rounded to 10 g steps. This is a product reference size, NOT a value published by TÜBER. | large = APP-DERIVED from regular using portion policy portion-policy-v2 (category dairy_yogurt), rounded to 10 g steps. This is a product reference size, NOT a value published by TÜBER. | Composition is the published TürKomp per-100 g record 01.02.0019; no scaling applied."
,"Yoğurt, kaymaklı",,"yogurt-kaymakli",,"large","360.0",,"food-portions/yogurt-kaymakli/yogurt-kaymakli--large--360g.webp","Photorealistic overhead food reference photograph of Yoğurt, kaymaklı, representing the LARGE controlled portion of 360 grams. Served on the exact same matte white plate used across the three portion variants. Fixed 85-degree overhead camera, fixed camera distance, neutral light stone tabletop, soft diffused daylight, natural appetizing food color, realistic household serving, entire plate visible, centered composition, no utensils, no hands, no napkin, no packaging, no logo, no text, no watermark, no decorative garnish unless part of the canonical recipe, no dramatic restaurant styling, no hard shadows. Only the amount of food should differ between portion variants. Square 1:1 composition, sRGB, production-quality mobile nutrition tracking reference image.","All three variants of Yoğurt, kaymaklı are the same scene, re-shot with a different amount of food. Identical across small/regular/large: the matte white plate and its diameter, the 85-degree overhead camera angle, the camera distance, the neutral light stone tabletop, the soft diffused daylight, the white balance, and the framing. The plate diameter is identical in all three renders; only the area, height and realistic volume of the food change. The food keeps the same color, cut and cooking state. Nothing is added or removed between variants — no sauce, oil, herb or side item appears in one variant and not another. Portion weights are 150 g / 240 g / 360 g and must read as visibly increasing at a 120-160 px thumbnail size. No weight, number or label may appear in the image itself.","TürKomp — Ulusal Gıda Kompozisyon Veri Tabanı","01.02.0019",,,,,,,"missing","","TÜBER 2022 Ek 2.3.1 — Besinlerin standart porsiyonlarının enerji ve besin ögesi içerikleri","Yoğurt, tam yağlı","https://hsgm.saglik.gov.tr/depo/birimler/saglikli-beslenme-ve-hareketli-hayat-db/Dokumanlar/Rehberler/Turkiye_Beslenme_Rehber_TUBER_2022_min.pdf","TÜBER 2022 (baskı tarihi 2023-08-08)","Ek 2.3.1 (s.283-284)","https://turkomp.tarimorman.gov.tr/food-yogurt-kaymakli-2","2026-08-18T20:30:00Z",,,"needs_review","regular = the published TÜBER Ek 2.3.1 standard portion for ""Yoğurt, tam yağlı"" (240 g). | small = APP-DERIVED from regular using portion policy portion-policy-v2 (category dairy_yogurt), rounded to 10 g steps. This is a product reference size, NOT a value published by TÜBER. | large = APP-DERIVED from regular using portion policy portion-policy-v2 (category dairy_yogurt), rounded to 10 g steps. This is a product reference size, NOT a value published by TÜBER. | Composition is the published TürKomp per-100 g record 01.02.0019; no scaling applied."
,"ayran, tam yağlı",,"ayran-tam-yagli",,"small","220.0",,"food-portions/ayran-tam-yagli/ayran-tam-yagli--small--220g.webp","Photorealistic overhead food reference photograph of ayran, tam yağlı, representing the SMALL controlled portion of 220 grams. Served on the exact same matte white glass used across the three portion variants. Fixed 85-degree overhead camera, fixed camera distance, neutral light stone tabletop, soft diffused daylight, natural appetizing food color, realistic household serving, entire glass visible, centered composition, no utensils, no hands, no napkin, no packaging, no logo, no text, no watermark, no decorative garnish unless part of the canonical recipe, no dramatic restaurant styling, no hard shadows. Only the amount of food should differ between portion variants. Square 1:1 composition, sRGB, production-quality mobile nutrition tracking reference image.","All three variants of ayran, tam yağlı are the same scene, re-shot with a different amount of food. Identical across small/regular/large: the matte white glass and its diameter, the 85-degree overhead camera angle, the camera distance, the neutral light stone tabletop, the soft diffused daylight, the white balance, and the framing. The glass diameter and depth are identical in all three renders; only the fill level changes. The food keeps the same color, cut and cooking state. Nothing is added or removed between variants — no sauce, oil, herb or side item appears in one variant and not another. Portion weights are 220 g / 350 g / 530 g and must read as visibly increasing at a 120-160 px thumbnail size. No weight, number or label may appear in the image itself.","TürKomp — Ulusal Gıda Kompozisyon Veri Tabanı","01.02.0022",,,,,,,"missing","","TÜBER 2022 Ek 2.3.1 — Besinlerin standart porsiyonlarının enerji ve besin ögesi içerikleri","Ayran","https://hsgm.saglik.gov.tr/depo/birimler/saglikli-beslenme-ve-hareketli-hayat-db/Dokumanlar/Rehberler/Turkiye_Beslenme_Rehber_TUBER_2022_min.pdf","TÜBER 2022 (baskı tarihi 2023-08-08)","Ek 2.3.1 (s.283-284)","https://turkomp.tarimorman.gov.tr/food-ayran-tam-yagli-700","2026-08-18T20:30:00Z",,,"needs_review","regular = the published TÜBER Ek 2.3.1 standard portion for ""Ayran"" (350 g). | small = APP-DERIVED from regular using portion policy portion-policy-v2 (category beverage_dairy), rounded to 10 g steps. This is a product reference size, NOT a value published by TÜBER. | large = APP-DERIVED from regular using portion policy portion-policy-v2 (category beverage_dairy), rounded to 10 g steps. This is a product reference size, NOT a value published by TÜBER. | Composition is the published TürKomp per-100 g record 01.02.0022; no scaling applied."
,"ayran, tam yağlı",,"ayran-tam-yagli",,"regular","350.0",,"food-portions/ayran-tam-yagli/ayran-tam-yagli--regular--350g.webp","Photorealistic overhead food reference photograph of ayran, tam yağlı, representing the REGULAR controlled portion of 350 grams. Served on the exact same matte white glass used across the three portion variants. Fixed 85-degree overhead camera, fixed camera distance, neutral light stone tabletop, soft diffused daylight, natural appetizing food color, realistic household serving, entire glass visible, centered composition, no utensils, no hands, no napkin, no packaging, no logo, no text, no watermark, no decorative garnish unless part of the canonical recipe, no dramatic restaurant styling, no hard shadows. Only the amount of food should differ between portion variants. Square 1:1 composition, sRGB, production-quality mobile nutrition tracking reference image.","All three variants of ayran, tam yağlı are the same scene, re-shot with a different amount of food. Identical across small/regular/large: the matte white glass and its diameter, the 85-degree overhead camera angle, the camera distance, the neutral light stone tabletop, the soft diffused daylight, the white balance, and the framing. The glass diameter and depth are identical in all three renders; only the fill level changes. The food keeps the same color, cut and cooking state. Nothing is added or removed between variants — no sauce, oil, herb or side item appears in one variant and not another. Portion weights are 220 g / 350 g / 530 g and must read as visibly increasing at a 120-160 px thumbnail size. No weight, number or label may appear in the image itself.","TürKomp — Ulusal Gıda Kompozisyon Veri Tabanı","01.02.0022",,,,,,,"missing","","TÜBER 2022 Ek 2.3.1 — Besinlerin standart porsiyonlarının enerji ve besin ögesi içerikleri","Ayran","https://hsgm.saglik.gov.tr/depo/birimler/saglikli-beslenme-ve-hareketli-hayat-db/Dokumanlar/Rehberler/Turkiye_Beslenme_Rehber_TUBER_2022_min.pdf","TÜBER 2022 (baskı tarihi 2023-08-08)","Ek 2.3.1 (s.283-284)","https://turkomp.tarimorman.gov.tr/food-ayran-tam-yagli-700","2026-08-18T20:30:00Z",,,"needs_review","regular = the published TÜBER Ek 2.3.1 standard portion for ""Ayran"" (350 g). | small = APP-DERIVED from regular using portion policy portion-policy-v2 (category beverage_dairy), rounded to 10 g steps. This is a product reference size, NOT a value published by TÜBER. | large = APP-DERIVED from regular using portion policy portion-policy-v2 (category beverage_dairy), rounded to 10 g steps. This is a product reference size, NOT a value published by TÜBER. | Composition is the published TürKomp per-100 g record 01.02.0022; no scaling applied."
,"ayran, tam yağlı",,"ayran-tam-yagli",,"large","530.0",,"food-portions/ayran-tam-yagli/ayran-tam-yagli--large--530g.webp","Photorealistic overhead food reference photograph of ayran, tam yağlı, representing the LARGE controlled portion of 530 grams. Served on the exact same matte white glass used across the three portion variants. Fixed 85-degree overhead camera, fixed camera distance, neutral light stone tabletop, soft diffused daylight, natural appetizing food color, realistic household serving, entire glass visible, centered composition, no utensils, no hands, no napkin, no packaging, no logo, no text, no watermark, no decorative garnish unless part of the canonical recipe, no dramatic restaurant styling, no hard shadows. Only the amount of food should differ between portion variants. Square 1:1 composition, sRGB, production-quality mobile nutrition tracking reference image.","All three variants of ayran, tam yağlı are the same scene, re-shot with a different amount of food. Identical across small/regular/large: the matte white glass and its diameter, the 85-degree overhead camera angle, the camera distance, the neutral light stone tabletop, the soft diffused daylight, the white balance, and the framing. The glass diameter and depth are identical in all three renders; only the fill level changes. The food keeps the same color, cut and cooking state. Nothing is added or removed between variants — no sauce, oil, herb or side item appears in one variant and not another. Portion weights are 220 g / 350 g / 530 g and must read as visibly increasing at a 120-160 px thumbnail size. No weight, number or label may appear in the image itself.","TürKomp — Ulusal Gıda Kompozisyon Veri Tabanı","01.02.0022",,,,,,,"missing","","TÜBER 2022 Ek 2.3.1 — Besinlerin standart porsiyonlarının enerji ve besin ögesi içerikleri","Ayran","https://hsgm.saglik.gov.tr/depo/birimler/saglikli-beslenme-ve-hareketli-hayat-db/Dokumanlar/Rehberler/Turkiye_Beslenme_Rehber_TUBER_2022_min.pdf","TÜBER 2022 (baskı tarihi 2023-08-08)","Ek 2.3.1 (s.283-284)","https://turkomp.tarimorman.gov.tr/food-ayran-tam-yagli-700","2026-08-18T20:30:00Z",,,"needs_review","regular = the published TÜBER Ek 2.3.1 standard portion for ""Ayran"" (350 g). | small = APP-DERIVED from regular using portion policy portion-policy-v2 (category beverage_dairy), rounded to 10 g steps. This is a product reference size, NOT a value published by TÜBER. | large = APP-DERIVED from regular using portion policy portion-policy-v2 (category beverage_dairy), rounded to 10 g steps. This is a product reference size, NOT a value published by TÜBER. | Composition is the published TürKomp per-100 g record 01.02.0022; no scaling applied."
,"Ekmek, beyaz",,"ekmek-beyaz",,"small","25.0",,"food-portions/ekmek-beyaz/ekmek-beyaz--small--25g.webp","Photorealistic overhead food reference photograph of Ekmek, beyaz, representing the SMALL controlled portion of 25 grams. Served on the exact same matte white plate used across the three portion variants. Fixed 85-degree overhead camera, fixed camera distance, neutral light stone tabletop, soft diffused daylight, natural appetizing food color, realistic household serving, entire plate visible, centered composition, no utensils, no hands, no napkin, no packaging, no logo, no text, no watermark, no decorative garnish unless part of the canonical recipe, no dramatic restaurant styling, no hard shadows. Only the amount of food should differ between portion variants. Square 1:1 composition, sRGB, production-quality mobile nutrition tracking reference image.","All three variants of Ekmek, beyaz are the same scene, re-shot with a different amount of food. Identical across small/regular/large: the matte white plate and its diameter, the 85-degree overhead camera angle, the camera distance, the neutral light stone tabletop, the soft diffused daylight, the white balance, and the framing. The plate diameter is identical in all three renders; only the area, height and realistic volume of the food change. The food keeps the same color, cut and cooking state. Nothing is added or removed between variants — no sauce, oil, herb or side item appears in one variant and not another. Portion weights are 25 g / 50 g / 100 g and must read as visibly increasing at a 120-160 px thumbnail size. No weight, number or label may appear in the image itself.","TürKomp — Ulusal Gıda Kompozisyon Veri Tabanı","06.02.0009",,,,,,,"missing","","TÜBER 2022 Ek 2.3.1 — Besinlerin standart porsiyonlarının enerji ve besin ögesi içerikleri","Beyaz ekmek","https://hsgm.saglik.gov.tr/depo/birimler/saglikli-beslenme-ve-hareketli-hayat-db/Dokumanlar/Rehberler/Turkiye_Beslenme_Rehber_TUBER_2022_min.pdf","TÜBER 2022 (baskı tarihi 2023-08-08)","Ek 2.3.1 (s.283-284)","https://turkomp.tarimorman.gov.tr/food-ekmek-beyaz-126","2026-08-18T20:30:00Z",,,"needs_review","regular = the published TÜBER Ek 2.3.1 standard portion for ""Beyaz ekmek"" (50 g). | small = APP-DERIVED as 0.5x the published unit weight (portion policy portion-policy-v2, category bread). Discrete foods are counted in units, not scaled by a factor. This is a product reference size, NOT published by TÜBER. | large = APP-DERIVED as 2.0x the published unit weight (portion policy portion-policy-v2, category bread). Discrete foods are counted in units, not scaled by a factor. This is a product reference size, NOT published by TÜBER. | Composition is the published TürKomp per-100 g record 06.02.0009; no scaling applied."
,"Ekmek, beyaz",,"ekmek-beyaz",,"regular","50.0",,"food-portions/ekmek-beyaz/ekmek-beyaz--regular--50g.webp","Photorealistic overhead food reference photograph of Ekmek, beyaz, representing the REGULAR controlled portion of 50 grams. Served on the exact same matte white plate used across the three portion variants. Fixed 85-degree overhead camera, fixed camera distance, neutral light stone tabletop, soft diffused daylight, natural appetizing food color, realistic household serving, entire plate visible, centered composition, no utensils, no hands, no napkin, no packaging, no logo, no text, no watermark, no decorative garnish unless part of the canonical recipe, no dramatic restaurant styling, no hard shadows. Only the amount of food should differ between portion variants. Square 1:1 composition, sRGB, production-quality mobile nutrition tracking reference image.","All three variants of Ekmek, beyaz are the same scene, re-shot with a different amount of food. Identical across small/regular/large: the matte white plate and its diameter, the 85-degree overhead camera angle, the camera distance, the neutral light stone tabletop, the soft diffused daylight, the white balance, and the framing. The plate diameter is identical in all three renders; only the area, height and realistic volume of the food change. The food keeps the same color, cut and cooking state. Nothing is added or removed between variants — no sauce, oil, herb or side item appears in one variant and not another. Portion weights are 25 g / 50 g / 100 g and must read as visibly increasing at a 120-160 px thumbnail size. No weight, number or label may appear in the image itself.","TürKomp — Ulusal Gıda Kompozisyon Veri Tabanı","06.02.0009",,,,,,,"missing","","TÜBER 2022 Ek 2.3.1 — Besinlerin standart porsiyonlarının enerji ve besin ögesi içerikleri","Beyaz ekmek","https://hsgm.saglik.gov.tr/depo/birimler/saglikli-beslenme-ve-hareketli-hayat-db/Dokumanlar/Rehberler/Turkiye_Beslenme_Rehber_TUBER_2022_min.pdf","TÜBER 2022 (baskı tarihi 2023-08-08)","Ek 2.3.1 (s.283-284)","https://turkomp.tarimorman.gov.tr/food-ekmek-beyaz-126","2026-08-18T20:30:00Z",,,"needs_review","regular = the published TÜBER Ek 2.3.1 standard portion for ""Beyaz ekmek"" (50 g). | small = APP-DERIVED as 0.5x the published unit weight (portion policy portion-policy-v2, category bread). Discrete foods are counted in units, not scaled by a factor. This is a product reference size, NOT published by TÜBER. | large = APP-DERIVED as 2.0x the published unit weight (portion policy portion-policy-v2, category bread). Discrete foods are counted in units, not scaled by a factor. This is a product reference size, NOT published by TÜBER. | Composition is the published TürKomp per-100 g record 06.02.0009; no scaling applied."
,"Ekmek, beyaz",,"ekmek-beyaz",,"large","100.0",,"food-portions/ekmek-beyaz/ekmek-beyaz--large--100g.webp","Photorealistic overhead food reference photograph of Ekmek, beyaz, representing the LARGE controlled portion of 100 grams. Served on the exact same matte white plate used across the three portion variants. Fixed 85-degree overhead camera, fixed camera distance, neutral light stone tabletop, soft diffused daylight, natural appetizing food color, realistic household serving, entire plate visible, centered composition, no utensils, no hands, no napkin, no packaging, no logo, no text, no watermark, no decorative garnish unless part of the canonical recipe, no dramatic restaurant styling, no hard shadows. Only the amount of food should differ between portion variants. Square 1:1 composition, sRGB, production-quality mobile nutrition tracking reference image.","All three variants of Ekmek, beyaz are the same scene, re-shot with a different amount of food. Identical across small/regular/large: the matte white plate and its diameter, the 85-degree overhead camera angle, the camera distance, the neutral light stone tabletop, the soft diffused daylight, the white balance, and the framing. The plate diameter is identical in all three renders; only the area, height and realistic volume of the food change. The food keeps the same color, cut and cooking state. Nothing is added or removed between variants — no sauce, oil, herb or side item appears in one variant and not another. Portion weights are 25 g / 50 g / 100 g and must read as visibly increasing at a 120-160 px thumbnail size. No weight, number or label may appear in the image itself.","TürKomp — Ulusal Gıda Kompozisyon Veri Tabanı","06.02.0009",,,,,,,"missing","","TÜBER 2022 Ek 2.3.1 — Besinlerin standart porsiyonlarının enerji ve besin ögesi içerikleri","Beyaz ekmek","https://hsgm.saglik.gov.tr/depo/birimler/saglikli-beslenme-ve-hareketli-hayat-db/Dokumanlar/Rehberler/Turkiye_Beslenme_Rehber_TUBER_2022_min.pdf","TÜBER 2022 (baskı tarihi 2023-08-08)","Ek 2.3.1 (s.283-284)","https://turkomp.tarimorman.gov.tr/food-ekmek-beyaz-126","2026-08-18T20:30:00Z",,,"needs_review","regular = the published TÜBER Ek 2.3.1 standard portion for ""Beyaz ekmek"" (50 g). | small = APP-DERIVED as 0.5x the published unit weight (portion policy portion-policy-v2, category bread). Discrete foods are counted in units, not scaled by a factor. This is a product reference size, NOT published by TÜBER. | large = APP-DERIVED as 2.0x the published unit weight (portion policy portion-policy-v2, category bread). Discrete foods are counted in units, not scaled by a factor. This is a product reference size, NOT published by TÜBER. | Composition is the published TürKomp per-100 g record 06.02.0009; no scaling applied."
,"Domates, sofralık",,"domates-sofralik",,"small","100.0",,"food-portions/domates-sofralik/domates-sofralik--small--100g.webp","Photorealistic overhead food reference photograph of Domates, sofralık, representing the SMALL controlled portion of 100 grams. Served on the exact same matte white plate used across the three portion variants. Fixed 85-degree overhead camera, fixed camera distance, neutral light stone tabletop, soft diffused daylight, natural appetizing food color, realistic household serving, entire plate visible, centered composition, no utensils, no hands, no napkin, no packaging, no logo, no text, no watermark, no decorative garnish unless part of the canonical recipe, no dramatic restaurant styling, no hard shadows. Only the amount of food should differ between portion variants. Square 1:1 composition, sRGB, production-quality mobile nutrition tracking reference image.","All three variants of Domates, sofralık are the same scene, re-shot with a different amount of food. Identical across small/regular/large: the matte white plate and its diameter, the 85-degree overhead camera angle, the camera distance, the neutral light stone tabletop, the soft diffused daylight, the white balance, and the framing. The plate diameter is identical in all three renders; only the area, height and realistic volume of the food change. The food keeps the same color, cut and cooking state. Nothing is added or removed between variants — no sauce, oil, herb or side item appears in one variant and not another. Portion weights are 100 g / 150 g / 230 g and must read as visibly increasing at a 120-160 px thumbnail size. No weight, number or label may appear in the image itself.","TürKomp — Ulusal Gıda Kompozisyon Veri Tabanı","08.01.0015",,,,,,,"missing","","TÜBER 2022 Ek 2.3.1 — Besinlerin standart porsiyonlarının enerji ve besin ögesi içerikleri","Domates","https://hsgm.saglik.gov.tr/depo/birimler/saglikli-beslenme-ve-hareketli-hayat-db/Dokumanlar/Rehberler/Turkiye_Beslenme_Rehber_TUBER_2022_min.pdf","TÜBER 2022 (baskı tarihi 2023-08-08)","Ek 2.3.1 (s.283-284)","https://turkomp.tarimorman.gov.tr/food-domates-sofralik-168","2026-08-18T20:30:00Z",,,"needs_review","regular = the published TÜBER Ek 2.3.1 standard portion for ""Domates"" (150 g). | small = APP-DERIVED from regular using portion policy portion-policy-v2 (category vegetable_raw), rounded to 10 g steps. This is a product reference size, NOT a value published by TÜBER. | large = APP-DERIVED from regular using portion policy portion-policy-v2 (category vegetable_raw), rounded to 10 g steps. This is a product reference size, NOT a value published by TÜBER. | Composition is the published TürKomp per-100 g record 08.01.0015; no scaling applied."
,"Domates, sofralık",,"domates-sofralik",,"regular","150.0",,"food-portions/domates-sofralik/domates-sofralik--regular--150g.webp","Photorealistic overhead food reference photograph of Domates, sofralık, representing the REGULAR controlled portion of 150 grams. Served on the exact same matte white plate used across the three portion variants. Fixed 85-degree overhead camera, fixed camera distance, neutral light stone tabletop, soft diffused daylight, natural appetizing food color, realistic household serving, entire plate visible, centered composition, no utensils, no hands, no napkin, no packaging, no logo, no text, no watermark, no decorative garnish unless part of the canonical recipe, no dramatic restaurant styling, no hard shadows. Only the amount of food should differ between portion variants. Square 1:1 composition, sRGB, production-quality mobile nutrition tracking reference image.","All three variants of Domates, sofralık are the same scene, re-shot with a different amount of food. Identical across small/regular/large: the matte white plate and its diameter, the 85-degree overhead camera angle, the camera distance, the neutral light stone tabletop, the soft diffused daylight, the white balance, and the framing. The plate diameter is identical in all three renders; only the area, height and realistic volume of the food change. The food keeps the same color, cut and cooking state. Nothing is added or removed between variants — no sauce, oil, herb or side item appears in one variant and not another. Portion weights are 100 g / 150 g / 230 g and must read as visibly increasing at a 120-160 px thumbnail size. No weight, number or label may appear in the image itself.","TürKomp — Ulusal Gıda Kompozisyon Veri Tabanı","08.01.0015",,,,,,,"missing","","TÜBER 2022 Ek 2.3.1 — Besinlerin standart porsiyonlarının enerji ve besin ögesi içerikleri","Domates","https://hsgm.saglik.gov.tr/depo/birimler/saglikli-beslenme-ve-hareketli-hayat-db/Dokumanlar/Rehberler/Turkiye_Beslenme_Rehber_TUBER_2022_min.pdf","TÜBER 2022 (baskı tarihi 2023-08-08)","Ek 2.3.1 (s.283-284)","https://turkomp.tarimorman.gov.tr/food-domates-sofralik-168","2026-08-18T20:30:00Z",,,"needs_review","regular = the published TÜBER Ek 2.3.1 standard portion for ""Domates"" (150 g). | small = APP-DERIVED from regular using portion policy portion-policy-v2 (category vegetable_raw), rounded to 10 g steps. This is a product reference size, NOT a value published by TÜBER. | large = APP-DERIVED from regular using portion policy portion-policy-v2 (category vegetable_raw), rounded to 10 g steps. This is a product reference size, NOT a value published by TÜBER. | Composition is the published TürKomp per-100 g record 08.01.0015; no scaling applied."
,"Domates, sofralık",,"domates-sofralik",,"large","230.0",,"food-portions/domates-sofralik/domates-sofralik--large--230g.webp","Photorealistic overhead food reference photograph of Domates, sofralık, representing the LARGE controlled portion of 230 grams. Served on the exact same matte white plate used across the three portion variants. Fixed 85-degree overhead camera, fixed camera distance, neutral light stone tabletop, soft diffused daylight, natural appetizing food color, realistic household serving, entire plate visible, centered composition, no utensils, no hands, no napkin, no packaging, no logo, no text, no watermark, no decorative garnish unless part of the canonical recipe, no dramatic restaurant styling, no hard shadows. Only the amount of food should differ between portion variants. Square 1:1 composition, sRGB, production-quality mobile nutrition tracking reference image.","All three variants of Domates, sofralık are the same scene, re-shot with a different amount of food. Identical across small/regular/large: the matte white plate and its diameter, the 85-degree overhead camera angle, the camera distance, the neutral light stone tabletop, the soft diffused daylight, the white balance, and the framing. The plate diameter is identical in all three renders; only the area, height and realistic volume of the food change. The food keeps the same color, cut and cooking state. Nothing is added or removed between variants — no sauce, oil, herb or side item appears in one variant and not another. Portion weights are 100 g / 150 g / 230 g and must read as visibly increasing at a 120-160 px thumbnail size. No weight, number or label may appear in the image itself.","TürKomp — Ulusal Gıda Kompozisyon Veri Tabanı","08.01.0015",,,,,,,"missing","","TÜBER 2022 Ek 2.3.1 — Besinlerin standart porsiyonlarının enerji ve besin ögesi içerikleri","Domates","https://hsgm.saglik.gov.tr/depo/birimler/saglikli-beslenme-ve-hareketli-hayat-db/Dokumanlar/Rehberler/Turkiye_Beslenme_Rehber_TUBER_2022_min.pdf","TÜBER 2022 (baskı tarihi 2023-08-08)","Ek 2.3.1 (s.283-284)","https://turkomp.tarimorman.gov.tr/food-domates-sofralik-168","2026-08-18T20:30:00Z",,,"needs_review","regular = the published TÜBER Ek 2.3.1 standard portion for ""Domates"" (150 g). | small = APP-DERIVED from regular using portion policy portion-policy-v2 (category vegetable_raw), rounded to 10 g steps. This is a product reference size, NOT a value published by TÜBER. | large = APP-DERIVED from regular using portion policy portion-policy-v2 (category vegetable_raw), rounded to 10 g steps. This is a product reference size, NOT a value published by TÜBER. | Composition is the published TürKomp per-100 g record 08.01.0015; no scaling applied."
,"Havuç, siyah",,"havuc-siyah",,"small","100.0",,"food-portions/havuc-siyah/havuc-siyah--small--100g.webp","Photorealistic overhead food reference photograph of Havuç, siyah, representing the SMALL controlled portion of 100 grams. Served on the exact same matte white plate used across the three portion variants. Fixed 85-degree overhead camera, fixed camera distance, neutral light stone tabletop, soft diffused daylight, natural appetizing food color, realistic household serving, entire plate visible, centered composition, no utensils, no hands, no napkin, no packaging, no logo, no text, no watermark, no decorative garnish unless part of the canonical recipe, no dramatic restaurant styling, no hard shadows. Only the amount of food should differ between portion variants. Square 1:1 composition, sRGB, production-quality mobile nutrition tracking reference image.","All three variants of Havuç, siyah are the same scene, re-shot with a different amount of food. Identical across small/regular/large: the matte white plate and its diameter, the 85-degree overhead camera angle, the camera distance, the neutral light stone tabletop, the soft diffused daylight, the white balance, and the framing. The plate diameter is identical in all three renders; only the area, height and realistic volume of the food change. The food keeps the same color, cut and cooking state. Nothing is added or removed between variants — no sauce, oil, herb or side item appears in one variant and not another. Portion weights are 100 g / 150 g / 230 g and must read as visibly increasing at a 120-160 px thumbnail size. No weight, number or label may appear in the image itself.","TürKomp — Ulusal Gıda Kompozisyon Veri Tabanı","08.01.0019",,,,,,,"missing","","TÜBER 2022 Ek 2.3.1 — Besinlerin standart porsiyonlarının enerji ve besin ögesi içerikleri","Havuç","https://hsgm.saglik.gov.tr/depo/birimler/saglikli-beslenme-ve-hareketli-hayat-db/Dokumanlar/Rehberler/Turkiye_Beslenme_Rehber_TUBER_2022_min.pdf","TÜBER 2022 (baskı tarihi 2023-08-08)","Ek 2.3.1 (s.283-284)","https://turkomp.tarimorman.gov.tr/food-havuc-siyah-259","2026-08-18T20:30:00Z",,,"needs_review","regular = the published TÜBER Ek 2.3.1 standard portion for ""Havuç"" (150 g). | small = APP-DERIVED from regular using portion policy portion-policy-v2 (category vegetable_raw), rounded to 10 g steps. This is a product reference size, NOT a value published by TÜBER. | large = APP-DERIVED from regular using portion policy portion-policy-v2 (category vegetable_raw), rounded to 10 g steps. This is a product reference size, NOT a value published by TÜBER. | Composition is the published TürKomp per-100 g record 08.01.0019; no scaling applied."
,"Havuç, siyah",,"havuc-siyah",,"regular","150.0",,"food-portions/havuc-siyah/havuc-siyah--regular--150g.webp","Photorealistic overhead food reference photograph of Havuç, siyah, representing the REGULAR controlled portion of 150 grams. Served on the exact same matte white plate used across the three portion variants. Fixed 85-degree overhead camera, fixed camera distance, neutral light stone tabletop, soft diffused daylight, natural appetizing food color, realistic household serving, entire plate visible, centered composition, no utensils, no hands, no napkin, no packaging, no logo, no text, no watermark, no decorative garnish unless part of the canonical recipe, no dramatic restaurant styling, no hard shadows. Only the amount of food should differ between portion variants. Square 1:1 composition, sRGB, production-quality mobile nutrition tracking reference image.","All three variants of Havuç, siyah are the same scene, re-shot with a different amount of food. Identical across small/regular/large: the matte white plate and its diameter, the 85-degree overhead camera angle, the camera distance, the neutral light stone tabletop, the soft diffused daylight, the white balance, and the framing. The plate diameter is identical in all three renders; only the area, height and realistic volume of the food change. The food keeps the same color, cut and cooking state. Nothing is added or removed between variants — no sauce, oil, herb or side item appears in one variant and not another. Portion weights are 100 g / 150 g / 230 g and must read as visibly increasing at a 120-160 px thumbnail size. No weight, number or label may appear in the image itself.","TürKomp — Ulusal Gıda Kompozisyon Veri Tabanı","08.01.0019",,,,,,,"missing","","TÜBER 2022 Ek 2.3.1 — Besinlerin standart porsiyonlarının enerji ve besin ögesi içerikleri","Havuç","https://hsgm.saglik.gov.tr/depo/birimler/saglikli-beslenme-ve-hareketli-hayat-db/Dokumanlar/Rehberler/Turkiye_Beslenme_Rehber_TUBER_2022_min.pdf","TÜBER 2022 (baskı tarihi 2023-08-08)","Ek 2.3.1 (s.283-284)","https://turkomp.tarimorman.gov.tr/food-havuc-siyah-259","2026-08-18T20:30:00Z",,,"needs_review","regular = the published TÜBER Ek 2.3.1 standard portion for ""Havuç"" (150 g). | small = APP-DERIVED from regular using portion policy portion-policy-v2 (category vegetable_raw), rounded to 10 g steps. This is a product reference size, NOT a value published by TÜBER. | large = APP-DERIVED from regular using portion policy portion-policy-v2 (category vegetable_raw), rounded to 10 g steps. This is a product reference size, NOT a value published by TÜBER. | Composition is the published TürKomp per-100 g record 08.01.0019; no scaling applied."
,"Havuç, siyah",,"havuc-siyah",,"large","230.0",,"food-portions/havuc-siyah/havuc-siyah--large--230g.webp","Photorealistic overhead food reference photograph of Havuç, siyah, representing the LARGE controlled portion of 230 grams. Served on the exact same matte white plate used across the three portion variants. Fixed 85-degree overhead camera, fixed camera distance, neutral light stone tabletop, soft diffused daylight, natural appetizing food color, realistic household serving, entire plate visible, centered composition, no utensils, no hands, no napkin, no packaging, no logo, no text, no watermark, no decorative garnish unless part of the canonical recipe, no dramatic restaurant styling, no hard shadows. Only the amount of food should differ between portion variants. Square 1:1 composition, sRGB, production-quality mobile nutrition tracking reference image.","All three variants of Havuç, siyah are the same scene, re-shot with a different amount of food. Identical across small/regular/large: the matte white plate and its diameter, the 85-degree overhead camera angle, the camera distance, the neutral light stone tabletop, the soft diffused daylight, the white balance, and the framing. The plate diameter is identical in all three renders; only the area, height and realistic volume of the food change. The food keeps the same color, cut and cooking state. Nothing is added or removed between variants — no sauce, oil, herb or side item appears in one variant and not another. Portion weights are 100 g / 150 g / 230 g and must read as visibly increasing at a 120-160 px thumbnail size. No weight, number or label may appear in the image itself.","TürKomp — Ulusal Gıda Kompozisyon Veri Tabanı","08.01.0019",,,,,,,"missing","","TÜBER 2022 Ek 2.3.1 — Besinlerin standart porsiyonlarının enerji ve besin ögesi içerikleri","Havuç","https://hsgm.saglik.gov.tr/depo/birimler/saglikli-beslenme-ve-hareketli-hayat-db/Dokumanlar/Rehberler/Turkiye_Beslenme_Rehber_TUBER_2022_min.pdf","TÜBER 2022 (baskı tarihi 2023-08-08)","Ek 2.3.1 (s.283-284)","https://turkomp.tarimorman.gov.tr/food-havuc-siyah-259","2026-08-18T20:30:00Z",,,"needs_review","regular = the published TÜBER Ek 2.3.1 standard portion for ""Havuç"" (150 g). | small = APP-DERIVED from regular using portion policy portion-policy-v2 (category vegetable_raw), rounded to 10 g steps. This is a product reference size, NOT a value published by TÜBER. | large = APP-DERIVED from regular using portion policy portion-policy-v2 (category vegetable_raw), rounded to 10 g steps. This is a product reference size, NOT a value published by TÜBER. | Composition is the published TürKomp per-100 g record 08.01.0019; no scaling applied."
,"Havuç, turuncu",,"havuc-turuncu",,"small","100.0",,"food-portions/havuc-turuncu/havuc-turuncu--small--100g.webp","Photorealistic overhead food reference photograph of Havuç, turuncu, representing the SMALL controlled portion of 100 grams. Served on the exact same matte white plate used across the three portion variants. Fixed 85-degree overhead camera, fixed camera distance, neutral light stone tabletop, soft diffused daylight, natural appetizing food color, realistic household serving, entire plate visible, centered composition, no utensils, no hands, no napkin, no packaging, no logo, no text, no watermark, no decorative garnish unless part of the canonical recipe, no dramatic restaurant styling, no hard shadows. Only the amount of food should differ between portion variants. Square 1:1 composition, sRGB, production-quality mobile nutrition tracking reference image.","All three variants of Havuç, turuncu are the same scene, re-shot with a different amount of food. Identical across small/regular/large: the matte white plate and its diameter, the 85-degree overhead camera angle, the camera distance, the neutral light stone tabletop, the soft diffused daylight, the white balance, and the framing. The plate diameter is identical in all three renders; only the area, height and realistic volume of the food change. The food keeps the same color, cut and cooking state. Nothing is added or removed between variants — no sauce, oil, herb or side item appears in one variant and not another. Portion weights are 100 g / 150 g / 230 g and must read as visibly increasing at a 120-160 px thumbnail size. No weight, number or label may appear in the image itself.","TürKomp — Ulusal Gıda Kompozisyon Veri Tabanı","08.01.0020",,,,,,,"missing","","TÜBER 2022 Ek 2.3.1 — Besinlerin standart porsiyonlarının enerji ve besin ögesi içerikleri","Havuç","https://hsgm.saglik.gov.tr/depo/birimler/saglikli-beslenme-ve-hareketli-hayat-db/Dokumanlar/Rehberler/Turkiye_Beslenme_Rehber_TUBER_2022_min.pdf","TÜBER 2022 (baskı tarihi 2023-08-08)","Ek 2.3.1 (s.283-284)","https://turkomp.tarimorman.gov.tr/food-havuc-turuncu-258","2026-08-18T20:30:00Z",,,"needs_review","regular = the published TÜBER Ek 2.3.1 standard portion for ""Havuç"" (150 g). | small = APP-DERIVED from regular using portion policy portion-policy-v2 (category vegetable_raw), rounded to 10 g steps. This is a product reference size, NOT a value published by TÜBER. | large = APP-DERIVED from regular using portion policy portion-policy-v2 (category vegetable_raw), rounded to 10 g steps. This is a product reference size, NOT a value published by TÜBER. | Composition is the published TürKomp per-100 g record 08.01.0020; no scaling applied."
,"Havuç, turuncu",,"havuc-turuncu",,"regular","150.0",,"food-portions/havuc-turuncu/havuc-turuncu--regular--150g.webp","Photorealistic overhead food reference photograph of Havuç, turuncu, representing the REGULAR controlled portion of 150 grams. Served on the exact same matte white plate used across the three portion variants. Fixed 85-degree overhead camera, fixed camera distance, neutral light stone tabletop, soft diffused daylight, natural appetizing food color, realistic household serving, entire plate visible, centered composition, no utensils, no hands, no napkin, no packaging, no logo, no text, no watermark, no decorative garnish unless part of the canonical recipe, no dramatic restaurant styling, no hard shadows. Only the amount of food should differ between portion variants. Square 1:1 composition, sRGB, production-quality mobile nutrition tracking reference image.","All three variants of Havuç, turuncu are the same scene, re-shot with a different amount of food. Identical across small/regular/large: the matte white plate and its diameter, the 85-degree overhead camera angle, the camera distance, the neutral light stone tabletop, the soft diffused daylight, the white balance, and the framing. The plate diameter is identical in all three renders; only the area, height and realistic volume of the food change. The food keeps the same color, cut and cooking state. Nothing is added or removed between variants — no sauce, oil, herb or side item appears in one variant and not another. Portion weights are 100 g / 150 g / 230 g and must read as visibly increasing at a 120-160 px thumbnail size. No weight, number or label may appear in the image itself.","TürKomp — Ulusal Gıda Kompozisyon Veri Tabanı","08.01.0020",,,,,,,"missing","","TÜBER 2022 Ek 2.3.1 — Besinlerin standart porsiyonlarının enerji ve besin ögesi içerikleri","Havuç","https://hsgm.saglik.gov.tr/depo/birimler/saglikli-beslenme-ve-hareketli-hayat-db/Dokumanlar/Rehberler/Turkiye_Beslenme_Rehber_TUBER_2022_min.pdf","TÜBER 2022 (baskı tarihi 2023-08-08)","Ek 2.3.1 (s.283-284)","https://turkomp.tarimorman.gov.tr/food-havuc-turuncu-258","2026-08-18T20:30:00Z",,,"needs_review","regular = the published TÜBER Ek 2.3.1 standard portion for ""Havuç"" (150 g). | small = APP-DERIVED from regular using portion policy portion-policy-v2 (category vegetable_raw), rounded to 10 g steps. This is a product reference size, NOT a value published by TÜBER. | large = APP-DERIVED from regular using portion policy portion-policy-v2 (category vegetable_raw), rounded to 10 g steps. This is a product reference size, NOT a value published by TÜBER. | Composition is the published TürKomp per-100 g record 08.01.0020; no scaling applied."
,"Havuç, turuncu",,"havuc-turuncu",,"large","230.0",,"food-portions/havuc-turuncu/havuc-turuncu--large--230g.webp","Photorealistic overhead food reference photograph of Havuç, turuncu, representing the LARGE controlled portion of 230 grams. Served on the exact same matte white plate used across the three portion variants. Fixed 85-degree overhead camera, fixed camera distance, neutral light stone tabletop, soft diffused daylight, natural appetizing food color, realistic household serving, entire plate visible, centered composition, no utensils, no hands, no napkin, no packaging, no logo, no text, no watermark, no decorative garnish unless part of the canonical recipe, no dramatic restaurant styling, no hard shadows. Only the amount of food should differ between portion variants. Square 1:1 composition, sRGB, production-quality mobile nutrition tracking reference image.","All three variants of Havuç, turuncu are the same scene, re-shot with a different amount of food. Identical across small/regular/large: the matte white plate and its diameter, the 85-degree overhead camera angle, the camera distance, the neutral light stone tabletop, the soft diffused daylight, the white balance, and the framing. The plate diameter is identical in all three renders; only the area, height and realistic volume of the food change. The food keeps the same color, cut and cooking state. Nothing is added or removed between variants — no sauce, oil, herb or side item appears in one variant and not another. Portion weights are 100 g / 150 g / 230 g and must read as visibly increasing at a 120-160 px thumbnail size. No weight, number or label may appear in the image itself.","TürKomp — Ulusal Gıda Kompozisyon Veri Tabanı","08.01.0020",,,,,,,"missing","","TÜBER 2022 Ek 2.3.1 — Besinlerin standart porsiyonlarının enerji ve besin ögesi içerikleri","Havuç","https://hsgm.saglik.gov.tr/depo/birimler/saglikli-beslenme-ve-hareketli-hayat-db/Dokumanlar/Rehberler/Turkiye_Beslenme_Rehber_TUBER_2022_min.pdf","TÜBER 2022 (baskı tarihi 2023-08-08)","Ek 2.3.1 (s.283-284)","https://turkomp.tarimorman.gov.tr/food-havuc-turuncu-258","2026-08-18T20:30:00Z",,,"needs_review","regular = the published TÜBER Ek 2.3.1 standard portion for ""Havuç"" (150 g). | small = APP-DERIVED from regular using portion policy portion-policy-v2 (category vegetable_raw), rounded to 10 g steps. This is a product reference size, NOT a value published by TÜBER. | large = APP-DERIVED from regular using portion policy portion-policy-v2 (category vegetable_raw), rounded to 10 g steps. This is a product reference size, NOT a value published by TÜBER. | Composition is the published TürKomp per-100 g record 08.01.0020; no scaling applied."
,"Karpuz, çekirdekli",,"karpuz-cekirdekli",,"small","100.0",,"food-portions/karpuz-cekirdekli/karpuz-cekirdekli--small--100g.webp","Photorealistic overhead food reference photograph of Karpuz, çekirdekli, representing the SMALL controlled portion of 100 grams. Served on the exact same matte white plate used across the three portion variants. Fixed 85-degree overhead camera, fixed camera distance, neutral light stone tabletop, soft diffused daylight, natural appetizing food color, realistic household serving, entire plate visible, centered composition, no utensils, no hands, no napkin, no packaging, no logo, no text, no watermark, no decorative garnish unless part of the canonical recipe, no dramatic restaurant styling, no hard shadows. Only the amount of food should differ between portion variants. Square 1:1 composition, sRGB, production-quality mobile nutrition tracking reference image.","All three variants of Karpuz, çekirdekli are the same scene, re-shot with a different amount of food. Identical across small/regular/large: the matte white plate and its diameter, the 85-degree overhead camera angle, the camera distance, the neutral light stone tabletop, the soft diffused daylight, the white balance, and the framing. The plate diameter is identical in all three renders; only the area, height and realistic volume of the food change. The food keeps the same color, cut and cooking state. Nothing is added or removed between variants — no sauce, oil, herb or side item appears in one variant and not another. Portion weights are 100 g / 150 g / 230 g and must read as visibly increasing at a 120-160 px thumbnail size. No weight, number or label may appear in the image itself.","TürKomp — Ulusal Gıda Kompozisyon Veri Tabanı","08.01.0029",,,,,,,"missing","","TÜBER 2022 Ek 2.3.1 — Besinlerin standart porsiyonlarının enerji ve besin ögesi içerikleri","Karpuz","https://hsgm.saglik.gov.tr/depo/birimler/saglikli-beslenme-ve-hareketli-hayat-db/Dokumanlar/Rehberler/Turkiye_Beslenme_Rehber_TUBER_2022_min.pdf","TÜBER 2022 (baskı tarihi 2023-08-08)","Ek 2.3.1 (s.283-284)","https://turkomp.tarimorman.gov.tr/food-karpuz-cekirdekli-190","2026-08-18T20:30:00Z",,,"needs_review","regular = the published TÜBER Ek 2.3.1 standard portion for ""Karpuz"" (150 g). | small = APP-DERIVED from regular using portion policy portion-policy-v2 (category vegetable_raw), rounded to 10 g steps. This is a product reference size, NOT a value published by TÜBER. | large = APP-DERIVED from regular using portion policy portion-policy-v2 (category vegetable_raw), rounded to 10 g steps. This is a product reference size, NOT a value published by TÜBER. | Composition is the published TürKomp per-100 g record 08.01.0029; no scaling applied."
,"Karpuz, çekirdekli",,"karpuz-cekirdekli",,"regular","150.0",,"food-portions/karpuz-cekirdekli/karpuz-cekirdekli--regular--150g.webp","Photorealistic overhead food reference photograph of Karpuz, çekirdekli, representing the REGULAR controlled portion of 150 grams. Served on the exact same matte white plate used across the three portion variants. Fixed 85-degree overhead camera, fixed camera distance, neutral light stone tabletop, soft diffused daylight, natural appetizing food color, realistic household serving, entire plate visible, centered composition, no utensils, no hands, no napkin, no packaging, no logo, no text, no watermark, no decorative garnish unless part of the canonical recipe, no dramatic restaurant styling, no hard shadows. Only the amount of food should differ between portion variants. Square 1:1 composition, sRGB, production-quality mobile nutrition tracking reference image.","All three variants of Karpuz, çekirdekli are the same scene, re-shot with a different amount of food. Identical across small/regular/large: the matte white plate and its diameter, the 85-degree overhead camera angle, the camera distance, the neutral light stone tabletop, the soft diffused daylight, the white balance, and the framing. The plate diameter is identical in all three renders; only the area, height and realistic volume of the food change. The food keeps the same color, cut and cooking state. Nothing is added or removed between variants — no sauce, oil, herb or side item appears in one variant and not another. Portion weights are 100 g / 150 g / 230 g and must read as visibly increasing at a 120-160 px thumbnail size. No weight, number or label may appear in the image itself.","TürKomp — Ulusal Gıda Kompozisyon Veri Tabanı","08.01.0029",,,,,,,"missing","","TÜBER 2022 Ek 2.3.1 — Besinlerin standart porsiyonlarının enerji ve besin ögesi içerikleri","Karpuz","https://hsgm.saglik.gov.tr/depo/birimler/saglikli-beslenme-ve-hareketli-hayat-db/Dokumanlar/Rehberler/Turkiye_Beslenme_Rehber_TUBER_2022_min.pdf","TÜBER 2022 (baskı tarihi 2023-08-08)","Ek 2.3.1 (s.283-284)","https://turkomp.tarimorman.gov.tr/food-karpuz-cekirdekli-190","2026-08-18T20:30:00Z",,,"needs_review","regular = the published TÜBER Ek 2.3.1 standard portion for ""Karpuz"" (150 g). | small = APP-DERIVED from regular using portion policy portion-policy-v2 (category vegetable_raw), rounded to 10 g steps. This is a product reference size, NOT a value published by TÜBER. | large = APP-DERIVED from regular using portion policy portion-policy-v2 (category vegetable_raw), rounded to 10 g steps. This is a product reference size, NOT a value published by TÜBER. | Composition is the published TürKomp per-100 g record 08.01.0029; no scaling applied."
,"Karpuz, çekirdekli",,"karpuz-cekirdekli",,"large","230.0",,"food-portions/karpuz-cekirdekli/karpuz-cekirdekli--large--230g.webp","Photorealistic overhead food reference photograph of Karpuz, çekirdekli, representing the LARGE controlled portion of 230 grams. Served on the exact same matte white plate used across the three portion variants. Fixed 85-degree overhead camera, fixed camera distance, neutral light stone tabletop, soft diffused daylight, natural appetizing food color, realistic household serving, entire plate visible, centered composition, no utensils, no hands, no napkin, no packaging, no logo, no text, no watermark, no decorative garnish unless part of the canonical recipe, no dramatic restaurant styling, no hard shadows. Only the amount of food should differ between portion variants. Square 1:1 composition, sRGB, production-quality mobile nutrition tracking reference image.","All three variants of Karpuz, çekirdekli are the same scene, re-shot with a different amount of food. Identical across small/regular/large: the matte white plate and its diameter, the 85-degree overhead camera angle, the camera distance, the neutral light stone tabletop, the soft diffused daylight, the white balance, and the framing. The plate diameter is identical in all three renders; only the area, height and realistic volume of the food change. The food keeps the same color, cut and cooking state. Nothing is added or removed between variants — no sauce, oil, herb or side item appears in one variant and not another. Portion weights are 100 g / 150 g / 230 g and must read as visibly increasing at a 120-160 px thumbnail size. No weight, number or label may appear in the image itself.","TürKomp — Ulusal Gıda Kompozisyon Veri Tabanı","08.01.0029",,,,,,,"missing","","TÜBER 2022 Ek 2.3.1 — Besinlerin standart porsiyonlarının enerji ve besin ögesi içerikleri","Karpuz","https://hsgm.saglik.gov.tr/depo/birimler/saglikli-beslenme-ve-hareketli-hayat-db/Dokumanlar/Rehberler/Turkiye_Beslenme_Rehber_TUBER_2022_min.pdf","TÜBER 2022 (baskı tarihi 2023-08-08)","Ek 2.3.1 (s.283-284)","https://turkomp.tarimorman.gov.tr/food-karpuz-cekirdekli-190","2026-08-18T20:30:00Z",,,"needs_review","regular = the published TÜBER Ek 2.3.1 standard portion for ""Karpuz"" (150 g). | small = APP-DERIVED from regular using portion policy portion-policy-v2 (category vegetable_raw), rounded to 10 g steps. This is a product reference size, NOT a value published by TÜBER. | large = APP-DERIVED from regular using portion policy portion-policy-v2 (category vegetable_raw), rounded to 10 g steps. This is a product reference size, NOT a value published by TÜBER. | Composition is the published TürKomp per-100 g record 08.01.0029; no scaling applied."
,"Karpuz, çekirdeksiz",,"karpuz-cekirdeksiz",,"small","100.0",,"food-portions/karpuz-cekirdeksiz/karpuz-cekirdeksiz--small--100g.webp","Photorealistic overhead food reference photograph of Karpuz, çekirdeksiz, representing the SMALL controlled portion of 100 grams. Served on the exact same matte white plate used across the three portion variants. Fixed 85-degree overhead camera, fixed camera distance, neutral light stone tabletop, soft diffused daylight, natural appetizing food color, realistic household serving, entire plate visible, centered composition, no utensils, no hands, no napkin, no packaging, no logo, no text, no watermark, no decorative garnish unless part of the canonical recipe, no dramatic restaurant styling, no hard shadows. Only the amount of food should differ between portion variants. Square 1:1 composition, sRGB, production-quality mobile nutrition tracking reference image.","All three variants of Karpuz, çekirdeksiz are the same scene, re-shot with a different amount of food. Identical across small/regular/large: the matte white plate and its diameter, the 85-degree overhead camera angle, the camera distance, the neutral light stone tabletop, the soft diffused daylight, the white balance, and the framing. The plate diameter is identical in all three renders; only the area, height and realistic volume of the food change. The food keeps the same color, cut and cooking state. Nothing is added or removed between variants — no sauce, oil, herb or side item appears in one variant and not another. Portion weights are 100 g / 150 g / 230 g and must read as visibly increasing at a 120-160 px thumbnail size. No weight, number or label may appear in the image itself.","TürKomp — Ulusal Gıda Kompozisyon Veri Tabanı","08.01.0030",,,,,,,"missing","","TÜBER 2022 Ek 2.3.1 — Besinlerin standart porsiyonlarının enerji ve besin ögesi içerikleri","Karpuz","https://hsgm.saglik.gov.tr/depo/birimler/saglikli-beslenme-ve-hareketli-hayat-db/Dokumanlar/Rehberler/Turkiye_Beslenme_Rehber_TUBER_2022_min.pdf","TÜBER 2022 (baskı tarihi 2023-08-08)","Ek 2.3.1 (s.283-284)","https://turkomp.tarimorman.gov.tr/food-karpuz-cekirdeksiz-191","2026-08-18T20:30:00Z",,,"needs_review","regular = the published TÜBER Ek 2.3.1 standard portion for ""Karpuz"" (150 g). | small = APP-DERIVED from regular using portion policy portion-policy-v2 (category vegetable_raw), rounded to 10 g steps. This is a product reference size, NOT a value published by TÜBER. | large = APP-DERIVED from regular using portion policy portion-policy-v2 (category vegetable_raw), rounded to 10 g steps. This is a product reference size, NOT a value published by TÜBER. | Composition is the published TürKomp per-100 g record 08.01.0030; no scaling applied."
,"Karpuz, çekirdeksiz",,"karpuz-cekirdeksiz",,"regular","150.0",,"food-portions/karpuz-cekirdeksiz/karpuz-cekirdeksiz--regular--150g.webp","Photorealistic overhead food reference photograph of Karpuz, çekirdeksiz, representing the REGULAR controlled portion of 150 grams. Served on the exact same matte white plate used across the three portion variants. Fixed 85-degree overhead camera, fixed camera distance, neutral light stone tabletop, soft diffused daylight, natural appetizing food color, realistic household serving, entire plate visible, centered composition, no utensils, no hands, no napkin, no packaging, no logo, no text, no watermark, no decorative garnish unless part of the canonical recipe, no dramatic restaurant styling, no hard shadows. Only the amount of food should differ between portion variants. Square 1:1 composition, sRGB, production-quality mobile nutrition tracking reference image.","All three variants of Karpuz, çekirdeksiz are the same scene, re-shot with a different amount of food. Identical across small/regular/large: the matte white plate and its diameter, the 85-degree overhead camera angle, the camera distance, the neutral light stone tabletop, the soft diffused daylight, the white balance, and the framing. The plate diameter is identical in all three renders; only the area, height and realistic volume of the food change. The food keeps the same color, cut and cooking state. Nothing is added or removed between variants — no sauce, oil, herb or side item appears in one variant and not another. Portion weights are 100 g / 150 g / 230 g and must read as visibly increasing at a 120-160 px thumbnail size. No weight, number or label may appear in the image itself.","TürKomp — Ulusal Gıda Kompozisyon Veri Tabanı","08.01.0030",,,,,,,"missing","","TÜBER 2022 Ek 2.3.1 — Besinlerin standart porsiyonlarının enerji ve besin ögesi içerikleri","Karpuz","https://hsgm.saglik.gov.tr/depo/birimler/saglikli-beslenme-ve-hareketli-hayat-db/Dokumanlar/Rehberler/Turkiye_Beslenme_Rehber_TUBER_2022_min.pdf","TÜBER 2022 (baskı tarihi 2023-08-08)","Ek 2.3.1 (s.283-284)","https://turkomp.tarimorman.gov.tr/food-karpuz-cekirdeksiz-191","2026-08-18T20:30:00Z",,,"needs_review","regular = the published TÜBER Ek 2.3.1 standard portion for ""Karpuz"" (150 g). | small = APP-DERIVED from regular using portion policy portion-policy-v2 (category vegetable_raw), rounded to 10 g steps. This is a product reference size, NOT a value published by TÜBER. | large = APP-DERIVED from regular using portion policy portion-policy-v2 (category vegetable_raw), rounded to 10 g steps. This is a product reference size, NOT a value published by TÜBER. | Composition is the published TürKomp per-100 g record 08.01.0030; no scaling applied."
,"Karpuz, çekirdeksiz",,"karpuz-cekirdeksiz",,"large","230.0",,"food-portions/karpuz-cekirdeksiz/karpuz-cekirdeksiz--large--230g.webp","Photorealistic overhead food reference photograph of Karpuz, çekirdeksiz, representing the LARGE controlled portion of 230 grams. Served on the exact same matte white plate used across the three portion variants. Fixed 85-degree overhead camera, fixed camera distance, neutral light stone tabletop, soft diffused daylight, natural appetizing food color, realistic household serving, entire plate visible, centered composition, no utensils, no hands, no napkin, no packaging, no logo, no text, no watermark, no decorative garnish unless part of the canonical recipe, no dramatic restaurant styling, no hard shadows. Only the amount of food should differ between portion variants. Square 1:1 composition, sRGB, production-quality mobile nutrition tracking reference image.","All three variants of Karpuz, çekirdeksiz are the same scene, re-shot with a different amount of food. Identical across small/regular/large: the matte white plate and its diameter, the 85-degree overhead camera angle, the camera distance, the neutral light stone tabletop, the soft diffused daylight, the white balance, and the framing. The plate diameter is identical in all three renders; only the area, height and realistic volume of the food change. The food keeps the same color, cut and cooking state. Nothing is added or removed between variants — no sauce, oil, herb or side item appears in one variant and not another. Portion weights are 100 g / 150 g / 230 g and must read as visibly increasing at a 120-160 px thumbnail size. No weight, number or label may appear in the image itself.","TürKomp — Ulusal Gıda Kompozisyon Veri Tabanı","08.01.0030",,,,,,,"missing","","TÜBER 2022 Ek 2.3.1 — Besinlerin standart porsiyonlarının enerji ve besin ögesi içerikleri","Karpuz","https://hsgm.saglik.gov.tr/depo/birimler/saglikli-beslenme-ve-hareketli-hayat-db/Dokumanlar/Rehberler/Turkiye_Beslenme_Rehber_TUBER_2022_min.pdf","TÜBER 2022 (baskı tarihi 2023-08-08)","Ek 2.3.1 (s.283-284)","https://turkomp.tarimorman.gov.tr/food-karpuz-cekirdeksiz-191","2026-08-18T20:30:00Z",,,"needs_review","regular = the published TÜBER Ek 2.3.1 standard portion for ""Karpuz"" (150 g). | small = APP-DERIVED from regular using portion policy portion-policy-v2 (category vegetable_raw), rounded to 10 g steps. This is a product reference size, NOT a value published by TÜBER. | large = APP-DERIVED from regular using portion policy portion-policy-v2 (category vegetable_raw), rounded to 10 g steps. This is a product reference size, NOT a value published by TÜBER. | Composition is the published TürKomp per-100 g record 08.01.0030; no scaling applied."
,"Kavun, kışlık Kırkağaç",,"kavun-kislik-kirkagac",,"small","100.0",,"food-portions/kavun-kislik-kirkagac/kavun-kislik-kirkagac--small--100g.webp","Photorealistic overhead food reference photograph of Kavun, kışlık Kırkağaç, representing the SMALL controlled portion of 100 grams. Served on the exact same matte white plate used across the three portion variants. Fixed 85-degree overhead camera, fixed camera distance, neutral light stone tabletop, soft diffused daylight, natural appetizing food color, realistic household serving, entire plate visible, centered composition, no utensils, no hands, no napkin, no packaging, no logo, no text, no watermark, no decorative garnish unless part of the canonical recipe, no dramatic restaurant styling, no hard shadows. Only the amount of food should differ between portion variants. Square 1:1 composition, sRGB, production-quality mobile nutrition tracking reference image.","All three variants of Kavun, kışlık Kırkağaç are the same scene, re-shot with a different amount of food. Identical across small/regular/large: the matte white plate and its diameter, the 85-degree overhead camera angle, the camera distance, the neutral light stone tabletop, the soft diffused daylight, the white balance, and the framing. The plate diameter is identical in all three renders; only the area, height and realistic volume of the food change. The food keeps the same color, cut and cooking state. Nothing is added or removed between variants — no sauce, oil, herb or side item appears in one variant and not another. Portion weights are 100 g / 150 g / 230 g and must read as visibly increasing at a 120-160 px thumbnail size. No weight, number or label may appear in the image itself.","TürKomp — Ulusal Gıda Kompozisyon Veri Tabanı","08.01.0032",,,,,,,"missing","","TÜBER 2022 Ek 2.3.1 — Besinlerin standart porsiyonlarının enerji ve besin ögesi içerikleri","Kavun","https://hsgm.saglik.gov.tr/depo/birimler/saglikli-beslenme-ve-hareketli-hayat-db/Dokumanlar/Rehberler/Turkiye_Beslenme_Rehber_TUBER_2022_min.pdf","TÜBER 2022 (baskı tarihi 2023-08-08)","Ek 2.3.1 (s.283-284)","https://turkomp.tarimorman.gov.tr/food-kavun-kislik-kirkagac-196","2026-08-18T20:30:00Z",,,"needs_review","regular = the published TÜBER Ek 2.3.1 standard portion for ""Kavun"" (150 g). | small = APP-DERIVED from regular using portion policy portion-policy-v2 (category vegetable_raw), rounded to 10 g steps. This is a product reference size, NOT a value published by TÜBER. | large = APP-DERIVED from regular using portion policy portion-policy-v2 (category vegetable_raw), rounded to 10 g steps. This is a product reference size, NOT a value published by TÜBER. | Composition is the published TürKomp per-100 g record 08.01.0032; no scaling applied."
,"Kavun, kışlık Kırkağaç",,"kavun-kislik-kirkagac",,"regular","150.0",,"food-portions/kavun-kislik-kirkagac/kavun-kislik-kirkagac--regular--150g.webp","Photorealistic overhead food reference photograph of Kavun, kışlık Kırkağaç, representing the REGULAR controlled portion of 150 grams. Served on the exact same matte white plate used across the three portion variants. Fixed 85-degree overhead camera, fixed camera distance, neutral light stone tabletop, soft diffused daylight, natural appetizing food color, realistic household serving, entire plate visible, centered composition, no utensils, no hands, no napkin, no packaging, no logo, no text, no watermark, no decorative garnish unless part of the canonical recipe, no dramatic restaurant styling, no hard shadows. Only the amount of food should differ between portion variants. Square 1:1 composition, sRGB, production-quality mobile nutrition tracking reference image.","All three variants of Kavun, kışlık Kırkağaç are the same scene, re-shot with a different amount of food. Identical across small/regular/large: the matte white plate and its diameter, the 85-degree overhead camera angle, the camera distance, the neutral light stone tabletop, the soft diffused daylight, the white balance, and the framing. The plate diameter is identical in all three renders; only the area, height and realistic volume of the food change. The food keeps the same color, cut and cooking state. Nothing is added or removed between variants — no sauce, oil, herb or side item appears in one variant and not another. Portion weights are 100 g / 150 g / 230 g and must read as visibly increasing at a 120-160 px thumbnail size. No weight, number or label may appear in the image itself.","TürKomp — Ulusal Gıda Kompozisyon Veri Tabanı","08.01.0032",,,,,,,"missing","","TÜBER 2022 Ek 2.3.1 — Besinlerin standart porsiyonlarının enerji ve besin ögesi içerikleri","Kavun","https://hsgm.saglik.gov.tr/depo/birimler/saglikli-beslenme-ve-hareketli-hayat-db/Dokumanlar/Rehberler/Turkiye_Beslenme_Rehber_TUBER_2022_min.pdf","TÜBER 2022 (baskı tarihi 2023-08-08)","Ek 2.3.1 (s.283-284)","https://turkomp.tarimorman.gov.tr/food-kavun-kislik-kirkagac-196","2026-08-18T20:30:00Z",,,"needs_review","regular = the published TÜBER Ek 2.3.1 standard portion for ""Kavun"" (150 g). | small = APP-DERIVED from regular using portion policy portion-policy-v2 (category vegetable_raw), rounded to 10 g steps. This is a product reference size, NOT a value published by TÜBER. | large = APP-DERIVED from regular using portion policy portion-policy-v2 (category vegetable_raw), rounded to 10 g steps. This is a product reference size, NOT a value published by TÜBER. | Composition is the published TürKomp per-100 g record 08.01.0032; no scaling applied."
,"Kavun, kışlık Kırkağaç",,"kavun-kislik-kirkagac",,"large","230.0",,"food-portions/kavun-kislik-kirkagac/kavun-kislik-kirkagac--large--230g.webp","Photorealistic overhead food reference photograph of Kavun, kışlık Kırkağaç, representing the LARGE controlled portion of 230 grams. Served on the exact same matte white plate used across the three portion variants. Fixed 85-degree overhead camera, fixed camera distance, neutral light stone tabletop, soft diffused daylight, natural appetizing food color, realistic household serving, entire plate visible, centered composition, no utensils, no hands, no napkin, no packaging, no logo, no text, no watermark, no decorative garnish unless part of the canonical recipe, no dramatic restaurant styling, no hard shadows. Only the amount of food should differ between portion variants. Square 1:1 composition, sRGB, production-quality mobile nutrition tracking reference image.","All three variants of Kavun, kışlık Kırkağaç are the same scene, re-shot with a different amount of food. Identical across small/regular/large: the matte white plate and its diameter, the 85-degree overhead camera angle, the camera distance, the neutral light stone tabletop, the soft diffused daylight, the white balance, and the framing. The plate diameter is identical in all three renders; only the area, height and realistic volume of the food change. The food keeps the same color, cut and cooking state. Nothing is added or removed between variants — no sauce, oil, herb or side item appears in one variant and not another. Portion weights are 100 g / 150 g / 230 g and must read as visibly increasing at a 120-160 px thumbnail size. No weight, number or label may appear in the image itself.","TürKomp — Ulusal Gıda Kompozisyon Veri Tabanı","08.01.0032",,,,,,,"missing","","TÜBER 2022 Ek 2.3.1 — Besinlerin standart porsiyonlarının enerji ve besin ögesi içerikleri","Kavun","https://hsgm.saglik.gov.tr/depo/birimler/saglikli-beslenme-ve-hareketli-hayat-db/Dokumanlar/Rehberler/Turkiye_Beslenme_Rehber_TUBER_2022_min.pdf","TÜBER 2022 (baskı tarihi 2023-08-08)","Ek 2.3.1 (s.283-284)","https://turkomp.tarimorman.gov.tr/food-kavun-kislik-kirkagac-196","2026-08-18T20:30:00Z",,,"needs_review","regular = the published TÜBER Ek 2.3.1 standard portion for ""Kavun"" (150 g). | small = APP-DERIVED from regular using portion policy portion-policy-v2 (category vegetable_raw), rounded to 10 g steps. This is a product reference size, NOT a value published by TÜBER. | large = APP-DERIVED from regular using portion policy portion-policy-v2 (category vegetable_raw), rounded to 10 g steps. This is a product reference size, NOT a value published by TÜBER. | Composition is the published TürKomp per-100 g record 08.01.0032; no scaling applied."
,"Kereviz, kök",,"kereviz-kok",,"small","100.0",,"food-portions/kereviz-kok/kereviz-kok--small--100g.webp","Photorealistic overhead food reference photograph of Kereviz, kök, representing the SMALL controlled portion of 100 grams. Served on the exact same matte white plate used across the three portion variants. Fixed 85-degree overhead camera, fixed camera distance, neutral light stone tabletop, soft diffused daylight, natural appetizing food color, realistic household serving, entire plate visible, centered composition, no utensils, no hands, no napkin, no packaging, no logo, no text, no watermark, no decorative garnish unless part of the canonical recipe, no dramatic restaurant styling, no hard shadows. Only the amount of food should differ between portion variants. Square 1:1 composition, sRGB, production-quality mobile nutrition tracking reference image.","All three variants of Kereviz, kök are the same scene, re-shot with a different amount of food. Identical across small/regular/large: the matte white plate and its diameter, the 85-degree overhead camera angle, the camera distance, the neutral light stone tabletop, the soft diffused daylight, the white balance, and the framing. The plate diameter is identical in all three renders; only the area, height and realistic volume of the food change. The food keeps the same color, cut and cooking state. Nothing is added or removed between variants — no sauce, oil, herb or side item appears in one variant and not another. Portion weights are 100 g / 150 g / 230 g and must read as visibly increasing at a 120-160 px thumbnail size. No weight, number or label may appear in the image itself.","TürKomp — Ulusal Gıda Kompozisyon Veri Tabanı","08.01.0034",,,,,,,"missing","","TÜBER 2022 Ek 2.3.1 — Besinlerin standart porsiyonlarının enerji ve besin ögesi içerikleri","Kereviz","https://hsgm.saglik.gov.tr/depo/birimler/saglikli-beslenme-ve-hareketli-hayat-db/Dokumanlar/Rehberler/Turkiye_Beslenme_Rehber_TUBER_2022_min.pdf","TÜBER 2022 (baskı tarihi 2023-08-08)","Ek 2.3.1 (s.283-284)","https://turkomp.tarimorman.gov.tr/food-kereviz-kok-265","2026-08-18T20:30:00Z",,,"needs_review","regular = the published TÜBER Ek 2.3.1 standard portion for ""Kereviz"" (150 g). | small = APP-DERIVED from regular using portion policy portion-policy-v2 (category vegetable_raw), rounded to 10 g steps. This is a product reference size, NOT a value published by TÜBER. | large = APP-DERIVED from regular using portion policy portion-policy-v2 (category vegetable_raw), rounded to 10 g steps. This is a product reference size, NOT a value published by TÜBER. | Composition is the published TürKomp per-100 g record 08.01.0034; no scaling applied."
,"Kereviz, kök",,"kereviz-kok",,"regular","150.0",,"food-portions/kereviz-kok/kereviz-kok--regular--150g.webp","Photorealistic overhead food reference photograph of Kereviz, kök, representing the REGULAR controlled portion of 150 grams. Served on the exact same matte white plate used across the three portion variants. Fixed 85-degree overhead camera, fixed camera distance, neutral light stone tabletop, soft diffused daylight, natural appetizing food color, realistic household serving, entire plate visible, centered composition, no utensils, no hands, no napkin, no packaging, no logo, no text, no watermark, no decorative garnish unless part of the canonical recipe, no dramatic restaurant styling, no hard shadows. Only the amount of food should differ between portion variants. Square 1:1 composition, sRGB, production-quality mobile nutrition tracking reference image.","All three variants of Kereviz, kök are the same scene, re-shot with a different amount of food. Identical across small/regular/large: the matte white plate and its diameter, the 85-degree overhead camera angle, the camera distance, the neutral light stone tabletop, the soft diffused daylight, the white balance, and the framing. The plate diameter is identical in all three renders; only the area, height and realistic volume of the food change. The food keeps the same color, cut and cooking state. Nothing is added or removed between variants — no sauce, oil, herb or side item appears in one variant and not another. Portion weights are 100 g / 150 g / 230 g and must read as visibly increasing at a 120-160 px thumbnail size. No weight, number or label may appear in the image itself.","TürKomp — Ulusal Gıda Kompozisyon Veri Tabanı","08.01.0034",,,,,,,"missing","","TÜBER 2022 Ek 2.3.1 — Besinlerin standart porsiyonlarının enerji ve besin ögesi içerikleri","Kereviz","https://hsgm.saglik.gov.tr/depo/birimler/saglikli-beslenme-ve-hareketli-hayat-db/Dokumanlar/Rehberler/Turkiye_Beslenme_Rehber_TUBER_2022_min.pdf","TÜBER 2022 (baskı tarihi 2023-08-08)","Ek 2.3.1 (s.283-284)","https://turkomp.tarimorman.gov.tr/food-kereviz-kok-265","2026-08-18T20:30:00Z",,,"needs_review","regular = the published TÜBER Ek 2.3.1 standard portion for ""Kereviz"" (150 g). | small = APP-DERIVED from regular using portion policy portion-policy-v2 (category vegetable_raw), rounded to 10 g steps. This is a product reference size, NOT a value published by TÜBER. | large = APP-DERIVED from regular using portion policy portion-policy-v2 (category vegetable_raw), rounded to 10 g steps. This is a product reference size, NOT a value published by TÜBER. | Composition is the published TürKomp per-100 g record 08.01.0034; no scaling applied."
,"Kereviz, kök",,"kereviz-kok",,"large","230.0",,"food-portions/kereviz-kok/kereviz-kok--large--230g.webp","Photorealistic overhead food reference photograph of Kereviz, kök, representing the LARGE controlled portion of 230 grams. Served on the exact same matte white plate used across the three portion variants. Fixed 85-degree overhead camera, fixed camera distance, neutral light stone tabletop, soft diffused daylight, natural appetizing food color, realistic household serving, entire plate visible, centered composition, no utensils, no hands, no napkin, no packaging, no logo, no text, no watermark, no decorative garnish unless part of the canonical recipe, no dramatic restaurant styling, no hard shadows. Only the amount of food should differ between portion variants. Square 1:1 composition, sRGB, production-quality mobile nutrition tracking reference image.","All three variants of Kereviz, kök are the same scene, re-shot with a different amount of food. Identical across small/regular/large: the matte white plate and its diameter, the 85-degree overhead camera angle, the camera distance, the neutral light stone tabletop, the soft diffused daylight, the white balance, and the framing. The plate diameter is identical in all three renders; only the area, height and realistic volume of the food change. The food keeps the same color, cut and cooking state. Nothing is added or removed between variants — no sauce, oil, herb or side item appears in one variant and not another. Portion weights are 100 g / 150 g / 230 g and must read as visibly increasing at a 120-160 px thumbnail size. No weight, number or label may appear in the image itself.","TürKomp — Ulusal Gıda Kompozisyon Veri Tabanı","08.01.0034",,,,,,,"missing","","TÜBER 2022 Ek 2.3.1 — Besinlerin standart porsiyonlarının enerji ve besin ögesi içerikleri","Kereviz","https://hsgm.saglik.gov.tr/depo/birimler/saglikli-beslenme-ve-hareketli-hayat-db/Dokumanlar/Rehberler/Turkiye_Beslenme_Rehber_TUBER_2022_min.pdf","TÜBER 2022 (baskı tarihi 2023-08-08)","Ek 2.3.1 (s.283-284)","https://turkomp.tarimorman.gov.tr/food-kereviz-kok-265","2026-08-18T20:30:00Z",,,"needs_review","regular = the published TÜBER Ek 2.3.1 standard portion for ""Kereviz"" (150 g). | small = APP-DERIVED from regular using portion policy portion-policy-v2 (category vegetable_raw), rounded to 10 g steps. This is a product reference size, NOT a value published by TÜBER. | large = APP-DERIVED from regular using portion policy portion-policy-v2 (category vegetable_raw), rounded to 10 g steps. This is a product reference size, NOT a value published by TÜBER. | Composition is the published TürKomp per-100 g record 08.01.0034; no scaling applied."
,"Kereviz, sap",,"kereviz-sap",,"small","100.0",,"food-portions/kereviz-sap/kereviz-sap--small--100g.webp","Photorealistic overhead food reference photograph of Kereviz, sap, representing the SMALL controlled portion of 100 grams. Served on the exact same matte white plate used across the three portion variants. Fixed 85-degree overhead camera, fixed camera distance, neutral light stone tabletop, soft diffused daylight, natural appetizing food color, realistic household serving, entire plate visible, centered composition, no utensils, no hands, no napkin, no packaging, no logo, no text, no watermark, no decorative garnish unless part of the canonical recipe, no dramatic restaurant styling, no hard shadows. Only the amount of food should differ between portion variants. Square 1:1 composition, sRGB, production-quality mobile nutrition tracking reference image.","All three variants of Kereviz, sap are the same scene, re-shot with a different amount of food. Identical across small/regular/large: the matte white plate and its diameter, the 85-degree overhead camera angle, the camera distance, the neutral light stone tabletop, the soft diffused daylight, the white balance, and the framing. The plate diameter is identical in all three renders; only the area, height and realistic volume of the food change. The food keeps the same color, cut and cooking state. Nothing is added or removed between variants — no sauce, oil, herb or side item appears in one variant and not another. Portion weights are 100 g / 150 g / 230 g and must read as visibly increasing at a 120-160 px thumbnail size. No weight, number or label may appear in the image itself.","TürKomp — Ulusal Gıda Kompozisyon Veri Tabanı","08.01.0035",,,,,,,"missing","","TÜBER 2022 Ek 2.3.1 — Besinlerin standart porsiyonlarının enerji ve besin ögesi içerikleri","Kereviz","https://hsgm.saglik.gov.tr/depo/birimler/saglikli-beslenme-ve-hareketli-hayat-db/Dokumanlar/Rehberler/Turkiye_Beslenme_Rehber_TUBER_2022_min.pdf","TÜBER 2022 (baskı tarihi 2023-08-08)","Ek 2.3.1 (s.283-284)","https://turkomp.tarimorman.gov.tr/food-kereviz-sap-266","2026-08-18T20:30:00Z",,,"needs_review","regular = the published TÜBER Ek 2.3.1 standard portion for ""Kereviz"" (150 g). | small = APP-DERIVED from regular using portion policy portion-policy-v2 (category vegetable_raw), rounded to 10 g steps. This is a product reference size, NOT a value published by TÜBER. | large = APP-DERIVED from regular using portion policy portion-policy-v2 (category vegetable_raw), rounded to 10 g steps. This is a product reference size, NOT a value published by TÜBER. | Composition is the published TürKomp per-100 g record 08.01.0035; no scaling applied."
,"Kereviz, sap",,"kereviz-sap",,"regular","150.0",,"food-portions/kereviz-sap/kereviz-sap--regular--150g.webp","Photorealistic overhead food reference photograph of Kereviz, sap, representing the REGULAR controlled portion of 150 grams. Served on the exact same matte white plate used across the three portion variants. Fixed 85-degree overhead camera, fixed camera distance, neutral light stone tabletop, soft diffused daylight, natural appetizing food color, realistic household serving, entire plate visible, centered composition, no utensils, no hands, no napkin, no packaging, no logo, no text, no watermark, no decorative garnish unless part of the canonical recipe, no dramatic restaurant styling, no hard shadows. Only the amount of food should differ between portion variants. Square 1:1 composition, sRGB, production-quality mobile nutrition tracking reference image.","All three variants of Kereviz, sap are the same scene, re-shot with a different amount of food. Identical across small/regular/large: the matte white plate and its diameter, the 85-degree overhead camera angle, the camera distance, the neutral light stone tabletop, the soft diffused daylight, the white balance, and the framing. The plate diameter is identical in all three renders; only the area, height and realistic volume of the food change. The food keeps the same color, cut and cooking state. Nothing is added or removed between variants — no sauce, oil, herb or side item appears in one variant and not another. Portion weights are 100 g / 150 g / 230 g and must read as visibly increasing at a 120-160 px thumbnail size. No weight, number or label may appear in the image itself.","TürKomp — Ulusal Gıda Kompozisyon Veri Tabanı","08.01.0035",,,,,,,"missing","","TÜBER 2022 Ek 2.3.1 — Besinlerin standart porsiyonlarının enerji ve besin ögesi içerikleri","Kereviz","https://hsgm.saglik.gov.tr/depo/birimler/saglikli-beslenme-ve-hareketli-hayat-db/Dokumanlar/Rehberler/Turkiye_Beslenme_Rehber_TUBER_2022_min.pdf","TÜBER 2022 (baskı tarihi 2023-08-08)","Ek 2.3.1 (s.283-284)","https://turkomp.tarimorman.gov.tr/food-kereviz-sap-266","2026-08-18T20:30:00Z",,,"needs_review","regular = the published TÜBER Ek 2.3.1 standard portion for ""Kereviz"" (150 g). | small = APP-DERIVED from regular using portion policy portion-policy-v2 (category vegetable_raw), rounded to 10 g steps. This is a product reference size, NOT a value published by TÜBER. | large = APP-DERIVED from regular using portion policy portion-policy-v2 (category vegetable_raw), rounded to 10 g steps. This is a product reference size, NOT a value published by TÜBER. | Composition is the published TürKomp per-100 g record 08.01.0035; no scaling applied."
,"Kereviz, sap",,"kereviz-sap",,"large","230.0",,"food-portions/kereviz-sap/kereviz-sap--large--230g.webp","Photorealistic overhead food reference photograph of Kereviz, sap, representing the LARGE controlled portion of 230 grams. Served on the exact same matte white plate used across the three portion variants. Fixed 85-degree overhead camera, fixed camera distance, neutral light stone tabletop, soft diffused daylight, natural appetizing food color, realistic household serving, entire plate visible, centered composition, no utensils, no hands, no napkin, no packaging, no logo, no text, no watermark, no decorative garnish unless part of the canonical recipe, no dramatic restaurant styling, no hard shadows. Only the amount of food should differ between portion variants. Square 1:1 composition, sRGB, production-quality mobile nutrition tracking reference image.","All three variants of Kereviz, sap are the same scene, re-shot with a different amount of food. Identical across small/regular/large: the matte white plate and its diameter, the 85-degree overhead camera angle, the camera distance, the neutral light stone tabletop, the soft diffused daylight, the white balance, and the framing. The plate diameter is identical in all three renders; only the area, height and realistic volume of the food change. The food keeps the same color, cut and cooking state. Nothing is added or removed between variants — no sauce, oil, herb or side item appears in one variant and not another. Portion weights are 100 g / 150 g / 230 g and must read as visibly increasing at a 120-160 px thumbnail size. No weight, number or label may appear in the image itself.","TürKomp — Ulusal Gıda Kompozisyon Veri Tabanı","08.01.0035",,,,,,,"missing","","TÜBER 2022 Ek 2.3.1 — Besinlerin standart porsiyonlarının enerji ve besin ögesi içerikleri","Kereviz","https://hsgm.saglik.gov.tr/depo/birimler/saglikli-beslenme-ve-hareketli-hayat-db/Dokumanlar/Rehberler/Turkiye_Beslenme_Rehber_TUBER_2022_min.pdf","TÜBER 2022 (baskı tarihi 2023-08-08)","Ek 2.3.1 (s.283-284)","https://turkomp.tarimorman.gov.tr/food-kereviz-sap-266","2026-08-18T20:30:00Z",,,"needs_review","regular = the published TÜBER Ek 2.3.1 standard portion for ""Kereviz"" (150 g). | small = APP-DERIVED from regular using portion policy portion-policy-v2 (category vegetable_raw), rounded to 10 g steps. This is a product reference size, NOT a value published by TÜBER. | large = APP-DERIVED from regular using portion policy portion-policy-v2 (category vegetable_raw), rounded to 10 g steps. This is a product reference size, NOT a value published by TÜBER. | Composition is the published TürKomp per-100 g record 08.01.0035; no scaling applied."
,"Marul, uzun yapraklı",,"marul-uzun-yaprakli",,"small","50.0",,"food-portions/marul-uzun-yaprakli/marul-uzun-yaprakli--small--50g.webp","Photorealistic overhead food reference photograph of Marul, uzun yapraklı, representing the SMALL controlled portion of 50 grams. Served on the exact same matte white plate used across the three portion variants. Fixed 85-degree overhead camera, fixed camera distance, neutral light stone tabletop, soft diffused daylight, natural appetizing food color, realistic household serving, entire plate visible, centered composition, no utensils, no hands, no napkin, no packaging, no logo, no text, no watermark, no decorative garnish unless part of the canonical recipe, no dramatic restaurant styling, no hard shadows. Only the amount of food should differ between portion variants. Square 1:1 composition, sRGB, production-quality mobile nutrition tracking reference image.","All three variants of Marul, uzun yapraklı are the same scene, re-shot with a different amount of food. Identical across small/regular/large: the matte white plate and its diameter, the 85-degree overhead camera angle, the camera distance, the neutral light stone tabletop, the soft diffused daylight, the white balance, and the framing. The plate diameter is identical in all three renders; only the area, height and realistic volume of the food change. The food keeps the same color, cut and cooking state. Nothing is added or removed between variants — no sauce, oil, herb or side item appears in one variant and not another. Portion weights are 50 g / 80 g / 120 g and must read as visibly increasing at a 120-160 px thumbnail size. No weight, number or label may appear in the image itself.","TürKomp — Ulusal Gıda Kompozisyon Veri Tabanı","08.01.0044",,,,,,,"missing","","TÜBER 2022 Ek 2.3.1 — Besinlerin standart porsiyonlarının enerji ve besin ögesi içerikleri","Marul","https://hsgm.saglik.gov.tr/depo/birimler/saglikli-beslenme-ve-hareketli-hayat-db/Dokumanlar/Rehberler/Turkiye_Beslenme_Rehber_TUBER_2022_min.pdf","TÜBER 2022 (baskı tarihi 2023-08-08)","Ek 2.3.1 (s.283-284)","https://turkomp.tarimorman.gov.tr/food-marul-uzun-yaprakli-238","2026-08-18T20:30:00Z",,,"needs_review","regular = the published TÜBER Ek 2.3.1 standard portion for ""Marul"" (75 g). | small = APP-DERIVED from regular using portion policy portion-policy-v2 (category vegetable_raw), rounded to 10 g steps. This is a product reference size, NOT a value published by TÜBER. | large = APP-DERIVED from regular using portion policy portion-policy-v2 (category vegetable_raw), rounded to 10 g steps. This is a product reference size, NOT a value published by TÜBER. | Composition is the published TürKomp per-100 g record 08.01.0044; no scaling applied."
,"Marul, uzun yapraklı",,"marul-uzun-yaprakli",,"regular","80.0",,"food-portions/marul-uzun-yaprakli/marul-uzun-yaprakli--regular--80g.webp","Photorealistic overhead food reference photograph of Marul, uzun yapraklı, representing the REGULAR controlled portion of 80 grams. Served on the exact same matte white plate used across the three portion variants. Fixed 85-degree overhead camera, fixed camera distance, neutral light stone tabletop, soft diffused daylight, natural appetizing food color, realistic household serving, entire plate visible, centered composition, no utensils, no hands, no napkin, no packaging, no logo, no text, no watermark, no decorative garnish unless part of the canonical recipe, no dramatic restaurant styling, no hard shadows. Only the amount of food should differ between portion variants. Square 1:1 composition, sRGB, production-quality mobile nutrition tracking reference image.","All three variants of Marul, uzun yapraklı are the same scene, re-shot with a different amount of food. Identical across small/regular/large: the matte white plate and its diameter, the 85-degree overhead camera angle, the camera distance, the neutral light stone tabletop, the soft diffused daylight, the white balance, and the framing. The plate diameter is identical in all three renders; only the area, height and realistic volume of the food change. The food keeps the same color, cut and cooking state. Nothing is added or removed between variants — no sauce, oil, herb or side item appears in one variant and not another. Portion weights are 50 g / 80 g / 120 g and must read as visibly increasing at a 120-160 px thumbnail size. No weight, number or label may appear in the image itself.","TürKomp — Ulusal Gıda Kompozisyon Veri Tabanı","08.01.0044",,,,,,,"missing","","TÜBER 2022 Ek 2.3.1 — Besinlerin standart porsiyonlarının enerji ve besin ögesi içerikleri","Marul","https://hsgm.saglik.gov.tr/depo/birimler/saglikli-beslenme-ve-hareketli-hayat-db/Dokumanlar/Rehberler/Turkiye_Beslenme_Rehber_TUBER_2022_min.pdf","TÜBER 2022 (baskı tarihi 2023-08-08)","Ek 2.3.1 (s.283-284)","https://turkomp.tarimorman.gov.tr/food-marul-uzun-yaprakli-238","2026-08-18T20:30:00Z",,,"needs_review","regular = the published TÜBER Ek 2.3.1 standard portion for ""Marul"" (75 g). | small = APP-DERIVED from regular using portion policy portion-policy-v2 (category vegetable_raw), rounded to 10 g steps. This is a product reference size, NOT a value published by TÜBER. | large = APP-DERIVED from regular using portion policy portion-policy-v2 (category vegetable_raw), rounded to 10 g steps. This is a product reference size, NOT a value published by TÜBER. | Composition is the published TürKomp per-100 g record 08.01.0044; no scaling applied."
,"Marul, uzun yapraklı",,"marul-uzun-yaprakli",,"large","120.0",,"food-portions/marul-uzun-yaprakli/marul-uzun-yaprakli--large--120g.webp","Photorealistic overhead food reference photograph of Marul, uzun yapraklı, representing the LARGE controlled portion of 120 grams. Served on the exact same matte white plate used across the three portion variants. Fixed 85-degree overhead camera, fixed camera distance, neutral light stone tabletop, soft diffused daylight, natural appetizing food color, realistic household serving, entire plate visible, centered composition, no utensils, no hands, no napkin, no packaging, no logo, no text, no watermark, no decorative garnish unless part of the canonical recipe, no dramatic restaurant styling, no hard shadows. Only the amount of food should differ between portion variants. Square 1:1 composition, sRGB, production-quality mobile nutrition tracking reference image.","All three variants of Marul, uzun yapraklı are the same scene, re-shot with a different amount of food. Identical across small/regular/large: the matte white plate and its diameter, the 85-degree overhead camera angle, the camera distance, the neutral light stone tabletop, the soft diffused daylight, the white balance, and the framing. The plate diameter is identical in all three renders; only the area, height and realistic volume of the food change. The food keeps the same color, cut and cooking state. Nothing is added or removed between variants — no sauce, oil, herb or side item appears in one variant and not another. Portion weights are 50 g / 80 g / 120 g and must read as visibly increasing at a 120-160 px thumbnail size. No weight, number or label may appear in the image itself.","TürKomp — Ulusal Gıda Kompozisyon Veri Tabanı","08.01.0044",,,,,,,"missing","","TÜBER 2022 Ek 2.3.1 — Besinlerin standart porsiyonlarının enerji ve besin ögesi içerikleri","Marul","https://hsgm.saglik.gov.tr/depo/birimler/saglikli-beslenme-ve-hareketli-hayat-db/Dokumanlar/Rehberler/Turkiye_Beslenme_Rehber_TUBER_2022_min.pdf","TÜBER 2022 (baskı tarihi 2023-08-08)","Ek 2.3.1 (s.283-284)","https://turkomp.tarimorman.gov.tr/food-marul-uzun-yaprakli-238","2026-08-18T20:30:00Z",,,"needs_review","regular = the published TÜBER Ek 2.3.1 standard portion for ""Marul"" (75 g). | small = APP-DERIVED from regular using portion policy portion-policy-v2 (category vegetable_raw), rounded to 10 g steps. This is a product reference size, NOT a value published by TÜBER. | large = APP-DERIVED from regular using portion policy portion-policy-v2 (category vegetable_raw), rounded to 10 g steps. This is a product reference size, NOT a value published by TÜBER. | Composition is the published TürKomp per-100 g record 08.01.0044; no scaling applied."
,"Maydanoz",,"maydanoz",,"small","50.0",,"food-portions/maydanoz/maydanoz--small--50g.webp","Photorealistic overhead food reference photograph of Maydanoz, representing the SMALL controlled portion of 50 grams. Served on the exact same matte white plate used across the three portion variants. Fixed 85-degree overhead camera, fixed camera distance, neutral light stone tabletop, soft diffused daylight, natural appetizing food color, realistic household serving, entire plate visible, centered composition, no utensils, no hands, no napkin, no packaging, no logo, no text, no watermark, no decorative garnish unless part of the canonical recipe, no dramatic restaurant styling, no hard shadows. Only the amount of food should differ between portion variants. Square 1:1 composition, sRGB, production-quality mobile nutrition tracking reference image.","All three variants of Maydanoz are the same scene, re-shot with a different amount of food. Identical across small/regular/large: the matte white plate and its diameter, the 85-degree overhead camera angle, the camera distance, the neutral light stone tabletop, the soft diffused daylight, the white balance, and the framing. The plate diameter is identical in all three renders; only the area, height and realistic volume of the food change. The food keeps the same color, cut and cooking state. Nothing is added or removed between variants — no sauce, oil, herb or side item appears in one variant and not another. Portion weights are 50 g / 80 g / 120 g and must read as visibly increasing at a 120-160 px thumbnail size. No weight, number or label may appear in the image itself.","TürKomp — Ulusal Gıda Kompozisyon Veri Tabanı","08.01.0045",,,,,,,"missing","","TÜBER 2022 Ek 2.3.1 — Besinlerin standart porsiyonlarının enerji ve besin ögesi içerikleri","Maydanoz","https://hsgm.saglik.gov.tr/depo/birimler/saglikli-beslenme-ve-hareketli-hayat-db/Dokumanlar/Rehberler/Turkiye_Beslenme_Rehber_TUBER_2022_min.pdf","TÜBER 2022 (baskı tarihi 2023-08-08)","Ek 2.3.1 (s.283-284)","https://turkomp.tarimorman.gov.tr/food-maydanoz-263","2026-08-18T20:30:00Z",,,"needs_review","regular = the published TÜBER Ek 2.3.1 standard portion for ""Maydanoz"" (75 g). | small = APP-DERIVED from regular using portion policy portion-policy-v2 (category vegetable_raw), rounded to 10 g steps. This is a product reference size, NOT a value published by TÜBER. | large = APP-DERIVED from regular using portion policy portion-policy-v2 (category vegetable_raw), rounded to 10 g steps. This is a product reference size, NOT a value published by TÜBER. | Composition is the published TürKomp per-100 g record 08.01.0045; no scaling applied."
,"Maydanoz",,"maydanoz",,"regular","80.0",,"food-portions/maydanoz/maydanoz--regular--80g.webp","Photorealistic overhead food reference photograph of Maydanoz, representing the REGULAR controlled portion of 80 grams. Served on the exact same matte white plate used across the three portion variants. Fixed 85-degree overhead camera, fixed camera distance, neutral light stone tabletop, soft diffused daylight, natural appetizing food color, realistic household serving, entire plate visible, centered composition, no utensils, no hands, no napkin, no packaging, no logo, no text, no watermark, no decorative garnish unless part of the canonical recipe, no dramatic restaurant styling, no hard shadows. Only the amount of food should differ between portion variants. Square 1:1 composition, sRGB, production-quality mobile nutrition tracking reference image.","All three variants of Maydanoz are the same scene, re-shot with a different amount of food. Identical across small/regular/large: the matte white plate and its diameter, the 85-degree overhead camera angle, the camera distance, the neutral light stone tabletop, the soft diffused daylight, the white balance, and the framing. The plate diameter is identical in all three renders; only the area, height and realistic volume of the food change. The food keeps the same color, cut and cooking state. Nothing is added or removed between variants — no sauce, oil, herb or side item appears in one variant and not another. Portion weights are 50 g / 80 g / 120 g and must read as visibly increasing at a 120-160 px thumbnail size. No weight, number or label may appear in the image itself.","TürKomp — Ulusal Gıda Kompozisyon Veri Tabanı","08.01.0045",,,,,,,"missing","","TÜBER 2022 Ek 2.3.1 — Besinlerin standart porsiyonlarının enerji ve besin ögesi içerikleri","Maydanoz","https://hsgm.saglik.gov.tr/depo/birimler/saglikli-beslenme-ve-hareketli-hayat-db/Dokumanlar/Rehberler/Turkiye_Beslenme_Rehber_TUBER_2022_min.pdf","TÜBER 2022 (baskı tarihi 2023-08-08)","Ek 2.3.1 (s.283-284)","https://turkomp.tarimorman.gov.tr/food-maydanoz-263","2026-08-18T20:30:00Z",,,"needs_review","regular = the published TÜBER Ek 2.3.1 standard portion for ""Maydanoz"" (75 g). | small = APP-DERIVED from regular using portion policy portion-policy-v2 (category vegetable_raw), rounded to 10 g steps. This is a product reference size, NOT a value published by TÜBER. | large = APP-DERIVED from regular using portion policy portion-policy-v2 (category vegetable_raw), rounded to 10 g steps. This is a product reference size, NOT a value published by TÜBER. | Composition is the published TürKomp per-100 g record 08.01.0045; no scaling applied."
,"Maydanoz",,"maydanoz",,"large","120.0",,"food-portions/maydanoz/maydanoz--large--120g.webp","Photorealistic overhead food reference photograph of Maydanoz, representing the LARGE controlled portion of 120 grams. Served on the exact same matte white plate used across the three portion variants. Fixed 85-degree overhead camera, fixed camera distance, neutral light stone tabletop, soft diffused daylight, natural appetizing food color, realistic household serving, entire plate visible, centered composition, no utensils, no hands, no napkin, no packaging, no logo, no text, no watermark, no decorative garnish unless part of the canonical recipe, no dramatic restaurant styling, no hard shadows. Only the amount of food should differ between portion variants. Square 1:1 composition, sRGB, production-quality mobile nutrition tracking reference image.","All three variants of Maydanoz are the same scene, re-shot with a different amount of food. Identical across small/regular/large: the matte white plate and its diameter, the 85-degree overhead camera angle, the camera distance, the neutral light stone tabletop, the soft diffused daylight, the white balance, and the framing. The plate diameter is identical in all three renders; only the area, height and realistic volume of the food change. The food keeps the same color, cut and cooking state. Nothing is added or removed between variants — no sauce, oil, herb or side item appears in one variant and not another. Portion weights are 50 g / 80 g / 120 g and must read as visibly increasing at a 120-160 px thumbnail size. No weight, number or label may appear in the image itself.","TürKomp — Ulusal Gıda Kompozisyon Veri Tabanı","08.01.0045",,,,,,,"missing","","TÜBER 2022 Ek 2.3.1 — Besinlerin standart porsiyonlarının enerji ve besin ögesi içerikleri","Maydanoz","https://hsgm.saglik.gov.tr/depo/birimler/saglikli-beslenme-ve-hareketli-hayat-db/Dokumanlar/Rehberler/Turkiye_Beslenme_Rehber_TUBER_2022_min.pdf","TÜBER 2022 (baskı tarihi 2023-08-08)","Ek 2.3.1 (s.283-284)","https://turkomp.tarimorman.gov.tr/food-maydanoz-263","2026-08-18T20:30:00Z",,,"needs_review","regular = the published TÜBER Ek 2.3.1 standard portion for ""Maydanoz"" (75 g). | small = APP-DERIVED from regular using portion policy portion-policy-v2 (category vegetable_raw), rounded to 10 g steps. This is a product reference size, NOT a value published by TÜBER. | large = APP-DERIVED from regular using portion policy portion-policy-v2 (category vegetable_raw), rounded to 10 g steps. This is a product reference size, NOT a value published by TÜBER. | Composition is the published TürKomp per-100 g record 08.01.0045; no scaling applied."
,"Roka",,"roka",,"small","50.0",,"food-portions/roka/roka--small--50g.webp","Photorealistic overhead food reference photograph of Roka, representing the SMALL controlled portion of 50 grams. Served on the exact same matte white plate used across the three portion variants. Fixed 85-degree overhead camera, fixed camera distance, neutral light stone tabletop, soft diffused daylight, natural appetizing food color, realistic household serving, entire plate visible, centered composition, no utensils, no hands, no napkin, no packaging, no logo, no text, no watermark, no decorative garnish unless part of the canonical recipe, no dramatic restaurant styling, no hard shadows. Only the amount of food should differ between portion variants. Square 1:1 composition, sRGB, production-quality mobile nutrition tracking reference image.","All three variants of Roka are the same scene, re-shot with a different amount of food. Identical across small/regular/large: the matte white plate and its diameter, the 85-degree overhead camera angle, the camera distance, the neutral light stone tabletop, the soft diffused daylight, the white balance, and the framing. The plate diameter is identical in all three renders; only the area, height and realistic volume of the food change. The food keeps the same color, cut and cooking state. Nothing is added or removed between variants — no sauce, oil, herb or side item appears in one variant and not another. Portion weights are 50 g / 80 g / 120 g and must read as visibly increasing at a 120-160 px thumbnail size. No weight, number or label may appear in the image itself.","TürKomp — Ulusal Gıda Kompozisyon Veri Tabanı","08.01.0057",,,,,,,"missing","","TÜBER 2022 Ek 2.3.1 — Besinlerin standart porsiyonlarının enerji ve besin ögesi içerikleri","Roka","https://hsgm.saglik.gov.tr/depo/birimler/saglikli-beslenme-ve-hareketli-hayat-db/Dokumanlar/Rehberler/Turkiye_Beslenme_Rehber_TUBER_2022_min.pdf","TÜBER 2022 (baskı tarihi 2023-08-08)","Ek 2.3.1 (s.283-284)","https://turkomp.tarimorman.gov.tr/food-roka-256","2026-08-18T20:30:00Z",,,"needs_review","regular = the published TÜBER Ek 2.3.1 standard portion for ""Roka"" (75 g). | small = APP-DERIVED from regular using portion policy portion-policy-v2 (category vegetable_raw), rounded to 10 g steps. This is a product reference size, NOT a value published by TÜBER. | large = APP-DERIVED from regular using portion policy portion-policy-v2 (category vegetable_raw), rounded to 10 g steps. This is a product reference size, NOT a value published by TÜBER. | Composition is the published TürKomp per-100 g record 08.01.0057; no scaling applied."
,"Roka",,"roka",,"regular","80.0",,"food-portions/roka/roka--regular--80g.webp","Photorealistic overhead food reference photograph of Roka, representing the REGULAR controlled portion of 80 grams. Served on the exact same matte white plate used across the three portion variants. Fixed 85-degree overhead camera, fixed camera distance, neutral light stone tabletop, soft diffused daylight, natural appetizing food color, realistic household serving, entire plate visible, centered composition, no utensils, no hands, no napkin, no packaging, no logo, no text, no watermark, no decorative garnish unless part of the canonical recipe, no dramatic restaurant styling, no hard shadows. Only the amount of food should differ between portion variants. Square 1:1 composition, sRGB, production-quality mobile nutrition tracking reference image.","All three variants of Roka are the same scene, re-shot with a different amount of food. Identical across small/regular/large: the matte white plate and its diameter, the 85-degree overhead camera angle, the camera distance, the neutral light stone tabletop, the soft diffused daylight, the white balance, and the framing. The plate diameter is identical in all three renders; only the area, height and realistic volume of the food change. The food keeps the same color, cut and cooking state. Nothing is added or removed between variants — no sauce, oil, herb or side item appears in one variant and not another. Portion weights are 50 g / 80 g / 120 g and must read as visibly increasing at a 120-160 px thumbnail size. No weight, number or label may appear in the image itself.","TürKomp — Ulusal Gıda Kompozisyon Veri Tabanı","08.01.0057",,,,,,,"missing","","TÜBER 2022 Ek 2.3.1 — Besinlerin standart porsiyonlarının enerji ve besin ögesi içerikleri","Roka","https://hsgm.saglik.gov.tr/depo/birimler/saglikli-beslenme-ve-hareketli-hayat-db/Dokumanlar/Rehberler/Turkiye_Beslenme_Rehber_TUBER_2022_min.pdf","TÜBER 2022 (baskı tarihi 2023-08-08)","Ek 2.3.1 (s.283-284)","https://turkomp.tarimorman.gov.tr/food-roka-256","2026-08-18T20:30:00Z",,,"needs_review","regular = the published TÜBER Ek 2.3.1 standard portion for ""Roka"" (75 g). | small = APP-DERIVED from regular using portion policy portion-policy-v2 (category vegetable_raw), rounded to 10 g steps. This is a product reference size, NOT a value published by TÜBER. | large = APP-DERIVED from regular using portion policy portion-policy-v2 (category vegetable_raw), rounded to 10 g steps. This is a product reference size, NOT a value published by TÜBER. | Composition is the published TürKomp per-100 g record 08.01.0057; no scaling applied."
,"Roka",,"roka",,"large","120.0",,"food-portions/roka/roka--large--120g.webp","Photorealistic overhead food reference photograph of Roka, representing the LARGE controlled portion of 120 grams. Served on the exact same matte white plate used across the three portion variants. Fixed 85-degree overhead camera, fixed camera distance, neutral light stone tabletop, soft diffused daylight, natural appetizing food color, realistic household serving, entire plate visible, centered composition, no utensils, no hands, no napkin, no packaging, no logo, no text, no watermark, no decorative garnish unless part of the canonical recipe, no dramatic restaurant styling, no hard shadows. Only the amount of food should differ between portion variants. Square 1:1 composition, sRGB, production-quality mobile nutrition tracking reference image.","All three variants of Roka are the same scene, re-shot with a different amount of food. Identical across small/regular/large: the matte white plate and its diameter, the 85-degree overhead camera angle, the camera distance, the neutral light stone tabletop, the soft diffused daylight, the white balance, and the framing. The plate diameter is identical in all three renders; only the area, height and realistic volume of the food change. The food keeps the same color, cut and cooking state. Nothing is added or removed between variants — no sauce, oil, herb or side item appears in one variant and not another. Portion weights are 50 g / 80 g / 120 g and must read as visibly increasing at a 120-160 px thumbnail size. No weight, number or label may appear in the image itself.","TürKomp — Ulusal Gıda Kompozisyon Veri Tabanı","08.01.0057",,,,,,,"missing","","TÜBER 2022 Ek 2.3.1 — Besinlerin standart porsiyonlarının enerji ve besin ögesi içerikleri","Roka","https://hsgm.saglik.gov.tr/depo/birimler/saglikli-beslenme-ve-hareketli-hayat-db/Dokumanlar/Rehberler/Turkiye_Beslenme_Rehber_TUBER_2022_min.pdf","TÜBER 2022 (baskı tarihi 2023-08-08)","Ek 2.3.1 (s.283-284)","https://turkomp.tarimorman.gov.tr/food-roka-256","2026-08-18T20:30:00Z",,,"needs_review","regular = the published TÜBER Ek 2.3.1 standard portion for ""Roka"" (75 g). | small = APP-DERIVED from regular using portion policy portion-policy-v2 (category vegetable_raw), rounded to 10 g steps. This is a product reference size, NOT a value published by TÜBER. | large = APP-DERIVED from regular using portion policy portion-policy-v2 (category vegetable_raw), rounded to 10 g steps. This is a product reference size, NOT a value published by TÜBER. | Composition is the published TürKomp per-100 g record 08.01.0057; no scaling applied."
,"Semizotu",,"semizotu",,"small","50.0",,"food-portions/semizotu/semizotu--small--50g.webp","Photorealistic overhead food reference photograph of Semizotu, representing the SMALL controlled portion of 50 grams. Served on the exact same matte white plate used across the three portion variants. Fixed 85-degree overhead camera, fixed camera distance, neutral light stone tabletop, soft diffused daylight, natural appetizing food color, realistic household serving, entire plate visible, centered composition, no utensils, no hands, no napkin, no packaging, no logo, no text, no watermark, no decorative garnish unless part of the canonical recipe, no dramatic restaurant styling, no hard shadows. Only the amount of food should differ between portion variants. Square 1:1 composition, sRGB, production-quality mobile nutrition tracking reference image.","All three variants of Semizotu are the same scene, re-shot with a different amount of food. Identical across small/regular/large: the matte white plate and its diameter, the 85-degree overhead camera angle, the camera distance, the neutral light stone tabletop, the soft diffused daylight, the white balance, and the framing. The plate diameter is identical in all three renders; only the area, height and realistic volume of the food change. The food keeps the same color, cut and cooking state. Nothing is added or removed between variants — no sauce, oil, herb or side item appears in one variant and not another. Portion weights are 50 g / 80 g / 120 g and must read as visibly increasing at a 120-160 px thumbnail size. No weight, number or label may appear in the image itself.","TürKomp — Ulusal Gıda Kompozisyon Veri Tabanı","08.01.0059",,,,,,,"missing","","TÜBER 2022 Ek 2.3.1 — Besinlerin standart porsiyonlarının enerji ve besin ögesi içerikleri","Semizotu","https://hsgm.saglik.gov.tr/depo/birimler/saglikli-beslenme-ve-hareketli-hayat-db/Dokumanlar/Rehberler/Turkiye_Beslenme_Rehber_TUBER_2022_min.pdf","TÜBER 2022 (baskı tarihi 2023-08-08)","Ek 2.3.1 (s.283-284)","https://turkomp.tarimorman.gov.tr/food-semizotu-228","2026-08-18T20:30:00Z",,,"needs_review","regular = the published TÜBER Ek 2.3.1 standard portion for ""Semizotu"" (75 g). | small = APP-DERIVED from regular using portion policy portion-policy-v2 (category vegetable_raw), rounded to 10 g steps. This is a product reference size, NOT a value published by TÜBER. | large = APP-DERIVED from regular using portion policy portion-policy-v2 (category vegetable_raw), rounded to 10 g steps. This is a product reference size, NOT a value published by TÜBER. | Composition is the published TürKomp per-100 g record 08.01.0059; no scaling applied."
,"Semizotu",,"semizotu",,"regular","80.0",,"food-portions/semizotu/semizotu--regular--80g.webp","Photorealistic overhead food reference photograph of Semizotu, representing the REGULAR controlled portion of 80 grams. Served on the exact same matte white plate used across the three portion variants. Fixed 85-degree overhead camera, fixed camera distance, neutral light stone tabletop, soft diffused daylight, natural appetizing food color, realistic household serving, entire plate visible, centered composition, no utensils, no hands, no napkin, no packaging, no logo, no text, no watermark, no decorative garnish unless part of the canonical recipe, no dramatic restaurant styling, no hard shadows. Only the amount of food should differ between portion variants. Square 1:1 composition, sRGB, production-quality mobile nutrition tracking reference image.","All three variants of Semizotu are the same scene, re-shot with a different amount of food. Identical across small/regular/large: the matte white plate and its diameter, the 85-degree overhead camera angle, the camera distance, the neutral light stone tabletop, the soft diffused daylight, the white balance, and the framing. The plate diameter is identical in all three renders; only the area, height and realistic volume of the food change. The food keeps the same color, cut and cooking state. Nothing is added or removed between variants — no sauce, oil, herb or side item appears in one variant and not another. Portion weights are 50 g / 80 g / 120 g and must read as visibly increasing at a 120-160 px thumbnail size. No weight, number or label may appear in the image itself.","TürKomp — Ulusal Gıda Kompozisyon Veri Tabanı","08.01.0059",,,,,,,"missing","","TÜBER 2022 Ek 2.3.1 — Besinlerin standart porsiyonlarının enerji ve besin ögesi içerikleri","Semizotu","https://hsgm.saglik.gov.tr/depo/birimler/saglikli-beslenme-ve-hareketli-hayat-db/Dokumanlar/Rehberler/Turkiye_Beslenme_Rehber_TUBER_2022_min.pdf","TÜBER 2022 (baskı tarihi 2023-08-08)","Ek 2.3.1 (s.283-284)","https://turkomp.tarimorman.gov.tr/food-semizotu-228","2026-08-18T20:30:00Z",,,"needs_review","regular = the published TÜBER Ek 2.3.1 standard portion for ""Semizotu"" (75 g). | small = APP-DERIVED from regular using portion policy portion-policy-v2 (category vegetable_raw), rounded to 10 g steps. This is a product reference size, NOT a value published by TÜBER. | large = APP-DERIVED from regular using portion policy portion-policy-v2 (category vegetable_raw), rounded to 10 g steps. This is a product reference size, NOT a value published by TÜBER. | Composition is the published TürKomp per-100 g record 08.01.0059; no scaling applied."
,"Semizotu",,"semizotu",,"large","120.0",,"food-portions/semizotu/semizotu--large--120g.webp","Photorealistic overhead food reference photograph of Semizotu, representing the LARGE controlled portion of 120 grams. Served on the exact same matte white plate used across the three portion variants. Fixed 85-degree overhead camera, fixed camera distance, neutral light stone tabletop, soft diffused daylight, natural appetizing food color, realistic household serving, entire plate visible, centered composition, no utensils, no hands, no napkin, no packaging, no logo, no text, no watermark, no decorative garnish unless part of the canonical recipe, no dramatic restaurant styling, no hard shadows. Only the amount of food should differ between portion variants. Square 1:1 composition, sRGB, production-quality mobile nutrition tracking reference image.","All three variants of Semizotu are the same scene, re-shot with a different amount of food. Identical across small/regular/large: the matte white plate and its diameter, the 85-degree overhead camera angle, the camera distance, the neutral light stone tabletop, the soft diffused daylight, the white balance, and the framing. The plate diameter is identical in all three renders; only the area, height and realistic volume of the food change. The food keeps the same color, cut and cooking state. Nothing is added or removed between variants — no sauce, oil, herb or side item appears in one variant and not another. Portion weights are 50 g / 80 g / 120 g and must read as visibly increasing at a 120-160 px thumbnail size. No weight, number or label may appear in the image itself.","TürKomp — Ulusal Gıda Kompozisyon Veri Tabanı","08.01.0059",,,,,,,"missing","","TÜBER 2022 Ek 2.3.1 — Besinlerin standart porsiyonlarının enerji ve besin ögesi içerikleri","Semizotu","https://hsgm.saglik.gov.tr/depo/birimler/saglikli-beslenme-ve-hareketli-hayat-db/Dokumanlar/Rehberler/Turkiye_Beslenme_Rehber_TUBER_2022_min.pdf","TÜBER 2022 (baskı tarihi 2023-08-08)","Ek 2.3.1 (s.283-284)","https://turkomp.tarimorman.gov.tr/food-semizotu-228","2026-08-18T20:30:00Z",,,"needs_review","regular = the published TÜBER Ek 2.3.1 standard portion for ""Semizotu"" (75 g). | small = APP-DERIVED from regular using portion policy portion-policy-v2 (category vegetable_raw), rounded to 10 g steps. This is a product reference size, NOT a value published by TÜBER. | large = APP-DERIVED from regular using portion policy portion-policy-v2 (category vegetable_raw), rounded to 10 g steps. This is a product reference size, NOT a value published by TÜBER. | Composition is the published TürKomp per-100 g record 08.01.0059; no scaling applied."
,"Turp, Fındık",,"turp-findik",,"small","100.0",,"food-portions/turp-findik/turp-findik--small--100g.webp","Photorealistic overhead food reference photograph of Turp, Fındık, representing the SMALL controlled portion of 100 grams. Served on the exact same matte white plate used across the three portion variants. Fixed 85-degree overhead camera, fixed camera distance, neutral light stone tabletop, soft diffused daylight, natural appetizing food color, realistic household serving, entire plate visible, centered composition, no utensils, no hands, no napkin, no packaging, no logo, no text, no watermark, no decorative garnish unless part of the canonical recipe, no dramatic restaurant styling, no hard shadows. Only the amount of food should differ between portion variants. Square 1:1 composition, sRGB, production-quality mobile nutrition tracking reference image.","All three variants of Turp, Fındık are the same scene, re-shot with a different amount of food. Identical across small/regular/large: the matte white plate and its diameter, the 85-degree overhead camera angle, the camera distance, the neutral light stone tabletop, the soft diffused daylight, the white balance, and the framing. The plate diameter is identical in all three renders; only the area, height and realistic volume of the food change. The food keeps the same color, cut and cooking state. Nothing is added or removed between variants — no sauce, oil, herb or side item appears in one variant and not another. Portion weights are 100 g / 150 g / 230 g and must read as visibly increasing at a 120-160 px thumbnail size. No weight, number or label may appear in the image itself.","TürKomp — Ulusal Gıda Kompozisyon Veri Tabanı","08.01.0063",,,,,,,"missing","","TÜBER 2022 Ek 2.3.1 — Besinlerin standart porsiyonlarının enerji ve besin ögesi içerikleri","Turp","https://hsgm.saglik.gov.tr/depo/birimler/saglikli-beslenme-ve-hareketli-hayat-db/Dokumanlar/Rehberler/Turkiye_Beslenme_Rehber_TUBER_2022_min.pdf","TÜBER 2022 (baskı tarihi 2023-08-08)","Ek 2.3.1 (s.283-284)","https://turkomp.tarimorman.gov.tr/food-turp-findik-252","2026-08-18T20:30:00Z",,,"needs_review","regular = the published TÜBER Ek 2.3.1 standard portion for ""Turp"" (150 g). | small = APP-DERIVED from regular using portion policy portion-policy-v2 (category vegetable_raw), rounded to 10 g steps. This is a product reference size, NOT a value published by TÜBER. | large = APP-DERIVED from regular using portion policy portion-policy-v2 (category vegetable_raw), rounded to 10 g steps. This is a product reference size, NOT a value published by TÜBER. | Composition is the published TürKomp per-100 g record 08.01.0063; no scaling applied."
,"Turp, Fındık",,"turp-findik",,"regular","150.0",,"food-portions/turp-findik/turp-findik--regular--150g.webp","Photorealistic overhead food reference photograph of Turp, Fındık, representing the REGULAR controlled portion of 150 grams. Served on the exact same matte white plate used across the three portion variants. Fixed 85-degree overhead camera, fixed camera distance, neutral light stone tabletop, soft diffused daylight, natural appetizing food color, realistic household serving, entire plate visible, centered composition, no utensils, no hands, no napkin, no packaging, no logo, no text, no watermark, no decorative garnish unless part of the canonical recipe, no dramatic restaurant styling, no hard shadows. Only the amount of food should differ between portion variants. Square 1:1 composition, sRGB, production-quality mobile nutrition tracking reference image.","All three variants of Turp, Fındık are the same scene, re-shot with a different amount of food. Identical across small/regular/large: the matte white plate and its diameter, the 85-degree overhead camera angle, the camera distance, the neutral light stone tabletop, the soft diffused daylight, the white balance, and the framing. The plate diameter is identical in all three renders; only the area, height and realistic volume of the food change. The food keeps the same color, cut and cooking state. Nothing is added or removed between variants — no sauce, oil, herb or side item appears in one variant and not another. Portion weights are 100 g / 150 g / 230 g and must read as visibly increasing at a 120-160 px thumbnail size. No weight, number or label may appear in the image itself.","TürKomp — Ulusal Gıda Kompozisyon Veri Tabanı","08.01.0063",,,,,,,"missing","","TÜBER 2022 Ek 2.3.1 — Besinlerin standart porsiyonlarının enerji ve besin ögesi içerikleri","Turp","https://hsgm.saglik.gov.tr/depo/birimler/saglikli-beslenme-ve-hareketli-hayat-db/Dokumanlar/Rehberler/Turkiye_Beslenme_Rehber_TUBER_2022_min.pdf","TÜBER 2022 (baskı tarihi 2023-08-08)","Ek 2.3.1 (s.283-284)","https://turkomp.tarimorman.gov.tr/food-turp-findik-252","2026-08-18T20:30:00Z",,,"needs_review","regular = the published TÜBER Ek 2.3.1 standard portion for ""Turp"" (150 g). | small = APP-DERIVED from regular using portion policy portion-policy-v2 (category vegetable_raw), rounded to 10 g steps. This is a product reference size, NOT a value published by TÜBER. | large = APP-DERIVED from regular using portion policy portion-policy-v2 (category vegetable_raw), rounded to 10 g steps. This is a product reference size, NOT a value published by TÜBER. | Composition is the published TürKomp per-100 g record 08.01.0063; no scaling applied."
,"Turp, Fındık",,"turp-findik",,"large","230.0",,"food-portions/turp-findik/turp-findik--large--230g.webp","Photorealistic overhead food reference photograph of Turp, Fındık, representing the LARGE controlled portion of 230 grams. Served on the exact same matte white plate used across the three portion variants. Fixed 85-degree overhead camera, fixed camera distance, neutral light stone tabletop, soft diffused daylight, natural appetizing food color, realistic household serving, entire plate visible, centered composition, no utensils, no hands, no napkin, no packaging, no logo, no text, no watermark, no decorative garnish unless part of the canonical recipe, no dramatic restaurant styling, no hard shadows. Only the amount of food should differ between portion variants. Square 1:1 composition, sRGB, production-quality mobile nutrition tracking reference image.","All three variants of Turp, Fındık are the same scene, re-shot with a different amount of food. Identical across small/regular/large: the matte white plate and its diameter, the 85-degree overhead camera angle, the camera distance, the neutral light stone tabletop, the soft diffused daylight, the white balance, and the framing. The plate diameter is identical in all three renders; only the area, height and realistic volume of the food change. The food keeps the same color, cut and cooking state. Nothing is added or removed between variants — no sauce, oil, herb or side item appears in one variant and not another. Portion weights are 100 g / 150 g / 230 g and must read as visibly increasing at a 120-160 px thumbnail size. No weight, number or label may appear in the image itself.","TürKomp — Ulusal Gıda Kompozisyon Veri Tabanı","08.01.0063",,,,,,,"missing","","TÜBER 2022 Ek 2.3.1 — Besinlerin standart porsiyonlarının enerji ve besin ögesi içerikleri","Turp","https://hsgm.saglik.gov.tr/depo/birimler/saglikli-beslenme-ve-hareketli-hayat-db/Dokumanlar/Rehberler/Turkiye_Beslenme_Rehber_TUBER_2022_min.pdf","TÜBER 2022 (baskı tarihi 2023-08-08)","Ek 2.3.1 (s.283-284)","https://turkomp.tarimorman.gov.tr/food-turp-findik-252","2026-08-18T20:30:00Z",,,"needs_review","regular = the published TÜBER Ek 2.3.1 standard portion for ""Turp"" (150 g). | small = APP-DERIVED from regular using portion policy portion-policy-v2 (category vegetable_raw), rounded to 10 g steps. This is a product reference size, NOT a value published by TÜBER. | large = APP-DERIVED from regular using portion policy portion-policy-v2 (category vegetable_raw), rounded to 10 g steps. This is a product reference size, NOT a value published by TÜBER. | Composition is the published TürKomp per-100 g record 08.01.0063; no scaling applied."
,"Turp, kırmızı iri",,"turp-kirmizi-iri",,"small","100.0",,"food-portions/turp-kirmizi-iri/turp-kirmizi-iri--small--100g.webp","Photorealistic overhead food reference photograph of Turp, kırmızı iri, representing the SMALL controlled portion of 100 grams. Served on the exact same matte white plate used across the three portion variants. Fixed 85-degree overhead camera, fixed camera distance, neutral light stone tabletop, soft diffused daylight, natural appetizing food color, realistic household serving, entire plate visible, centered composition, no utensils, no hands, no napkin, no packaging, no logo, no text, no watermark, no decorative garnish unless part of the canonical recipe, no dramatic restaurant styling, no hard shadows. Only the amount of food should differ between portion variants. Square 1:1 composition, sRGB, production-quality mobile nutrition tracking reference image.","All three variants of Turp, kırmızı iri are the same scene, re-shot with a different amount of food. Identical across small/regular/large: the matte white plate and its diameter, the 85-degree overhead camera angle, the camera distance, the neutral light stone tabletop, the soft diffused daylight, the white balance, and the framing. The plate diameter is identical in all three renders; only the area, height and realistic volume of the food change. The food keeps the same color, cut and cooking state. Nothing is added or removed between variants — no sauce, oil, herb or side item appears in one variant and not another. Portion weights are 100 g / 150 g / 230 g and must read as visibly increasing at a 120-160 px thumbnail size. No weight, number or label may appear in the image itself.","TürKomp — Ulusal Gıda Kompozisyon Veri Tabanı","08.01.0064",,,,,,,"missing","","TÜBER 2022 Ek 2.3.1 — Besinlerin standart porsiyonlarının enerji ve besin ögesi içerikleri","Turp","https://hsgm.saglik.gov.tr/depo/birimler/saglikli-beslenme-ve-hareketli-hayat-db/Dokumanlar/Rehberler/Turkiye_Beslenme_Rehber_TUBER_2022_min.pdf","TÜBER 2022 (baskı tarihi 2023-08-08)","Ek 2.3.1 (s.283-284)","https://turkomp.tarimorman.gov.tr/food-turp-kirmizi-iri-251","2026-08-18T20:30:00Z",,,"needs_review","regular = the published TÜBER Ek 2.3.1 standard portion for ""Turp"" (150 g). | small = APP-DERIVED from regular using portion policy portion-policy-v2 (category vegetable_raw), rounded to 10 g steps. This is a product reference size, NOT a value published by TÜBER. | large = APP-DERIVED from regular using portion policy portion-policy-v2 (category vegetable_raw), rounded to 10 g steps. This is a product reference size, NOT a value published by TÜBER. | Composition is the published TürKomp per-100 g record 08.01.0064; no scaling applied."
,"Turp, kırmızı iri",,"turp-kirmizi-iri",,"regular","150.0",,"food-portions/turp-kirmizi-iri/turp-kirmizi-iri--regular--150g.webp","Photorealistic overhead food reference photograph of Turp, kırmızı iri, representing the REGULAR controlled portion of 150 grams. Served on the exact same matte white plate used across the three portion variants. Fixed 85-degree overhead camera, fixed camera distance, neutral light stone tabletop, soft diffused daylight, natural appetizing food color, realistic household serving, entire plate visible, centered composition, no utensils, no hands, no napkin, no packaging, no logo, no text, no watermark, no decorative garnish unless part of the canonical recipe, no dramatic restaurant styling, no hard shadows. Only the amount of food should differ between portion variants. Square 1:1 composition, sRGB, production-quality mobile nutrition tracking reference image.","All three variants of Turp, kırmızı iri are the same scene, re-shot with a different amount of food. Identical across small/regular/large: the matte white plate and its diameter, the 85-degree overhead camera angle, the camera distance, the neutral light stone tabletop, the soft diffused daylight, the white balance, and the framing. The plate diameter is identical in all three renders; only the area, height and realistic volume of the food change. The food keeps the same color, cut and cooking state. Nothing is added or removed between variants — no sauce, oil, herb or side item appears in one variant and not another. Portion weights are 100 g / 150 g / 230 g and must read as visibly increasing at a 120-160 px thumbnail size. No weight, number or label may appear in the image itself.","TürKomp — Ulusal Gıda Kompozisyon Veri Tabanı","08.01.0064",,,,,,,"missing","","TÜBER 2022 Ek 2.3.1 — Besinlerin standart porsiyonlarının enerji ve besin ögesi içerikleri","Turp","https://hsgm.saglik.gov.tr/depo/birimler/saglikli-beslenme-ve-hareketli-hayat-db/Dokumanlar/Rehberler/Turkiye_Beslenme_Rehber_TUBER_2022_min.pdf","TÜBER 2022 (baskı tarihi 2023-08-08)","Ek 2.3.1 (s.283-284)","https://turkomp.tarimorman.gov.tr/food-turp-kirmizi-iri-251","2026-08-18T20:30:00Z",,,"needs_review","regular = the published TÜBER Ek 2.3.1 standard portion for ""Turp"" (150 g). | small = APP-DERIVED from regular using portion policy portion-policy-v2 (category vegetable_raw), rounded to 10 g steps. This is a product reference size, NOT a value published by TÜBER. | large = APP-DERIVED from regular using portion policy portion-policy-v2 (category vegetable_raw), rounded to 10 g steps. This is a product reference size, NOT a value published by TÜBER. | Composition is the published TürKomp per-100 g record 08.01.0064; no scaling applied."
,"Turp, kırmızı iri",,"turp-kirmizi-iri",,"large","230.0",,"food-portions/turp-kirmizi-iri/turp-kirmizi-iri--large--230g.webp","Photorealistic overhead food reference photograph of Turp, kırmızı iri, representing the LARGE controlled portion of 230 grams. Served on the exact same matte white plate used across the three portion variants. Fixed 85-degree overhead camera, fixed camera distance, neutral light stone tabletop, soft diffused daylight, natural appetizing food color, realistic household serving, entire plate visible, centered composition, no utensils, no hands, no napkin, no packaging, no logo, no text, no watermark, no decorative garnish unless part of the canonical recipe, no dramatic restaurant styling, no hard shadows. Only the amount of food should differ between portion variants. Square 1:1 composition, sRGB, production-quality mobile nutrition tracking reference image.","All three variants of Turp, kırmızı iri are the same scene, re-shot with a different amount of food. Identical across small/regular/large: the matte white plate and its diameter, the 85-degree overhead camera angle, the camera distance, the neutral light stone tabletop, the soft diffused daylight, the white balance, and the framing. The plate diameter is identical in all three renders; only the area, height and realistic volume of the food change. The food keeps the same color, cut and cooking state. Nothing is added or removed between variants — no sauce, oil, herb or side item appears in one variant and not another. Portion weights are 100 g / 150 g / 230 g and must read as visibly increasing at a 120-160 px thumbnail size. No weight, number or label may appear in the image itself.","TürKomp — Ulusal Gıda Kompozisyon Veri Tabanı","08.01.0064",,,,,,,"missing","","TÜBER 2022 Ek 2.3.1 — Besinlerin standart porsiyonlarının enerji ve besin ögesi içerikleri","Turp","https://hsgm.saglik.gov.tr/depo/birimler/saglikli-beslenme-ve-hareketli-hayat-db/Dokumanlar/Rehberler/Turkiye_Beslenme_Rehber_TUBER_2022_min.pdf","TÜBER 2022 (baskı tarihi 2023-08-08)","Ek 2.3.1 (s.283-284)","https://turkomp.tarimorman.gov.tr/food-turp-kirmizi-iri-251","2026-08-18T20:30:00Z",,,"needs_review","regular = the published TÜBER Ek 2.3.1 standard portion for ""Turp"" (150 g). | small = APP-DERIVED from regular using portion policy portion-policy-v2 (category vegetable_raw), rounded to 10 g steps. This is a product reference size, NOT a value published by TÜBER. | large = APP-DERIVED from regular using portion policy portion-policy-v2 (category vegetable_raw), rounded to 10 g steps. This is a product reference size, NOT a value published by TÜBER. | Composition is the published TürKomp per-100 g record 08.01.0064; no scaling applied."
,"Turp, siyah",,"turp-siyah",,"small","100.0",,"food-portions/turp-siyah/turp-siyah--small--100g.webp","Photorealistic overhead food reference photograph of Turp, siyah, representing the SMALL controlled portion of 100 grams. Served on the exact same matte white plate used across the three portion variants. Fixed 85-degree overhead camera, fixed camera distance, neutral light stone tabletop, soft diffused daylight, natural appetizing food color, realistic household serving, entire plate visible, centered composition, no utensils, no hands, no napkin, no packaging, no logo, no text, no watermark, no decorative garnish unless part of the canonical recipe, no dramatic restaurant styling, no hard shadows. Only the amount of food should differ between portion variants. Square 1:1 composition, sRGB, production-quality mobile nutrition tracking reference image.","All three variants of Turp, siyah are the same scene, re-shot with a different amount of food. Identical across small/regular/large: the matte white plate and its diameter, the 85-degree overhead camera angle, the camera distance, the neutral light stone tabletop, the soft diffused daylight, the white balance, and the framing. The plate diameter is identical in all three renders; only the area, height and realistic volume of the food change. The food keeps the same color, cut and cooking state. Nothing is added or removed between variants — no sauce, oil, herb or side item appears in one variant and not another. Portion weights are 100 g / 150 g / 230 g and must read as visibly increasing at a 120-160 px thumbnail size. No weight, number or label may appear in the image itself.","TürKomp — Ulusal Gıda Kompozisyon Veri Tabanı","08.01.0065",,,,,,,"missing","","TÜBER 2022 Ek 2.3.1 — Besinlerin standart porsiyonlarının enerji ve besin ögesi içerikleri","Turp","https://hsgm.saglik.gov.tr/depo/birimler/saglikli-beslenme-ve-hareketli-hayat-db/Dokumanlar/Rehberler/Turkiye_Beslenme_Rehber_TUBER_2022_min.pdf","TÜBER 2022 (baskı tarihi 2023-08-08)","Ek 2.3.1 (s.283-284)","https://turkomp.tarimorman.gov.tr/food-turp-siyah-253","2026-08-18T20:30:00Z",,,"needs_review","regular = the published TÜBER Ek 2.3.1 standard portion for ""Turp"" (150 g). | small = APP-DERIVED from regular using portion policy portion-policy-v2 (category vegetable_raw), rounded to 10 g steps. This is a product reference size, NOT a value published by TÜBER. | large = APP-DERIVED from regular using portion policy portion-policy-v2 (category vegetable_raw), rounded to 10 g steps. This is a product reference size, NOT a value published by TÜBER. | Composition is the published TürKomp per-100 g record 08.01.0065; no scaling applied."
,"Turp, siyah",,"turp-siyah",,"regular","150.0",,"food-portions/turp-siyah/turp-siyah--regular--150g.webp","Photorealistic overhead food reference photograph of Turp, siyah, representing the REGULAR controlled portion of 150 grams. Served on the exact same matte white plate used across the three portion variants. Fixed 85-degree overhead camera, fixed camera distance, neutral light stone tabletop, soft diffused daylight, natural appetizing food color, realistic household serving, entire plate visible, centered composition, no utensils, no hands, no napkin, no packaging, no logo, no text, no watermark, no decorative garnish unless part of the canonical recipe, no dramatic restaurant styling, no hard shadows. Only the amount of food should differ between portion variants. Square 1:1 composition, sRGB, production-quality mobile nutrition tracking reference image.","All three variants of Turp, siyah are the same scene, re-shot with a different amount of food. Identical across small/regular/large: the matte white plate and its diameter, the 85-degree overhead camera angle, the camera distance, the neutral light stone tabletop, the soft diffused daylight, the white balance, and the framing. The plate diameter is identical in all three renders; only the area, height and realistic volume of the food change. The food keeps the same color, cut and cooking state. Nothing is added or removed between variants — no sauce, oil, herb or side item appears in one variant and not another. Portion weights are 100 g / 150 g / 230 g and must read as visibly increasing at a 120-160 px thumbnail size. No weight, number or label may appear in the image itself.","TürKomp — Ulusal Gıda Kompozisyon Veri Tabanı","08.01.0065",,,,,,,"missing","","TÜBER 2022 Ek 2.3.1 — Besinlerin standart porsiyonlarının enerji ve besin ögesi içerikleri","Turp","https://hsgm.saglik.gov.tr/depo/birimler/saglikli-beslenme-ve-hareketli-hayat-db/Dokumanlar/Rehberler/Turkiye_Beslenme_Rehber_TUBER_2022_min.pdf","TÜBER 2022 (baskı tarihi 2023-08-08)","Ek 2.3.1 (s.283-284)","https://turkomp.tarimorman.gov.tr/food-turp-siyah-253","2026-08-18T20:30:00Z",,,"needs_review","regular = the published TÜBER Ek 2.3.1 standard portion for ""Turp"" (150 g). | small = APP-DERIVED from regular using portion policy portion-policy-v2 (category vegetable_raw), rounded to 10 g steps. This is a product reference size, NOT a value published by TÜBER. | large = APP-DERIVED from regular using portion policy portion-policy-v2 (category vegetable_raw), rounded to 10 g steps. This is a product reference size, NOT a value published by TÜBER. | Composition is the published TürKomp per-100 g record 08.01.0065; no scaling applied."
,"Turp, siyah",,"turp-siyah",,"large","230.0",,"food-portions/turp-siyah/turp-siyah--large--230g.webp","Photorealistic overhead food reference photograph of Turp, siyah, representing the LARGE controlled portion of 230 grams. Served on the exact same matte white plate used across the three portion variants. Fixed 85-degree overhead camera, fixed camera distance, neutral light stone tabletop, soft diffused daylight, natural appetizing food color, realistic household serving, entire plate visible, centered composition, no utensils, no hands, no napkin, no packaging, no logo, no text, no watermark, no decorative garnish unless part of the canonical recipe, no dramatic restaurant styling, no hard shadows. Only the amount of food should differ between portion variants. Square 1:1 composition, sRGB, production-quality mobile nutrition tracking reference image.","All three variants of Turp, siyah are the same scene, re-shot with a different amount of food. Identical across small/regular/large: the matte white plate and its diameter, the 85-degree overhead camera angle, the camera distance, the neutral light stone tabletop, the soft diffused daylight, the white balance, and the framing. The plate diameter is identical in all three renders; only the area, height and realistic volume of the food change. The food keeps the same color, cut and cooking state. Nothing is added or removed between variants — no sauce, oil, herb or side item appears in one variant and not another. Portion weights are 100 g / 150 g / 230 g and must read as visibly increasing at a 120-160 px thumbnail size. No weight, number or label may appear in the image itself.","TürKomp — Ulusal Gıda Kompozisyon Veri Tabanı","08.01.0065",,,,,,,"missing","","TÜBER 2022 Ek 2.3.1 — Besinlerin standart porsiyonlarının enerji ve besin ögesi içerikleri","Turp","https://hsgm.saglik.gov.tr/depo/birimler/saglikli-beslenme-ve-hareketli-hayat-db/Dokumanlar/Rehberler/Turkiye_Beslenme_Rehber_TUBER_2022_min.pdf","TÜBER 2022 (baskı tarihi 2023-08-08)","Ek 2.3.1 (s.283-284)","https://turkomp.tarimorman.gov.tr/food-turp-siyah-253","2026-08-18T20:30:00Z",,,"needs_review","regular = the published TÜBER Ek 2.3.1 standard portion for ""Turp"" (150 g). | small = APP-DERIVED from regular using portion policy portion-policy-v2 (category vegetable_raw), rounded to 10 g steps. This is a product reference size, NOT a value published by TÜBER. | large = APP-DERIVED from regular using portion policy portion-policy-v2 (category vegetable_raw), rounded to 10 g steps. This is a product reference size, NOT a value published by TÜBER. | Composition is the published TürKomp per-100 g record 08.01.0065; no scaling applied."
,"Domates suyu",,"domates-suyu",,"small","100.0",,"food-portions/domates-suyu/domates-suyu--small--100g.webp","Photorealistic overhead food reference photograph of Domates suyu, representing the SMALL controlled portion of 100 grams. Served on the exact same matte white plate used across the three portion variants. Fixed 85-degree overhead camera, fixed camera distance, neutral light stone tabletop, soft diffused daylight, natural appetizing food color, realistic household serving, entire plate visible, centered composition, no utensils, no hands, no napkin, no packaging, no logo, no text, no watermark, no decorative garnish unless part of the canonical recipe, no dramatic restaurant styling, no hard shadows. Only the amount of food should differ between portion variants. Square 1:1 composition, sRGB, production-quality mobile nutrition tracking reference image.","All three variants of Domates suyu are the same scene, re-shot with a different amount of food. Identical across small/regular/large: the matte white plate and its diameter, the 85-degree overhead camera angle, the camera distance, the neutral light stone tabletop, the soft diffused daylight, the white balance, and the framing. The plate diameter is identical in all three renders; only the area, height and realistic volume of the food change. The food keeps the same color, cut and cooking state. Nothing is added or removed between variants — no sauce, oil, herb or side item appears in one variant and not another. Portion weights are 100 g / 150 g / 230 g and must read as visibly increasing at a 120-160 px thumbnail size. No weight, number or label may appear in the image itself.","TürKomp — Ulusal Gıda Kompozisyon Veri Tabanı","08.02.0034",,,,,,,"missing","","TÜBER 2022 Ek 2.3.1 — Besinlerin standart porsiyonlarının enerji ve besin ögesi içerikleri","Domates suyu","https://hsgm.saglik.gov.tr/depo/birimler/saglikli-beslenme-ve-hareketli-hayat-db/Dokumanlar/Rehberler/Turkiye_Beslenme_Rehber_TUBER_2022_min.pdf","TÜBER 2022 (baskı tarihi 2023-08-08)","Ek 2.3.1 (s.283-284)","https://turkomp.tarimorman.gov.tr/food-domates-suyu-172","2026-08-18T20:30:00Z",,,"needs_review","regular = the published TÜBER Ek 2.3.1 standard portion for ""Domates suyu"" (150 g). | small = APP-DERIVED from regular using portion policy portion-policy-v2 (category vegetable_raw), rounded to 10 g steps. This is a product reference size, NOT a value published by TÜBER. | large = APP-DERIVED from regular using portion policy portion-policy-v2 (category vegetable_raw), rounded to 10 g steps. This is a product reference size, NOT a value published by TÜBER. | Composition is the published TürKomp per-100 g record 08.02.0034; no scaling applied."
,"Domates suyu",,"domates-suyu",,"regular","150.0",,"food-portions/domates-suyu/domates-suyu--regular--150g.webp","Photorealistic overhead food reference photograph of Domates suyu, representing the REGULAR controlled portion of 150 grams. Served on the exact same matte white plate used across the three portion variants. Fixed 85-degree overhead camera, fixed camera distance, neutral light stone tabletop, soft diffused daylight, natural appetizing food color, realistic household serving, entire plate visible, centered composition, no utensils, no hands, no napkin, no packaging, no logo, no text, no watermark, no decorative garnish unless part of the canonical recipe, no dramatic restaurant styling, no hard shadows. Only the amount of food should differ between portion variants. Square 1:1 composition, sRGB, production-quality mobile nutrition tracking reference image.","All three variants of Domates suyu are the same scene, re-shot with a different amount of food. Identical across small/regular/large: the matte white plate and its diameter, the 85-degree overhead camera angle, the camera distance, the neutral light stone tabletop, the soft diffused daylight, the white balance, and the framing. The plate diameter is identical in all three renders; only the area, height and realistic volume of the food change. The food keeps the same color, cut and cooking state. Nothing is added or removed between variants — no sauce, oil, herb or side item appears in one variant and not another. Portion weights are 100 g / 150 g / 230 g and must read as visibly increasing at a 120-160 px thumbnail size. No weight, number or label may appear in the image itself.","TürKomp — Ulusal Gıda Kompozisyon Veri Tabanı","08.02.0034",,,,,,,"missing","","TÜBER 2022 Ek 2.3.1 — Besinlerin standart porsiyonlarının enerji ve besin ögesi içerikleri","Domates suyu","https://hsgm.saglik.gov.tr/depo/birimler/saglikli-beslenme-ve-hareketli-hayat-db/Dokumanlar/Rehberler/Turkiye_Beslenme_Rehber_TUBER_2022_min.pdf","TÜBER 2022 (baskı tarihi 2023-08-08)","Ek 2.3.1 (s.283-284)","https://turkomp.tarimorman.gov.tr/food-domates-suyu-172","2026-08-18T20:30:00Z",,,"needs_review","regular = the published TÜBER Ek 2.3.1 standard portion for ""Domates suyu"" (150 g). | small = APP-DERIVED from regular using portion policy portion-policy-v2 (category vegetable_raw), rounded to 10 g steps. This is a product reference size, NOT a value published by TÜBER. | large = APP-DERIVED from regular using portion policy portion-policy-v2 (category vegetable_raw), rounded to 10 g steps. This is a product reference size, NOT a value published by TÜBER. | Composition is the published TürKomp per-100 g record 08.02.0034; no scaling applied."
,"Domates suyu",,"domates-suyu",,"large","230.0",,"food-portions/domates-suyu/domates-suyu--large--230g.webp","Photorealistic overhead food reference photograph of Domates suyu, representing the LARGE controlled portion of 230 grams. Served on the exact same matte white plate used across the three portion variants. Fixed 85-degree overhead camera, fixed camera distance, neutral light stone tabletop, soft diffused daylight, natural appetizing food color, realistic household serving, entire plate visible, centered composition, no utensils, no hands, no napkin, no packaging, no logo, no text, no watermark, no decorative garnish unless part of the canonical recipe, no dramatic restaurant styling, no hard shadows. Only the amount of food should differ between portion variants. Square 1:1 composition, sRGB, production-quality mobile nutrition tracking reference image.","All three variants of Domates suyu are the same scene, re-shot with a different amount of food. Identical across small/regular/large: the matte white plate and its diameter, the 85-degree overhead camera angle, the camera distance, the neutral light stone tabletop, the soft diffused daylight, the white balance, and the framing. The plate diameter is identical in all three renders; only the area, height and realistic volume of the food change. The food keeps the same color, cut and cooking state. Nothing is added or removed between variants — no sauce, oil, herb or side item appears in one variant and not another. Portion weights are 100 g / 150 g / 230 g and must read as visibly increasing at a 120-160 px thumbnail size. No weight, number or label may appear in the image itself.","TürKomp — Ulusal Gıda Kompozisyon Veri Tabanı","08.02.0034",,,,,,,"missing","","TÜBER 2022 Ek 2.3.1 — Besinlerin standart porsiyonlarının enerji ve besin ögesi içerikleri","Domates suyu","https://hsgm.saglik.gov.tr/depo/birimler/saglikli-beslenme-ve-hareketli-hayat-db/Dokumanlar/Rehberler/Turkiye_Beslenme_Rehber_TUBER_2022_min.pdf","TÜBER 2022 (baskı tarihi 2023-08-08)","Ek 2.3.1 (s.283-284)","https://turkomp.tarimorman.gov.tr/food-domates-suyu-172","2026-08-18T20:30:00Z",,,"needs_review","regular = the published TÜBER Ek 2.3.1 standard portion for ""Domates suyu"" (150 g). | small = APP-DERIVED from regular using portion policy portion-policy-v2 (category vegetable_raw), rounded to 10 g steps. This is a product reference size, NOT a value published by TÜBER. | large = APP-DERIVED from regular using portion policy portion-policy-v2 (category vegetable_raw), rounded to 10 g steps. This is a product reference size, NOT a value published by TÜBER. | Composition is the published TürKomp per-100 g record 08.02.0034; no scaling applied."
,"Ananas",,"ananas",,"small","75.0",,"food-portions/ananas/ananas--small--75g.webp","Photorealistic overhead food reference photograph of Ananas, representing the SMALL controlled portion of 75 grams. Served on the exact same matte white plate used across the three portion variants. Fixed 85-degree overhead camera, fixed camera distance, neutral light stone tabletop, soft diffused daylight, natural appetizing food color, realistic household serving, entire plate visible, centered composition, no utensils, no hands, no napkin, no packaging, no logo, no text, no watermark, no decorative garnish unless part of the canonical recipe, no dramatic restaurant styling, no hard shadows. Only the amount of food should differ between portion variants. Square 1:1 composition, sRGB, production-quality mobile nutrition tracking reference image.","All three variants of Ananas are the same scene, re-shot with a different amount of food. Identical across small/regular/large: the matte white plate and its diameter, the 85-degree overhead camera angle, the camera distance, the neutral light stone tabletop, the soft diffused daylight, the white balance, and the framing. The plate diameter is identical in all three renders; only the area, height and realistic volume of the food change. The food keeps the same color, cut and cooking state. Nothing is added or removed between variants — no sauce, oil, herb or side item appears in one variant and not another. Portion weights are 75 g / 150 g / 300 g and must read as visibly increasing at a 120-160 px thumbnail size. No weight, number or label may appear in the image itself.","TürKomp — Ulusal Gıda Kompozisyon Veri Tabanı","09.01.0002",,,,,,,"missing","","TÜBER 2022 Ek 2.3.1 — Besinlerin standart porsiyonlarının enerji ve besin ögesi içerikleri","Ananas","https://hsgm.saglik.gov.tr/depo/birimler/saglikli-beslenme-ve-hareketli-hayat-db/Dokumanlar/Rehberler/Turkiye_Beslenme_Rehber_TUBER_2022_min.pdf","TÜBER 2022 (baskı tarihi 2023-08-08)","Ek 2.3.1 (s.283-284)","https://turkomp.tarimorman.gov.tr/food-ananas-403","2026-08-18T20:30:00Z",,,"needs_review","regular = the published TÜBER Ek 2.3.1 standard portion for ""Ananas"" (150 g). | small = APP-DERIVED as 0.5x the published unit weight (portion policy portion-policy-v2, category fruit_whole). Discrete foods are counted in units, not scaled by a factor. This is a product reference size, NOT published by TÜBER. | large = APP-DERIVED as 2.0x the published unit weight (portion policy portion-policy-v2, category fruit_whole). Discrete foods are counted in units, not scaled by a factor. This is a product reference size, NOT published by TÜBER. | Composition is the published TürKomp per-100 g record 09.01.0002; no scaling applied."
,"Ananas",,"ananas",,"regular","150.0",,"food-portions/ananas/ananas--regular--150g.webp","Photorealistic overhead food reference photograph of Ananas, representing the REGULAR controlled portion of 150 grams. Served on the exact same matte white plate used across the three portion variants. Fixed 85-degree overhead camera, fixed camera distance, neutral light stone tabletop, soft diffused daylight, natural appetizing food color, realistic household serving, entire plate visible, centered composition, no utensils, no hands, no napkin, no packaging, no logo, no text, no watermark, no decorative garnish unless part of the canonical recipe, no dramatic restaurant styling, no hard shadows. Only the amount of food should differ between portion variants. Square 1:1 composition, sRGB, production-quality mobile nutrition tracking reference image.","All three variants of Ananas are the same scene, re-shot with a different amount of food. Identical across small/regular/large: the matte white plate and its diameter, the 85-degree overhead camera angle, the camera distance, the neutral light stone tabletop, the soft diffused daylight, the white balance, and the framing. The plate diameter is identical in all three renders; only the area, height and realistic volume of the food change. The food keeps the same color, cut and cooking state. Nothing is added or removed between variants — no sauce, oil, herb or side item appears in one variant and not another. Portion weights are 75 g / 150 g / 300 g and must read as visibly increasing at a 120-160 px thumbnail size. No weight, number or label may appear in the image itself.","TürKomp — Ulusal Gıda Kompozisyon Veri Tabanı","09.01.0002",,,,,,,"missing","","TÜBER 2022 Ek 2.3.1 — Besinlerin standart porsiyonlarının enerji ve besin ögesi içerikleri","Ananas","https://hsgm.saglik.gov.tr/depo/birimler/saglikli-beslenme-ve-hareketli-hayat-db/Dokumanlar/Rehberler/Turkiye_Beslenme_Rehber_TUBER_2022_min.pdf","TÜBER 2022 (baskı tarihi 2023-08-08)","Ek 2.3.1 (s.283-284)","https://turkomp.tarimorman.gov.tr/food-ananas-403","2026-08-18T20:30:00Z",,,"needs_review","regular = the published TÜBER Ek 2.3.1 standard portion for ""Ananas"" (150 g). | small = APP-DERIVED as 0.5x the published unit weight (portion policy portion-policy-v2, category fruit_whole). Discrete foods are counted in units, not scaled by a factor. This is a product reference size, NOT published by TÜBER. | large = APP-DERIVED as 2.0x the published unit weight (portion policy portion-policy-v2, category fruit_whole). Discrete foods are counted in units, not scaled by a factor. This is a product reference size, NOT published by TÜBER. | Composition is the published TürKomp per-100 g record 09.01.0002; no scaling applied."
,"Ananas",,"ananas",,"large","300.0",,"food-portions/ananas/ananas--large--300g.webp","Photorealistic overhead food reference photograph of Ananas, representing the LARGE controlled portion of 300 grams. Served on the exact same matte white plate used across the three portion variants. Fixed 85-degree overhead camera, fixed camera distance, neutral light stone tabletop, soft diffused daylight, natural appetizing food color, realistic household serving, entire plate visible, centered composition, no utensils, no hands, no napkin, no packaging, no logo, no text, no watermark, no decorative garnish unless part of the canonical recipe, no dramatic restaurant styling, no hard shadows. Only the amount of food should differ between portion variants. Square 1:1 composition, sRGB, production-quality mobile nutrition tracking reference image.","All three variants of Ananas are the same scene, re-shot with a different amount of food. Identical across small/regular/large: the matte white plate and its diameter, the 85-degree overhead camera angle, the camera distance, the neutral light stone tabletop, the soft diffused daylight, the white balance, and the framing. The plate diameter is identical in all three renders; only the area, height and realistic volume of the food change. The food keeps the same color, cut and cooking state. Nothing is added or removed between variants — no sauce, oil, herb or side item appears in one variant and not another. Portion weights are 75 g / 150 g / 300 g and must read as visibly increasing at a 120-160 px thumbnail size. No weight, number or label may appear in the image itself.","TürKomp — Ulusal Gıda Kompozisyon Veri Tabanı","09.01.0002",,,,,,,"missing","","TÜBER 2022 Ek 2.3.1 — Besinlerin standart porsiyonlarının enerji ve besin ögesi içerikleri","Ananas","https://hsgm.saglik.gov.tr/depo/birimler/saglikli-beslenme-ve-hareketli-hayat-db/Dokumanlar/Rehberler/Turkiye_Beslenme_Rehber_TUBER_2022_min.pdf","TÜBER 2022 (baskı tarihi 2023-08-08)","Ek 2.3.1 (s.283-284)","https://turkomp.tarimorman.gov.tr/food-ananas-403","2026-08-18T20:30:00Z",,,"needs_review","regular = the published TÜBER Ek 2.3.1 standard portion for ""Ananas"" (150 g). | small = APP-DERIVED as 0.5x the published unit weight (portion policy portion-policy-v2, category fruit_whole). Discrete foods are counted in units, not scaled by a factor. This is a product reference size, NOT published by TÜBER. | large = APP-DERIVED as 2.0x the published unit weight (portion policy portion-policy-v2, category fruit_whole). Discrete foods are counted in units, not scaled by a factor. This is a product reference size, NOT published by TÜBER. | Composition is the published TürKomp per-100 g record 09.01.0002; no scaling applied."
,"Çilek",,"cilek",,"small","75.0",,"food-portions/cilek/cilek--small--75g.webp","Photorealistic overhead food reference photograph of Çilek, representing the SMALL controlled portion of 75 grams. Served on the exact same matte white plate used across the three portion variants. Fixed 85-degree overhead camera, fixed camera distance, neutral light stone tabletop, soft diffused daylight, natural appetizing food color, realistic household serving, entire plate visible, centered composition, no utensils, no hands, no napkin, no packaging, no logo, no text, no watermark, no decorative garnish unless part of the canonical recipe, no dramatic restaurant styling, no hard shadows. Only the amount of food should differ between portion variants. Square 1:1 composition, sRGB, production-quality mobile nutrition tracking reference image.","All three variants of Çilek are the same scene, re-shot with a different amount of food. Identical across small/regular/large: the matte white plate and its diameter, the 85-degree overhead camera angle, the camera distance, the neutral light stone tabletop, the soft diffused daylight, the white balance, and the framing. The plate diameter is identical in all three renders; only the area, height and realistic volume of the food change. The food keeps the same color, cut and cooking state. Nothing is added or removed between variants — no sauce, oil, herb or side item appears in one variant and not another. Portion weights are 75 g / 150 g / 300 g and must read as visibly increasing at a 120-160 px thumbnail size. No weight, number or label may appear in the image itself.","TürKomp — Ulusal Gıda Kompozisyon Veri Tabanı","09.01.0012",,,,,,,"missing","","TÜBER 2022 Ek 2.3.1 — Besinlerin standart porsiyonlarının enerji ve besin ögesi içerikleri","Çilek","https://hsgm.saglik.gov.tr/depo/birimler/saglikli-beslenme-ve-hareketli-hayat-db/Dokumanlar/Rehberler/Turkiye_Beslenme_Rehber_TUBER_2022_min.pdf","TÜBER 2022 (baskı tarihi 2023-08-08)","Ek 2.3.1 (s.283-284)","https://turkomp.tarimorman.gov.tr/food-cilek-377","2026-08-18T20:30:00Z",,,"needs_review","regular = the published TÜBER Ek 2.3.1 standard portion for ""Çilek"" (150 g). | small = APP-DERIVED as 0.5x the published unit weight (portion policy portion-policy-v2, category fruit_whole). Discrete foods are counted in units, not scaled by a factor. This is a product reference size, NOT published by TÜBER. | large = APP-DERIVED as 2.0x the published unit weight (portion policy portion-policy-v2, category fruit_whole). Discrete foods are counted in units, not scaled by a factor. This is a product reference size, NOT published by TÜBER. | Composition is the published TürKomp per-100 g record 09.01.0012; no scaling applied."
,"Çilek",,"cilek",,"regular","150.0",,"food-portions/cilek/cilek--regular--150g.webp","Photorealistic overhead food reference photograph of Çilek, representing the REGULAR controlled portion of 150 grams. Served on the exact same matte white plate used across the three portion variants. Fixed 85-degree overhead camera, fixed camera distance, neutral light stone tabletop, soft diffused daylight, natural appetizing food color, realistic household serving, entire plate visible, centered composition, no utensils, no hands, no napkin, no packaging, no logo, no text, no watermark, no decorative garnish unless part of the canonical recipe, no dramatic restaurant styling, no hard shadows. Only the amount of food should differ between portion variants. Square 1:1 composition, sRGB, production-quality mobile nutrition tracking reference image.","All three variants of Çilek are the same scene, re-shot with a different amount of food. Identical across small/regular/large: the matte white plate and its diameter, the 85-degree overhead camera angle, the camera distance, the neutral light stone tabletop, the soft diffused daylight, the white balance, and the framing. The plate diameter is identical in all three renders; only the area, height and realistic volume of the food change. The food keeps the same color, cut and cooking state. Nothing is added or removed between variants — no sauce, oil, herb or side item appears in one variant and not another. Portion weights are 75 g / 150 g / 300 g and must read as visibly increasing at a 120-160 px thumbnail size. No weight, number or label may appear in the image itself.","TürKomp — Ulusal Gıda Kompozisyon Veri Tabanı","09.01.0012",,,,,,,"missing","","TÜBER 2022 Ek 2.3.1 — Besinlerin standart porsiyonlarının enerji ve besin ögesi içerikleri","Çilek","https://hsgm.saglik.gov.tr/depo/birimler/saglikli-beslenme-ve-hareketli-hayat-db/Dokumanlar/Rehberler/Turkiye_Beslenme_Rehber_TUBER_2022_min.pdf","TÜBER 2022 (baskı tarihi 2023-08-08)","Ek 2.3.1 (s.283-284)","https://turkomp.tarimorman.gov.tr/food-cilek-377","2026-08-18T20:30:00Z",,,"needs_review","regular = the published TÜBER Ek 2.3.1 standard portion for ""Çilek"" (150 g). | small = APP-DERIVED as 0.5x the published unit weight (portion policy portion-policy-v2, category fruit_whole). Discrete foods are counted in units, not scaled by a factor. This is a product reference size, NOT published by TÜBER. | large = APP-DERIVED as 2.0x the published unit weight (portion policy portion-policy-v2, category fruit_whole). Discrete foods are counted in units, not scaled by a factor. This is a product reference size, NOT published by TÜBER. | Composition is the published TürKomp per-100 g record 09.01.0012; no scaling applied."
,"Çilek",,"cilek",,"large","300.0",,"food-portions/cilek/cilek--large--300g.webp","Photorealistic overhead food reference photograph of Çilek, representing the LARGE controlled portion of 300 grams. Served on the exact same matte white plate used across the three portion variants. Fixed 85-degree overhead camera, fixed camera distance, neutral light stone tabletop, soft diffused daylight, natural appetizing food color, realistic household serving, entire plate visible, centered composition, no utensils, no hands, no napkin, no packaging, no logo, no text, no watermark, no decorative garnish unless part of the canonical recipe, no dramatic restaurant styling, no hard shadows. Only the amount of food should differ between portion variants. Square 1:1 composition, sRGB, production-quality mobile nutrition tracking reference image.","All three variants of Çilek are the same scene, re-shot with a different amount of food. Identical across small/regular/large: the matte white plate and its diameter, the 85-degree overhead camera angle, the camera distance, the neutral light stone tabletop, the soft diffused daylight, the white balance, and the framing. The plate diameter is identical in all three renders; only the area, height and realistic volume of the food change. The food keeps the same color, cut and cooking state. Nothing is added or removed between variants — no sauce, oil, herb or side item appears in one variant and not another. Portion weights are 75 g / 150 g / 300 g and must read as visibly increasing at a 120-160 px thumbnail size. No weight, number or label may appear in the image itself.","TürKomp — Ulusal Gıda Kompozisyon Veri Tabanı","09.01.0012",,,,,,,"missing","","TÜBER 2022 Ek 2.3.1 — Besinlerin standart porsiyonlarının enerji ve besin ögesi içerikleri","Çilek","https://hsgm.saglik.gov.tr/depo/birimler/saglikli-beslenme-ve-hareketli-hayat-db/Dokumanlar/Rehberler/Turkiye_Beslenme_Rehber_TUBER_2022_min.pdf","TÜBER 2022 (baskı tarihi 2023-08-08)","Ek 2.3.1 (s.283-284)","https://turkomp.tarimorman.gov.tr/food-cilek-377","2026-08-18T20:30:00Z",,,"needs_review","regular = the published TÜBER Ek 2.3.1 standard portion for ""Çilek"" (150 g). | small = APP-DERIVED as 0.5x the published unit weight (portion policy portion-policy-v2, category fruit_whole). Discrete foods are counted in units, not scaled by a factor. This is a product reference size, NOT published by TÜBER. | large = APP-DERIVED as 2.0x the published unit weight (portion policy portion-policy-v2, category fruit_whole). Discrete foods are counted in units, not scaled by a factor. This is a product reference size, NOT published by TÜBER. | Composition is the published TürKomp per-100 g record 09.01.0012; no scaling applied."
,"İncir, Bursa Siyahı",,"incir-bursa-siyahi",,"small","75.0",,"food-portions/incir-bursa-siyahi/incir-bursa-siyahi--small--75g.webp","Photorealistic overhead food reference photograph of İncir, Bursa Siyahı, representing the SMALL controlled portion of 75 grams. Served on the exact same matte white plate used across the three portion variants. Fixed 85-degree overhead camera, fixed camera distance, neutral light stone tabletop, soft diffused daylight, natural appetizing food color, realistic household serving, entire plate visible, centered composition, no utensils, no hands, no napkin, no packaging, no logo, no text, no watermark, no decorative garnish unless part of the canonical recipe, no dramatic restaurant styling, no hard shadows. Only the amount of food should differ between portion variants. Square 1:1 composition, sRGB, production-quality mobile nutrition tracking reference image.","All three variants of İncir, Bursa Siyahı are the same scene, re-shot with a different amount of food. Identical across small/regular/large: the matte white plate and its diameter, the 85-degree overhead camera angle, the camera distance, the neutral light stone tabletop, the soft diffused daylight, the white balance, and the framing. The plate diameter is identical in all three renders; only the area, height and realistic volume of the food change. The food keeps the same color, cut and cooking state. Nothing is added or removed between variants — no sauce, oil, herb or side item appears in one variant and not another. Portion weights are 75 g / 150 g / 300 g and must read as visibly increasing at a 120-160 px thumbnail size. No weight, number or label may appear in the image itself.","TürKomp — Ulusal Gıda Kompozisyon Veri Tabanı","09.01.0022",,,,,,,"missing","","TÜBER 2022 Ek 2.3.1 — Besinlerin standart porsiyonlarının enerji ve besin ögesi içerikleri","İncir","https://hsgm.saglik.gov.tr/depo/birimler/saglikli-beslenme-ve-hareketli-hayat-db/Dokumanlar/Rehberler/Turkiye_Beslenme_Rehber_TUBER_2022_min.pdf","TÜBER 2022 (baskı tarihi 2023-08-08)","Ek 2.3.1 (s.283-284)","https://turkomp.tarimorman.gov.tr/food-incir-bursa-siyahi-367","2026-08-18T20:30:00Z",,,"needs_review","regular = the published TÜBER Ek 2.3.1 standard portion for ""İncir"" (150 g). | small = APP-DERIVED as 0.5x the published unit weight (portion policy portion-policy-v2, category fruit_whole). Discrete foods are counted in units, not scaled by a factor. This is a product reference size, NOT published by TÜBER. | large = APP-DERIVED as 2.0x the published unit weight (portion policy portion-policy-v2, category fruit_whole). Discrete foods are counted in units, not scaled by a factor. This is a product reference size, NOT published by TÜBER. | Composition is the published TürKomp per-100 g record 09.01.0022; no scaling applied."
,"İncir, Bursa Siyahı",,"incir-bursa-siyahi",,"regular","150.0",,"food-portions/incir-bursa-siyahi/incir-bursa-siyahi--regular--150g.webp","Photorealistic overhead food reference photograph of İncir, Bursa Siyahı, representing the REGULAR controlled portion of 150 grams. Served on the exact same matte white plate used across the three portion variants. Fixed 85-degree overhead camera, fixed camera distance, neutral light stone tabletop, soft diffused daylight, natural appetizing food color, realistic household serving, entire plate visible, centered composition, no utensils, no hands, no napkin, no packaging, no logo, no text, no watermark, no decorative garnish unless part of the canonical recipe, no dramatic restaurant styling, no hard shadows. Only the amount of food should differ between portion variants. Square 1:1 composition, sRGB, production-quality mobile nutrition tracking reference image.","All three variants of İncir, Bursa Siyahı are the same scene, re-shot with a different amount of food. Identical across small/regular/large: the matte white plate and its diameter, the 85-degree overhead camera angle, the camera distance, the neutral light stone tabletop, the soft diffused daylight, the white balance, and the framing. The plate diameter is identical in all three renders; only the area, height and realistic volume of the food change. The food keeps the same color, cut and cooking state. Nothing is added or removed between variants — no sauce, oil, herb or side item appears in one variant and not another. Portion weights are 75 g / 150 g / 300 g and must read as visibly increasing at a 120-160 px thumbnail size. No weight, number or label may appear in the image itself.","TürKomp — Ulusal Gıda Kompozisyon Veri Tabanı","09.01.0022",,,,,,,"missing","","TÜBER 2022 Ek 2.3.1 — Besinlerin standart porsiyonlarının enerji ve besin ögesi içerikleri","İncir","https://hsgm.saglik.gov.tr/depo/birimler/saglikli-beslenme-ve-hareketli-hayat-db/Dokumanlar/Rehberler/Turkiye_Beslenme_Rehber_TUBER_2022_min.pdf","TÜBER 2022 (baskı tarihi 2023-08-08)","Ek 2.3.1 (s.283-284)","https://turkomp.tarimorman.gov.tr/food-incir-bursa-siyahi-367","2026-08-18T20:30:00Z",,,"needs_review","regular = the published TÜBER Ek 2.3.1 standard portion for ""İncir"" (150 g). | small = APP-DERIVED as 0.5x the published unit weight (portion policy portion-policy-v2, category fruit_whole). Discrete foods are counted in units, not scaled by a factor. This is a product reference size, NOT published by TÜBER. | large = APP-DERIVED as 2.0x the published unit weight (portion policy portion-policy-v2, category fruit_whole). Discrete foods are counted in units, not scaled by a factor. This is a product reference size, NOT published by TÜBER. | Composition is the published TürKomp per-100 g record 09.01.0022; no scaling applied."
,"İncir, Bursa Siyahı",,"incir-bursa-siyahi",,"large","300.0",,"food-portions/incir-bursa-siyahi/incir-bursa-siyahi--large--300g.webp","Photorealistic overhead food reference photograph of İncir, Bursa Siyahı, representing the LARGE controlled portion of 300 grams. Served on the exact same matte white plate used across the three portion variants. Fixed 85-degree overhead camera, fixed camera distance, neutral light stone tabletop, soft diffused daylight, natural appetizing food color, realistic household serving, entire plate visible, centered composition, no utensils, no hands, no napkin, no packaging, no logo, no text, no watermark, no decorative garnish unless part of the canonical recipe, no dramatic restaurant styling, no hard shadows. Only the amount of food should differ between portion variants. Square 1:1 composition, sRGB, production-quality mobile nutrition tracking reference image.","All three variants of İncir, Bursa Siyahı are the same scene, re-shot with a different amount of food. Identical across small/regular/large: the matte white plate and its diameter, the 85-degree overhead camera angle, the camera distance, the neutral light stone tabletop, the soft diffused daylight, the white balance, and the framing. The plate diameter is identical in all three renders; only the area, height and realistic volume of the food change. The food keeps the same color, cut and cooking state. Nothing is added or removed between variants — no sauce, oil, herb or side item appears in one variant and not another. Portion weights are 75 g / 150 g / 300 g and must read as visibly increasing at a 120-160 px thumbnail size. No weight, number or label may appear in the image itself.","TürKomp — Ulusal Gıda Kompozisyon Veri Tabanı","09.01.0022",,,,,,,"missing","","TÜBER 2022 Ek 2.3.1 — Besinlerin standart porsiyonlarının enerji ve besin ögesi içerikleri","İncir","https://hsgm.saglik.gov.tr/depo/birimler/saglikli-beslenme-ve-hareketli-hayat-db/Dokumanlar/Rehberler/Turkiye_Beslenme_Rehber_TUBER_2022_min.pdf","TÜBER 2022 (baskı tarihi 2023-08-08)","Ek 2.3.1 (s.283-284)","https://turkomp.tarimorman.gov.tr/food-incir-bursa-siyahi-367","2026-08-18T20:30:00Z",,,"needs_review","regular = the published TÜBER Ek 2.3.1 standard portion for ""İncir"" (150 g). | small = APP-DERIVED as 0.5x the published unit weight (portion policy portion-policy-v2, category fruit_whole). Discrete foods are counted in units, not scaled by a factor. This is a product reference size, NOT published by TÜBER. | large = APP-DERIVED as 2.0x the published unit weight (portion policy portion-policy-v2, category fruit_whole). Discrete foods are counted in units, not scaled by a factor. This is a product reference size, NOT published by TÜBER. | Composition is the published TürKomp per-100 g record 09.01.0022; no scaling applied."
,"Kivi",,"kivi",,"small","75.0",,"food-portions/kivi/kivi--small--75g.webp","Photorealistic overhead food reference photograph of Kivi, representing the SMALL controlled portion of 75 grams. Served on the exact same matte white plate used across the three portion variants. Fixed 85-degree overhead camera, fixed camera distance, neutral light stone tabletop, soft diffused daylight, natural appetizing food color, realistic household serving, entire plate visible, centered composition, no utensils, no hands, no napkin, no packaging, no logo, no text, no watermark, no decorative garnish unless part of the canonical recipe, no dramatic restaurant styling, no hard shadows. Only the amount of food should differ between portion variants. Square 1:1 composition, sRGB, production-quality mobile nutrition tracking reference image.","All three variants of Kivi are the same scene, re-shot with a different amount of food. Identical across small/regular/large: the matte white plate and its diameter, the 85-degree overhead camera angle, the camera distance, the neutral light stone tabletop, the soft diffused daylight, the white balance, and the framing. The plate diameter is identical in all three renders; only the area, height and realistic volume of the food change. The food keeps the same color, cut and cooking state. Nothing is added or removed between variants — no sauce, oil, herb or side item appears in one variant and not another. Portion weights are 75 g / 150 g / 300 g and must read as visibly increasing at a 120-160 px thumbnail size. No weight, number or label may appear in the image itself.","TürKomp — Ulusal Gıda Kompozisyon Veri Tabanı","09.01.0029",,,,,,,"missing","","TÜBER 2022 Ek 2.3.1 — Besinlerin standart porsiyonlarının enerji ve besin ögesi içerikleri","Kivi","https://hsgm.saglik.gov.tr/depo/birimler/saglikli-beslenme-ve-hareketli-hayat-db/Dokumanlar/Rehberler/Turkiye_Beslenme_Rehber_TUBER_2022_min.pdf","TÜBER 2022 (baskı tarihi 2023-08-08)","Ek 2.3.1 (s.283-284)","https://turkomp.tarimorman.gov.tr/food-kivi-321","2026-08-18T20:30:00Z",,,"needs_review","regular = the published TÜBER Ek 2.3.1 standard portion for ""Kivi"" (150 g). | small = APP-DERIVED as 0.5x the published unit weight (portion policy portion-policy-v2, category fruit_whole). Discrete foods are counted in units, not scaled by a factor. This is a product reference size, NOT published by TÜBER. | large = APP-DERIVED as 2.0x the published unit weight (portion policy portion-policy-v2, category fruit_whole). Discrete foods are counted in units, not scaled by a factor. This is a product reference size, NOT published by TÜBER. | Composition is the published TürKomp per-100 g record 09.01.0029; no scaling applied."
,"Kivi",,"kivi",,"regular","150.0",,"food-portions/kivi/kivi--regular--150g.webp","Photorealistic overhead food reference photograph of Kivi, representing the REGULAR controlled portion of 150 grams. Served on the exact same matte white plate used across the three portion variants. Fixed 85-degree overhead camera, fixed camera distance, neutral light stone tabletop, soft diffused daylight, natural appetizing food color, realistic household serving, entire plate visible, centered composition, no utensils, no hands, no napkin, no packaging, no logo, no text, no watermark, no decorative garnish unless part of the canonical recipe, no dramatic restaurant styling, no hard shadows. Only the amount of food should differ between portion variants. Square 1:1 composition, sRGB, production-quality mobile nutrition tracking reference image.","All three variants of Kivi are the same scene, re-shot with a different amount of food. Identical across small/regular/large: the matte white plate and its diameter, the 85-degree overhead camera angle, the camera distance, the neutral light stone tabletop, the soft diffused daylight, the white balance, and the framing. The plate diameter is identical in all three renders; only the area, height and realistic volume of the food change. The food keeps the same color, cut and cooking state. Nothing is added or removed between variants — no sauce, oil, herb or side item appears in one variant and not another. Portion weights are 75 g / 150 g / 300 g and must read as visibly increasing at a 120-160 px thumbnail size. No weight, number or label may appear in the image itself.","TürKomp — Ulusal Gıda Kompozisyon Veri Tabanı","09.01.0029",,,,,,,"missing","","TÜBER 2022 Ek 2.3.1 — Besinlerin standart porsiyonlarının enerji ve besin ögesi içerikleri","Kivi","https://hsgm.saglik.gov.tr/depo/birimler/saglikli-beslenme-ve-hareketli-hayat-db/Dokumanlar/Rehberler/Turkiye_Beslenme_Rehber_TUBER_2022_min.pdf","TÜBER 2022 (baskı tarihi 2023-08-08)","Ek 2.3.1 (s.283-284)","https://turkomp.tarimorman.gov.tr/food-kivi-321","2026-08-18T20:30:00Z",,,"needs_review","regular = the published TÜBER Ek 2.3.1 standard portion for ""Kivi"" (150 g). | small = APP-DERIVED as 0.5x the published unit weight (portion policy portion-policy-v2, category fruit_whole). Discrete foods are counted in units, not scaled by a factor. This is a product reference size, NOT published by TÜBER. | large = APP-DERIVED as 2.0x the published unit weight (portion policy portion-policy-v2, category fruit_whole). Discrete foods are counted in units, not scaled by a factor. This is a product reference size, NOT published by TÜBER. | Composition is the published TürKomp per-100 g record 09.01.0029; no scaling applied."
,"Kivi",,"kivi",,"large","300.0",,"food-portions/kivi/kivi--large--300g.webp","Photorealistic overhead food reference photograph of Kivi, representing the LARGE controlled portion of 300 grams. Served on the exact same matte white plate used across the three portion variants. Fixed 85-degree overhead camera, fixed camera distance, neutral light stone tabletop, soft diffused daylight, natural appetizing food color, realistic household serving, entire plate visible, centered composition, no utensils, no hands, no napkin, no packaging, no logo, no text, no watermark, no decorative garnish unless part of the canonical recipe, no dramatic restaurant styling, no hard shadows. Only the amount of food should differ between portion variants. Square 1:1 composition, sRGB, production-quality mobile nutrition tracking reference image.","All three variants of Kivi are the same scene, re-shot with a different amount of food. Identical across small/regular/large: the matte white plate and its diameter, the 85-degree overhead camera angle, the camera distance, the neutral light stone tabletop, the soft diffused daylight, the white balance, and the framing. The plate diameter is identical in all three renders; only the area, height and realistic volume of the food change. The food keeps the same color, cut and cooking state. Nothing is added or removed between variants — no sauce, oil, herb or side item appears in one variant and not another. Portion weights are 75 g / 150 g / 300 g and must read as visibly increasing at a 120-160 px thumbnail size. No weight, number or label may appear in the image itself.","TürKomp — Ulusal Gıda Kompozisyon Veri Tabanı","09.01.0029",,,,,,,"missing","","TÜBER 2022 Ek 2.3.1 — Besinlerin standart porsiyonlarının enerji ve besin ögesi içerikleri","Kivi","https://hsgm.saglik.gov.tr/depo/birimler/saglikli-beslenme-ve-hareketli-hayat-db/Dokumanlar/Rehberler/Turkiye_Beslenme_Rehber_TUBER_2022_min.pdf","TÜBER 2022 (baskı tarihi 2023-08-08)","Ek 2.3.1 (s.283-284)","https://turkomp.tarimorman.gov.tr/food-kivi-321","2026-08-18T20:30:00Z",,,"needs_review","regular = the published TÜBER Ek 2.3.1 standard portion for ""Kivi"" (150 g). | small = APP-DERIVED as 0.5x the published unit weight (portion policy portion-policy-v2, category fruit_whole). Discrete foods are counted in units, not scaled by a factor. This is a product reference size, NOT published by TÜBER. | large = APP-DERIVED as 2.0x the published unit weight (portion policy portion-policy-v2, category fruit_whole). Discrete foods are counted in units, not scaled by a factor. This is a product reference size, NOT published by TÜBER. | Composition is the published TürKomp per-100 g record 09.01.0029; no scaling applied."
,"Muz, Anamur çeşidi",,"muz-anamur-cesidi",,"small","50.0",,"food-portions/muz-anamur-cesidi/muz-anamur-cesidi--small--50g.webp","Photorealistic overhead food reference photograph of Muz, Anamur çeşidi, representing the SMALL controlled portion of 50 grams. Served on the exact same matte white plate used across the three portion variants. Fixed 85-degree overhead camera, fixed camera distance, neutral light stone tabletop, soft diffused daylight, natural appetizing food color, realistic household serving, entire plate visible, centered composition, no utensils, no hands, no napkin, no packaging, no logo, no text, no watermark, no decorative garnish unless part of the canonical recipe, no dramatic restaurant styling, no hard shadows. Only the amount of food should differ between portion variants. Square 1:1 composition, sRGB, production-quality mobile nutrition tracking reference image.","All three variants of Muz, Anamur çeşidi are the same scene, re-shot with a different amount of food. Identical across small/regular/large: the matte white plate and its diameter, the 85-degree overhead camera angle, the camera distance, the neutral light stone tabletop, the soft diffused daylight, the white balance, and the framing. The plate diameter is identical in all three renders; only the area, height and realistic volume of the food change. The food keeps the same color, cut and cooking state. Nothing is added or removed between variants — no sauce, oil, herb or side item appears in one variant and not another. Portion weights are 50 g / 100 g / 200 g and must read as visibly increasing at a 120-160 px thumbnail size. No weight, number or label may appear in the image itself.","TürKomp — Ulusal Gıda Kompozisyon Veri Tabanı","09.01.0037",,,,,,,"missing","","TÜBER 2022 Ek 2.3.1 — Besinlerin standart porsiyonlarının enerji ve besin ögesi içerikleri","Muz","https://hsgm.saglik.gov.tr/depo/birimler/saglikli-beslenme-ve-hareketli-hayat-db/Dokumanlar/Rehberler/Turkiye_Beslenme_Rehber_TUBER_2022_min.pdf","TÜBER 2022 (baskı tarihi 2023-08-08)","Ek 2.3.1 (s.283-284)","https://turkomp.tarimorman.gov.tr/food-muz-anamur-cesidi-395","2026-08-18T20:30:00Z",,,"needs_review","regular = the published TÜBER Ek 2.3.1 standard portion for ""Muz"" (100 g). | small = APP-DERIVED as 0.5x the published unit weight (portion policy portion-policy-v2, category fruit_whole). Discrete foods are counted in units, not scaled by a factor. This is a product reference size, NOT published by TÜBER. | large = APP-DERIVED as 2.0x the published unit weight (portion policy portion-policy-v2, category fruit_whole). Discrete foods are counted in units, not scaled by a factor. This is a product reference size, NOT published by TÜBER. | Composition is the published TürKomp per-100 g record 09.01.0037; no scaling applied."
,"Muz, Anamur çeşidi",,"muz-anamur-cesidi",,"regular","100.0",,"food-portions/muz-anamur-cesidi/muz-anamur-cesidi--regular--100g.webp","Photorealistic overhead food reference photograph of Muz, Anamur çeşidi, representing the REGULAR controlled portion of 100 grams. Served on the exact same matte white plate used across the three portion variants. Fixed 85-degree overhead camera, fixed camera distance, neutral light stone tabletop, soft diffused daylight, natural appetizing food color, realistic household serving, entire plate visible, centered composition, no utensils, no hands, no napkin, no packaging, no logo, no text, no watermark, no decorative garnish unless part of the canonical recipe, no dramatic restaurant styling, no hard shadows. Only the amount of food should differ between portion variants. Square 1:1 composition, sRGB, production-quality mobile nutrition tracking reference image.","All three variants of Muz, Anamur çeşidi are the same scene, re-shot with a different amount of food. Identical across small/regular/large: the matte white plate and its diameter, the 85-degree overhead camera angle, the camera distance, the neutral light stone tabletop, the soft diffused daylight, the white balance, and the framing. The plate diameter is identical in all three renders; only the area, height and realistic volume of the food change. The food keeps the same color, cut and cooking state. Nothing is added or removed between variants — no sauce, oil, herb or side item appears in one variant and not another. Portion weights are 50 g / 100 g / 200 g and must read as visibly increasing at a 120-160 px thumbnail size. No weight, number or label may appear in the image itself.","TürKomp — Ulusal Gıda Kompozisyon Veri Tabanı","09.01.0037",,,,,,,"missing","","TÜBER 2022 Ek 2.3.1 — Besinlerin standart porsiyonlarının enerji ve besin ögesi içerikleri","Muz","https://hsgm.saglik.gov.tr/depo/birimler/saglikli-beslenme-ve-hareketli-hayat-db/Dokumanlar/Rehberler/Turkiye_Beslenme_Rehber_TUBER_2022_min.pdf","TÜBER 2022 (baskı tarihi 2023-08-08)","Ek 2.3.1 (s.283-284)","https://turkomp.tarimorman.gov.tr/food-muz-anamur-cesidi-395","2026-08-18T20:30:00Z",,,"needs_review","regular = the published TÜBER Ek 2.3.1 standard portion for ""Muz"" (100 g). | small = APP-DERIVED as 0.5x the published unit weight (portion policy portion-policy-v2, category fruit_whole). Discrete foods are counted in units, not scaled by a factor. This is a product reference size, NOT published by TÜBER. | large = APP-DERIVED as 2.0x the published unit weight (portion policy portion-policy-v2, category fruit_whole). Discrete foods are counted in units, not scaled by a factor. This is a product reference size, NOT published by TÜBER. | Composition is the published TürKomp per-100 g record 09.01.0037; no scaling applied."
,"Muz, Anamur çeşidi",,"muz-anamur-cesidi",,"large","200.0",,"food-portions/muz-anamur-cesidi/muz-anamur-cesidi--large--200g.webp","Photorealistic overhead food reference photograph of Muz, Anamur çeşidi, representing the LARGE controlled portion of 200 grams. Served on the exact same matte white plate used across the three portion variants. Fixed 85-degree overhead camera, fixed camera distance, neutral light stone tabletop, soft diffused daylight, natural appetizing food color, realistic household serving, entire plate visible, centered composition, no utensils, no hands, no napkin, no packaging, no logo, no text, no watermark, no decorative garnish unless part of the canonical recipe, no dramatic restaurant styling, no hard shadows. Only the amount of food should differ between portion variants. Square 1:1 composition, sRGB, production-quality mobile nutrition tracking reference image.","All three variants of Muz, Anamur çeşidi are the same scene, re-shot with a different amount of food. Identical across small/regular/large: the matte white plate and its diameter, the 85-degree overhead camera angle, the camera distance, the neutral light stone tabletop, the soft diffused daylight, the white balance, and the framing. The plate diameter is identical in all three renders; only the area, height and realistic volume of the food change. The food keeps the same color, cut and cooking state. Nothing is added or removed between variants — no sauce, oil, herb or side item appears in one variant and not another. Portion weights are 50 g / 100 g / 200 g and must read as visibly increasing at a 120-160 px thumbnail size. No weight, number or label may appear in the image itself.","TürKomp — Ulusal Gıda Kompozisyon Veri Tabanı","09.01.0037",,,,,,,"missing","","TÜBER 2022 Ek 2.3.1 — Besinlerin standart porsiyonlarının enerji ve besin ögesi içerikleri","Muz","https://hsgm.saglik.gov.tr/depo/birimler/saglikli-beslenme-ve-hareketli-hayat-db/Dokumanlar/Rehberler/Turkiye_Beslenme_Rehber_TUBER_2022_min.pdf","TÜBER 2022 (baskı tarihi 2023-08-08)","Ek 2.3.1 (s.283-284)","https://turkomp.tarimorman.gov.tr/food-muz-anamur-cesidi-395","2026-08-18T20:30:00Z",,,"needs_review","regular = the published TÜBER Ek 2.3.1 standard portion for ""Muz"" (100 g). | small = APP-DERIVED as 0.5x the published unit weight (portion policy portion-policy-v2, category fruit_whole). Discrete foods are counted in units, not scaled by a factor. This is a product reference size, NOT published by TÜBER. | large = APP-DERIVED as 2.0x the published unit weight (portion policy portion-policy-v2, category fruit_whole). Discrete foods are counted in units, not scaled by a factor. This is a product reference size, NOT published by TÜBER. | Composition is the published TürKomp per-100 g record 09.01.0037; no scaling applied."
,"Muz, İthal çeşit",,"muz-ithal-cesit",,"small","50.0",,"food-portions/muz-ithal-cesit/muz-ithal-cesit--small--50g.webp","Photorealistic overhead food reference photograph of Muz, İthal çeşit, representing the SMALL controlled portion of 50 grams. Served on the exact same matte white plate used across the three portion variants. Fixed 85-degree overhead camera, fixed camera distance, neutral light stone tabletop, soft diffused daylight, natural appetizing food color, realistic household serving, entire plate visible, centered composition, no utensils, no hands, no napkin, no packaging, no logo, no text, no watermark, no decorative garnish unless part of the canonical recipe, no dramatic restaurant styling, no hard shadows. Only the amount of food should differ between portion variants. Square 1:1 composition, sRGB, production-quality mobile nutrition tracking reference image.","All three variants of Muz, İthal çeşit are the same scene, re-shot with a different amount of food. Identical across small/regular/large: the matte white plate and its diameter, the 85-degree overhead camera angle, the camera distance, the neutral light stone tabletop, the soft diffused daylight, the white balance, and the framing. The plate diameter is identical in all three renders; only the area, height and realistic volume of the food change. The food keeps the same color, cut and cooking state. Nothing is added or removed between variants — no sauce, oil, herb or side item appears in one variant and not another. Portion weights are 50 g / 100 g / 200 g and must read as visibly increasing at a 120-160 px thumbnail size. No weight, number or label may appear in the image itself.","TürKomp — Ulusal Gıda Kompozisyon Veri Tabanı","09.01.0038",,,,,,,"missing","","TÜBER 2022 Ek 2.3.1 — Besinlerin standart porsiyonlarının enerji ve besin ögesi içerikleri","Muz","https://hsgm.saglik.gov.tr/depo/birimler/saglikli-beslenme-ve-hareketli-hayat-db/Dokumanlar/Rehberler/Turkiye_Beslenme_Rehber_TUBER_2022_min.pdf","TÜBER 2022 (baskı tarihi 2023-08-08)","Ek 2.3.1 (s.283-284)","https://turkomp.tarimorman.gov.tr/food-muz-ithal-cesit-396","2026-08-18T20:30:00Z",,,"needs_review","regular = the published TÜBER Ek 2.3.1 standard portion for ""Muz"" (100 g). | small = APP-DERIVED as 0.5x the published unit weight (portion policy portion-policy-v2, category fruit_whole). Discrete foods are counted in units, not scaled by a factor. This is a product reference size, NOT published by TÜBER. | large = APP-DERIVED as 2.0x the published unit weight (portion policy portion-policy-v2, category fruit_whole). Discrete foods are counted in units, not scaled by a factor. This is a product reference size, NOT published by TÜBER. | Composition is the published TürKomp per-100 g record 09.01.0038; no scaling applied."
,"Muz, İthal çeşit",,"muz-ithal-cesit",,"regular","100.0",,"food-portions/muz-ithal-cesit/muz-ithal-cesit--regular--100g.webp","Photorealistic overhead food reference photograph of Muz, İthal çeşit, representing the REGULAR controlled portion of 100 grams. Served on the exact same matte white plate used across the three portion variants. Fixed 85-degree overhead camera, fixed camera distance, neutral light stone tabletop, soft diffused daylight, natural appetizing food color, realistic household serving, entire plate visible, centered composition, no utensils, no hands, no napkin, no packaging, no logo, no text, no watermark, no decorative garnish unless part of the canonical recipe, no dramatic restaurant styling, no hard shadows. Only the amount of food should differ between portion variants. Square 1:1 composition, sRGB, production-quality mobile nutrition tracking reference image.","All three variants of Muz, İthal çeşit are the same scene, re-shot with a different amount of food. Identical across small/regular/large: the matte white plate and its diameter, the 85-degree overhead camera angle, the camera distance, the neutral light stone tabletop, the soft diffused daylight, the white balance, and the framing. The plate diameter is identical in all three renders; only the area, height and realistic volume of the food change. The food keeps the same color, cut and cooking state. Nothing is added or removed between variants — no sauce, oil, herb or side item appears in one variant and not another. Portion weights are 50 g / 100 g / 200 g and must read as visibly increasing at a 120-160 px thumbnail size. No weight, number or label may appear in the image itself.","TürKomp — Ulusal Gıda Kompozisyon Veri Tabanı","09.01.0038",,,,,,,"missing","","TÜBER 2022 Ek 2.3.1 — Besinlerin standart porsiyonlarının enerji ve besin ögesi içerikleri","Muz","https://hsgm.saglik.gov.tr/depo/birimler/saglikli-beslenme-ve-hareketli-hayat-db/Dokumanlar/Rehberler/Turkiye_Beslenme_Rehber_TUBER_2022_min.pdf","TÜBER 2022 (baskı tarihi 2023-08-08)","Ek 2.3.1 (s.283-284)","https://turkomp.tarimorman.gov.tr/food-muz-ithal-cesit-396","2026-08-18T20:30:00Z",,,"needs_review","regular = the published TÜBER Ek 2.3.1 standard portion for ""Muz"" (100 g). | small = APP-DERIVED as 0.5x the published unit weight (portion policy portion-policy-v2, category fruit_whole). Discrete foods are counted in units, not scaled by a factor. This is a product reference size, NOT published by TÜBER. | large = APP-DERIVED as 2.0x the published unit weight (portion policy portion-policy-v2, category fruit_whole). Discrete foods are counted in units, not scaled by a factor. This is a product reference size, NOT published by TÜBER. | Composition is the published TürKomp per-100 g record 09.01.0038; no scaling applied."
,"Muz, İthal çeşit",,"muz-ithal-cesit",,"large","200.0",,"food-portions/muz-ithal-cesit/muz-ithal-cesit--large--200g.webp","Photorealistic overhead food reference photograph of Muz, İthal çeşit, representing the LARGE controlled portion of 200 grams. Served on the exact same matte white plate used across the three portion variants. Fixed 85-degree overhead camera, fixed camera distance, neutral light stone tabletop, soft diffused daylight, natural appetizing food color, realistic household serving, entire plate visible, centered composition, no utensils, no hands, no napkin, no packaging, no logo, no text, no watermark, no decorative garnish unless part of the canonical recipe, no dramatic restaurant styling, no hard shadows. Only the amount of food should differ between portion variants. Square 1:1 composition, sRGB, production-quality mobile nutrition tracking reference image.","All three variants of Muz, İthal çeşit are the same scene, re-shot with a different amount of food. Identical across small/regular/large: the matte white plate and its diameter, the 85-degree overhead camera angle, the camera distance, the neutral light stone tabletop, the soft diffused daylight, the white balance, and the framing. The plate diameter is identical in all three renders; only the area, height and realistic volume of the food change. The food keeps the same color, cut and cooking state. Nothing is added or removed between variants — no sauce, oil, herb or side item appears in one variant and not another. Portion weights are 50 g / 100 g / 200 g and must read as visibly increasing at a 120-160 px thumbnail size. No weight, number or label may appear in the image itself.","TürKomp — Ulusal Gıda Kompozisyon Veri Tabanı","09.01.0038",,,,,,,"missing","","TÜBER 2022 Ek 2.3.1 — Besinlerin standart porsiyonlarının enerji ve besin ögesi içerikleri","Muz","https://hsgm.saglik.gov.tr/depo/birimler/saglikli-beslenme-ve-hareketli-hayat-db/Dokumanlar/Rehberler/Turkiye_Beslenme_Rehber_TUBER_2022_min.pdf","TÜBER 2022 (baskı tarihi 2023-08-08)","Ek 2.3.1 (s.283-284)","https://turkomp.tarimorman.gov.tr/food-muz-ithal-cesit-396","2026-08-18T20:30:00Z",,,"needs_review","regular = the published TÜBER Ek 2.3.1 standard portion for ""Muz"" (100 g). | small = APP-DERIVED as 0.5x the published unit weight (portion policy portion-policy-v2, category fruit_whole). Discrete foods are counted in units, not scaled by a factor. This is a product reference size, NOT published by TÜBER. | large = APP-DERIVED as 2.0x the published unit weight (portion policy portion-policy-v2, category fruit_whole). Discrete foods are counted in units, not scaled by a factor. This is a product reference size, NOT published by TÜBER. | Composition is the published TürKomp per-100 g record 09.01.0038; no scaling applied."
,"Portakal, Navelina Göbekli çeşidi",,"portakal-navelina-gobekli-cesidi",,"small","75.0",,"food-portions/portakal-navelina-gobekli-cesidi/portakal-navelina-gobekli-cesidi--small--75g.webp","Photorealistic overhead food reference photograph of Portakal, Navelina Göbekli çeşidi, representing the SMALL controlled portion of 75 grams. Served on the exact same matte white plate used across the three portion variants. Fixed 85-degree overhead camera, fixed camera distance, neutral light stone tabletop, soft diffused daylight, natural appetizing food color, realistic household serving, entire plate visible, centered composition, no utensils, no hands, no napkin, no packaging, no logo, no text, no watermark, no decorative garnish unless part of the canonical recipe, no dramatic restaurant styling, no hard shadows. Only the amount of food should differ between portion variants. Square 1:1 composition, sRGB, production-quality mobile nutrition tracking reference image.","All three variants of Portakal, Navelina Göbekli çeşidi are the same scene, re-shot with a different amount of food. Identical across small/regular/large: the matte white plate and its diameter, the 85-degree overhead camera angle, the camera distance, the neutral light stone tabletop, the soft diffused daylight, the white balance, and the framing. The plate diameter is identical in all three renders; only the area, height and realistic volume of the food change. The food keeps the same color, cut and cooking state. Nothing is added or removed between variants — no sauce, oil, herb or side item appears in one variant and not another. Portion weights are 75 g / 150 g / 300 g and must read as visibly increasing at a 120-160 px thumbnail size. No weight, number or label may appear in the image itself.","TürKomp — Ulusal Gıda Kompozisyon Veri Tabanı","09.01.0041",,,,,,,"missing","","TÜBER 2022 Ek 2.3.1 — Besinlerin standart porsiyonlarının enerji ve besin ögesi içerikleri","Portakal","https://hsgm.saglik.gov.tr/depo/birimler/saglikli-beslenme-ve-hareketli-hayat-db/Dokumanlar/Rehberler/Turkiye_Beslenme_Rehber_TUBER_2022_min.pdf","TÜBER 2022 (baskı tarihi 2023-08-08)","Ek 2.3.1 (s.283-284)","https://turkomp.tarimorman.gov.tr/food-portakal-navelina-gobekli-cesidi-500","2026-08-18T20:30:00Z",,,"needs_review","regular = the published TÜBER Ek 2.3.1 standard portion for ""Portakal"" (150 g). | small = APP-DERIVED as 0.5x the published unit weight (portion policy portion-policy-v2, category fruit_whole). Discrete foods are counted in units, not scaled by a factor. This is a product reference size, NOT published by TÜBER. | large = APP-DERIVED as 2.0x the published unit weight (portion policy portion-policy-v2, category fruit_whole). Discrete foods are counted in units, not scaled by a factor. This is a product reference size, NOT published by TÜBER. | Composition is the published TürKomp per-100 g record 09.01.0041; no scaling applied."
,"Portakal, Navelina Göbekli çeşidi",,"portakal-navelina-gobekli-cesidi",,"regular","150.0",,"food-portions/portakal-navelina-gobekli-cesidi/portakal-navelina-gobekli-cesidi--regular--150g.webp","Photorealistic overhead food reference photograph of Portakal, Navelina Göbekli çeşidi, representing the REGULAR controlled portion of 150 grams. Served on the exact same matte white plate used across the three portion variants. Fixed 85-degree overhead camera, fixed camera distance, neutral light stone tabletop, soft diffused daylight, natural appetizing food color, realistic household serving, entire plate visible, centered composition, no utensils, no hands, no napkin, no packaging, no logo, no text, no watermark, no decorative garnish unless part of the canonical recipe, no dramatic restaurant styling, no hard shadows. Only the amount of food should differ between portion variants. Square 1:1 composition, sRGB, production-quality mobile nutrition tracking reference image.","All three variants of Portakal, Navelina Göbekli çeşidi are the same scene, re-shot with a different amount of food. Identical across small/regular/large: the matte white plate and its diameter, the 85-degree overhead camera angle, the camera distance, the neutral light stone tabletop, the soft diffused daylight, the white balance, and the framing. The plate diameter is identical in all three renders; only the area, height and realistic volume of the food change. The food keeps the same color, cut and cooking state. Nothing is added or removed between variants — no sauce, oil, herb or side item appears in one variant and not another. Portion weights are 75 g / 150 g / 300 g and must read as visibly increasing at a 120-160 px thumbnail size. No weight, number or label may appear in the image itself.","TürKomp — Ulusal Gıda Kompozisyon Veri Tabanı","09.01.0041",,,,,,,"missing","","TÜBER 2022 Ek 2.3.1 — Besinlerin standart porsiyonlarının enerji ve besin ögesi içerikleri","Portakal","https://hsgm.saglik.gov.tr/depo/birimler/saglikli-beslenme-ve-hareketli-hayat-db/Dokumanlar/Rehberler/Turkiye_Beslenme_Rehber_TUBER_2022_min.pdf","TÜBER 2022 (baskı tarihi 2023-08-08)","Ek 2.3.1 (s.283-284)","https://turkomp.tarimorman.gov.tr/food-portakal-navelina-gobekli-cesidi-500","2026-08-18T20:30:00Z",,,"needs_review","regular = the published TÜBER Ek 2.3.1 standard portion for ""Portakal"" (150 g). | small = APP-DERIVED as 0.5x the published unit weight (portion policy portion-policy-v2, category fruit_whole). Discrete foods are counted in units, not scaled by a factor. This is a product reference size, NOT published by TÜBER. | large = APP-DERIVED as 2.0x the published unit weight (portion policy portion-policy-v2, category fruit_whole). Discrete foods are counted in units, not scaled by a factor. This is a product reference size, NOT published by TÜBER. | Composition is the published TürKomp per-100 g record 09.01.0041; no scaling applied."
,"Portakal, Navelina Göbekli çeşidi",,"portakal-navelina-gobekli-cesidi",,"large","300.0",,"food-portions/portakal-navelina-gobekli-cesidi/portakal-navelina-gobekli-cesidi--large--300g.webp","Photorealistic overhead food reference photograph of Portakal, Navelina Göbekli çeşidi, representing the LARGE controlled portion of 300 grams. Served on the exact same matte white plate used across the three portion variants. Fixed 85-degree overhead camera, fixed camera distance, neutral light stone tabletop, soft diffused daylight, natural appetizing food color, realistic household serving, entire plate visible, centered composition, no utensils, no hands, no napkin, no packaging, no logo, no text, no watermark, no decorative garnish unless part of the canonical recipe, no dramatic restaurant styling, no hard shadows. Only the amount of food should differ between portion variants. Square 1:1 composition, sRGB, production-quality mobile nutrition tracking reference image.","All three variants of Portakal, Navelina Göbekli çeşidi are the same scene, re-shot with a different amount of food. Identical across small/regular/large: the matte white plate and its diameter, the 85-degree overhead camera angle, the camera distance, the neutral light stone tabletop, the soft diffused daylight, the white balance, and the framing. The plate diameter is identical in all three renders; only the area, height and realistic volume of the food change. The food keeps the same color, cut and cooking state. Nothing is added or removed between variants — no sauce, oil, herb or side item appears in one variant and not another. Portion weights are 75 g / 150 g / 300 g and must read as visibly increasing at a 120-160 px thumbnail size. No weight, number or label may appear in the image itself.","TürKomp — Ulusal Gıda Kompozisyon Veri Tabanı","09.01.0041",,,,,,,"missing","","TÜBER 2022 Ek 2.3.1 — Besinlerin standart porsiyonlarının enerji ve besin ögesi içerikleri","Portakal","https://hsgm.saglik.gov.tr/depo/birimler/saglikli-beslenme-ve-hareketli-hayat-db/Dokumanlar/Rehberler/Turkiye_Beslenme_Rehber_TUBER_2022_min.pdf","TÜBER 2022 (baskı tarihi 2023-08-08)","Ek 2.3.1 (s.283-284)","https://turkomp.tarimorman.gov.tr/food-portakal-navelina-gobekli-cesidi-500","2026-08-18T20:30:00Z",,,"needs_review","regular = the published TÜBER Ek 2.3.1 standard portion for ""Portakal"" (150 g). | small = APP-DERIVED as 0.5x the published unit weight (portion policy portion-policy-v2, category fruit_whole). Discrete foods are counted in units, not scaled by a factor. This is a product reference size, NOT published by TÜBER. | large = APP-DERIVED as 2.0x the published unit weight (portion policy portion-policy-v2, category fruit_whole). Discrete foods are counted in units, not scaled by a factor. This is a product reference size, NOT published by TÜBER. | Composition is the published TürKomp per-100 g record 09.01.0041; no scaling applied."
,"Portakal, Valensiya çeşidi",,"portakal-valensiya-cesidi",,"small","75.0",,"food-portions/portakal-valensiya-cesidi/portakal-valensiya-cesidi--small--75g.webp","Photorealistic overhead food reference photograph of Portakal, Valensiya çeşidi, representing the SMALL controlled portion of 75 grams. Served on the exact same matte white plate used across the three portion variants. Fixed 85-degree overhead camera, fixed camera distance, neutral light stone tabletop, soft diffused daylight, natural appetizing food color, realistic household serving, entire plate visible, centered composition, no utensils, no hands, no napkin, no packaging, no logo, no text, no watermark, no decorative garnish unless part of the canonical recipe, no dramatic restaurant styling, no hard shadows. Only the amount of food should differ between portion variants. Square 1:1 composition, sRGB, production-quality mobile nutrition tracking reference image.","All three variants of Portakal, Valensiya çeşidi are the same scene, re-shot with a different amount of food. Identical across small/regular/large: the matte white plate and its diameter, the 85-degree overhead camera angle, the camera distance, the neutral light stone tabletop, the soft diffused daylight, the white balance, and the framing. The plate diameter is identical in all three renders; only the area, height and realistic volume of the food change. The food keeps the same color, cut and cooking state. Nothing is added or removed between variants — no sauce, oil, herb or side item appears in one variant and not another. Portion weights are 75 g / 150 g / 300 g and must read as visibly increasing at a 120-160 px thumbnail size. No weight, number or label may appear in the image itself.","TürKomp — Ulusal Gıda Kompozisyon Veri Tabanı","09.01.0042",,,,,,,"missing","","TÜBER 2022 Ek 2.3.1 — Besinlerin standart porsiyonlarının enerji ve besin ögesi içerikleri","Portakal","https://hsgm.saglik.gov.tr/depo/birimler/saglikli-beslenme-ve-hareketli-hayat-db/Dokumanlar/Rehberler/Turkiye_Beslenme_Rehber_TUBER_2022_min.pdf","TÜBER 2022 (baskı tarihi 2023-08-08)","Ek 2.3.1 (s.283-284)","https://turkomp.tarimorman.gov.tr/food-portakal-valensiya-cesidi-301","2026-08-18T20:30:00Z",,,"needs_review","regular = the published TÜBER Ek 2.3.1 standard portion for ""Portakal"" (150 g). | small = APP-DERIVED as 0.5x the published unit weight (portion policy portion-policy-v2, category fruit_whole). Discrete foods are counted in units, not scaled by a factor. This is a product reference size, NOT published by TÜBER. | large = APP-DERIVED as 2.0x the published unit weight (portion policy portion-policy-v2, category fruit_whole). Discrete foods are counted in units, not scaled by a factor. This is a product reference size, NOT published by TÜBER. | Composition is the published TürKomp per-100 g record 09.01.0042; no scaling applied."
,"Portakal, Valensiya çeşidi",,"portakal-valensiya-cesidi",,"regular","150.0",,"food-portions/portakal-valensiya-cesidi/portakal-valensiya-cesidi--regular--150g.webp","Photorealistic overhead food reference photograph of Portakal, Valensiya çeşidi, representing the REGULAR controlled portion of 150 grams. Served on the exact same matte white plate used across the three portion variants. Fixed 85-degree overhead camera, fixed camera distance, neutral light stone tabletop, soft diffused daylight, natural appetizing food color, realistic household serving, entire plate visible, centered composition, no utensils, no hands, no napkin, no packaging, no logo, no text, no watermark, no decorative garnish unless part of the canonical recipe, no dramatic restaurant styling, no hard shadows. Only the amount of food should differ between portion variants. Square 1:1 composition, sRGB, production-quality mobile nutrition tracking reference image.","All three variants of Portakal, Valensiya çeşidi are the same scene, re-shot with a different amount of food. Identical across small/regular/large: the matte white plate and its diameter, the 85-degree overhead camera angle, the camera distance, the neutral light stone tabletop, the soft diffused daylight, the white balance, and the framing. The plate diameter is identical in all three renders; only the area, height and realistic volume of the food change. The food keeps the same color, cut and cooking state. Nothing is added or removed between variants — no sauce, oil, herb or side item appears in one variant and not another. Portion weights are 75 g / 150 g / 300 g and must read as visibly increasing at a 120-160 px thumbnail size. No weight, number or label may appear in the image itself.","TürKomp — Ulusal Gıda Kompozisyon Veri Tabanı","09.01.0042",,,,,,,"missing","","TÜBER 2022 Ek 2.3.1 — Besinlerin standart porsiyonlarının enerji ve besin ögesi içerikleri","Portakal","https://hsgm.saglik.gov.tr/depo/birimler/saglikli-beslenme-ve-hareketli-hayat-db/Dokumanlar/Rehberler/Turkiye_Beslenme_Rehber_TUBER_2022_min.pdf","TÜBER 2022 (baskı tarihi 2023-08-08)","Ek 2.3.1 (s.283-284)","https://turkomp.tarimorman.gov.tr/food-portakal-valensiya-cesidi-301","2026-08-18T20:30:00Z",,,"needs_review","regular = the published TÜBER Ek 2.3.1 standard portion for ""Portakal"" (150 g). | small = APP-DERIVED as 0.5x the published unit weight (portion policy portion-policy-v2, category fruit_whole). Discrete foods are counted in units, not scaled by a factor. This is a product reference size, NOT published by TÜBER. | large = APP-DERIVED as 2.0x the published unit weight (portion policy portion-policy-v2, category fruit_whole). Discrete foods are counted in units, not scaled by a factor. This is a product reference size, NOT published by TÜBER. | Composition is the published TürKomp per-100 g record 09.01.0042; no scaling applied."
,"Portakal, Valensiya çeşidi",,"portakal-valensiya-cesidi",,"large","300.0",,"food-portions/portakal-valensiya-cesidi/portakal-valensiya-cesidi--large--300g.webp","Photorealistic overhead food reference photograph of Portakal, Valensiya çeşidi, representing the LARGE controlled portion of 300 grams. Served on the exact same matte white plate used across the three portion variants. Fixed 85-degree overhead camera, fixed camera distance, neutral light stone tabletop, soft diffused daylight, natural appetizing food color, realistic household serving, entire plate visible, centered composition, no utensils, no hands, no napkin, no packaging, no logo, no text, no watermark, no decorative garnish unless part of the canonical recipe, no dramatic restaurant styling, no hard shadows. Only the amount of food should differ between portion variants. Square 1:1 composition, sRGB, production-quality mobile nutrition tracking reference image.","All three variants of Portakal, Valensiya çeşidi are the same scene, re-shot with a different amount of food. Identical across small/regular/large: the matte white plate and its diameter, the 85-degree overhead camera angle, the camera distance, the neutral light stone tabletop, the soft diffused daylight, the white balance, and the framing. The plate diameter is identical in all three renders; only the area, height and realistic volume of the food change. The food keeps the same color, cut and cooking state. Nothing is added or removed between variants — no sauce, oil, herb or side item appears in one variant and not another. Portion weights are 75 g / 150 g / 300 g and must read as visibly increasing at a 120-160 px thumbnail size. No weight, number or label may appear in the image itself.","TürKomp — Ulusal Gıda Kompozisyon Veri Tabanı","09.01.0042",,,,,,,"missing","","TÜBER 2022 Ek 2.3.1 — Besinlerin standart porsiyonlarının enerji ve besin ögesi içerikleri","Portakal","https://hsgm.saglik.gov.tr/depo/birimler/saglikli-beslenme-ve-hareketli-hayat-db/Dokumanlar/Rehberler/Turkiye_Beslenme_Rehber_TUBER_2022_min.pdf","TÜBER 2022 (baskı tarihi 2023-08-08)","Ek 2.3.1 (s.283-284)","https://turkomp.tarimorman.gov.tr/food-portakal-valensiya-cesidi-301","2026-08-18T20:30:00Z",,,"needs_review","regular = the published TÜBER Ek 2.3.1 standard portion for ""Portakal"" (150 g). | small = APP-DERIVED as 0.5x the published unit weight (portion policy portion-policy-v2, category fruit_whole). Discrete foods are counted in units, not scaled by a factor. This is a product reference size, NOT published by TÜBER. | large = APP-DERIVED as 2.0x the published unit weight (portion policy portion-policy-v2, category fruit_whole). Discrete foods are counted in units, not scaled by a factor. This is a product reference size, NOT published by TÜBER. | Composition is the published TürKomp per-100 g record 09.01.0042; no scaling applied."
,"Portakal, Washington Navel göbekli portakalı",,"portakal-washington-navel-gobekli-portakali",,"small","75.0",,"food-portions/portakal-washington-navel-gobekli-portakali/portakal-washington-navel-gobekli-portakali--small--75g.webp","Photorealistic overhead food reference photograph of Portakal, Washington Navel göbekli portakalı, representing the SMALL controlled portion of 75 grams. Served on the exact same matte white plate used across the three portion variants. Fixed 85-degree overhead camera, fixed camera distance, neutral light stone tabletop, soft diffused daylight, natural appetizing food color, realistic household serving, entire plate visible, centered composition, no utensils, no hands, no napkin, no packaging, no logo, no text, no watermark, no decorative garnish unless part of the canonical recipe, no dramatic restaurant styling, no hard shadows. Only the amount of food should differ between portion variants. Square 1:1 composition, sRGB, production-quality mobile nutrition tracking reference image.","All three variants of Portakal, Washington Navel göbekli portakalı are the same scene, re-shot with a different amount of food. Identical across small/regular/large: the matte white plate and its diameter, the 85-degree overhead camera angle, the camera distance, the neutral light stone tabletop, the soft diffused daylight, the white balance, and the framing. The plate diameter is identical in all three renders; only the area, height and realistic volume of the food change. The food keeps the same color, cut and cooking state. Nothing is added or removed between variants — no sauce, oil, herb or side item appears in one variant and not another. Portion weights are 75 g / 150 g / 300 g and must read as visibly increasing at a 120-160 px thumbnail size. No weight, number or label may appear in the image itself.","TürKomp — Ulusal Gıda Kompozisyon Veri Tabanı","09.01.0043",,,,,,,"missing","","TÜBER 2022 Ek 2.3.1 — Besinlerin standart porsiyonlarının enerji ve besin ögesi içerikleri","Portakal","https://hsgm.saglik.gov.tr/depo/birimler/saglikli-beslenme-ve-hareketli-hayat-db/Dokumanlar/Rehberler/Turkiye_Beslenme_Rehber_TUBER_2022_min.pdf","TÜBER 2022 (baskı tarihi 2023-08-08)","Ek 2.3.1 (s.283-284)","https://turkomp.tarimorman.gov.tr/food-portakal-washington-navel-gobekli-portakali-300","2026-08-18T20:30:00Z",,,"needs_review","regular = the published TÜBER Ek 2.3.1 standard portion for ""Portakal"" (150 g). | small = APP-DERIVED as 0.5x the published unit weight (portion policy portion-policy-v2, category fruit_whole). Discrete foods are counted in units, not scaled by a factor. This is a product reference size, NOT published by TÜBER. | large = APP-DERIVED as 2.0x the published unit weight (portion policy portion-policy-v2, category fruit_whole). Discrete foods are counted in units, not scaled by a factor. This is a product reference size, NOT published by TÜBER. | Composition is the published TürKomp per-100 g record 09.01.0043; no scaling applied."
,"Portakal, Washington Navel göbekli portakalı",,"portakal-washington-navel-gobekli-portakali",,"regular","150.0",,"food-portions/portakal-washington-navel-gobekli-portakali/portakal-washington-navel-gobekli-portakali--regular--150g.webp","Photorealistic overhead food reference photograph of Portakal, Washington Navel göbekli portakalı, representing the REGULAR controlled portion of 150 grams. Served on the exact same matte white plate used across the three portion variants. Fixed 85-degree overhead camera, fixed camera distance, neutral light stone tabletop, soft diffused daylight, natural appetizing food color, realistic household serving, entire plate visible, centered composition, no utensils, no hands, no napkin, no packaging, no logo, no text, no watermark, no decorative garnish unless part of the canonical recipe, no dramatic restaurant styling, no hard shadows. Only the amount of food should differ between portion variants. Square 1:1 composition, sRGB, production-quality mobile nutrition tracking reference image.","All three variants of Portakal, Washington Navel göbekli portakalı are the same scene, re-shot with a different amount of food. Identical across small/regular/large: the matte white plate and its diameter, the 85-degree overhead camera angle, the camera distance, the neutral light stone tabletop, the soft diffused daylight, the white balance, and the framing. The plate diameter is identical in all three renders; only the area, height and realistic volume of the food change. The food keeps the same color, cut and cooking state. Nothing is added or removed between variants — no sauce, oil, herb or side item appears in one variant and not another. Portion weights are 75 g / 150 g / 300 g and must read as visibly increasing at a 120-160 px thumbnail size. No weight, number or label may appear in the image itself.","TürKomp — Ulusal Gıda Kompozisyon Veri Tabanı","09.01.0043",,,,,,,"missing","","TÜBER 2022 Ek 2.3.1 — Besinlerin standart porsiyonlarının enerji ve besin ögesi içerikleri","Portakal","https://hsgm.saglik.gov.tr/depo/birimler/saglikli-beslenme-ve-hareketli-hayat-db/Dokumanlar/Rehberler/Turkiye_Beslenme_Rehber_TUBER_2022_min.pdf","TÜBER 2022 (baskı tarihi 2023-08-08)","Ek 2.3.1 (s.283-284)","https://turkomp.tarimorman.gov.tr/food-portakal-washington-navel-gobekli-portakali-300","2026-08-18T20:30:00Z",,,"needs_review","regular = the published TÜBER Ek 2.3.1 standard portion for ""Portakal"" (150 g). | small = APP-DERIVED as 0.5x the published unit weight (portion policy portion-policy-v2, category fruit_whole). Discrete foods are counted in units, not scaled by a factor. This is a product reference size, NOT published by TÜBER. | large = APP-DERIVED as 2.0x the published unit weight (portion policy portion-policy-v2, category fruit_whole). Discrete foods are counted in units, not scaled by a factor. This is a product reference size, NOT published by TÜBER. | Composition is the published TürKomp per-100 g record 09.01.0043; no scaling applied."
,"Portakal, Washington Navel göbekli portakalı",,"portakal-washington-navel-gobekli-portakali",,"large","300.0",,"food-portions/portakal-washington-navel-gobekli-portakali/portakal-washington-navel-gobekli-portakali--large--300g.webp","Photorealistic overhead food reference photograph of Portakal, Washington Navel göbekli portakalı, representing the LARGE controlled portion of 300 grams. Served on the exact same matte white plate used across the three portion variants. Fixed 85-degree overhead camera, fixed camera distance, neutral light stone tabletop, soft diffused daylight, natural appetizing food color, realistic household serving, entire plate visible, centered composition, no utensils, no hands, no napkin, no packaging, no logo, no text, no watermark, no decorative garnish unless part of the canonical recipe, no dramatic restaurant styling, no hard shadows. Only the amount of food should differ between portion variants. Square 1:1 composition, sRGB, production-quality mobile nutrition tracking reference image.","All three variants of Portakal, Washington Navel göbekli portakalı are the same scene, re-shot with a different amount of food. Identical across small/regular/large: the matte white plate and its diameter, the 85-degree overhead camera angle, the camera distance, the neutral light stone tabletop, the soft diffused daylight, the white balance, and the framing. The plate diameter is identical in all three renders; only the area, height and realistic volume of the food change. The food keeps the same color, cut and cooking state. Nothing is added or removed between variants — no sauce, oil, herb or side item appears in one variant and not another. Portion weights are 75 g / 150 g / 300 g and must read as visibly increasing at a 120-160 px thumbnail size. No weight, number or label may appear in the image itself.","TürKomp — Ulusal Gıda Kompozisyon Veri Tabanı","09.01.0043",,,,,,,"missing","","TÜBER 2022 Ek 2.3.1 — Besinlerin standart porsiyonlarının enerji ve besin ögesi içerikleri","Portakal","https://hsgm.saglik.gov.tr/depo/birimler/saglikli-beslenme-ve-hareketli-hayat-db/Dokumanlar/Rehberler/Turkiye_Beslenme_Rehber_TUBER_2022_min.pdf","TÜBER 2022 (baskı tarihi 2023-08-08)","Ek 2.3.1 (s.283-284)","https://turkomp.tarimorman.gov.tr/food-portakal-washington-navel-gobekli-portakali-300","2026-08-18T20:30:00Z",,,"needs_review","regular = the published TÜBER Ek 2.3.1 standard portion for ""Portakal"" (150 g). | small = APP-DERIVED as 0.5x the published unit weight (portion policy portion-policy-v2, category fruit_whole). Discrete foods are counted in units, not scaled by a factor. This is a product reference size, NOT published by TÜBER. | large = APP-DERIVED as 2.0x the published unit weight (portion policy portion-policy-v2, category fruit_whole). Discrete foods are counted in units, not scaled by a factor. This is a product reference size, NOT published by TÜBER. | Composition is the published TürKomp per-100 g record 09.01.0043; no scaling applied."
,"Şeftali, erkenci",,"seftali-erkenci",,"small","75.0",,"food-portions/seftali-erkenci/seftali-erkenci--small--75g.webp","Photorealistic overhead food reference photograph of Şeftali, erkenci, representing the SMALL controlled portion of 75 grams. Served on the exact same matte white plate used across the three portion variants. Fixed 85-degree overhead camera, fixed camera distance, neutral light stone tabletop, soft diffused daylight, natural appetizing food color, realistic household serving, entire plate visible, centered composition, no utensils, no hands, no napkin, no packaging, no logo, no text, no watermark, no decorative garnish unless part of the canonical recipe, no dramatic restaurant styling, no hard shadows. Only the amount of food should differ between portion variants. Square 1:1 composition, sRGB, production-quality mobile nutrition tracking reference image.","All three variants of Şeftali, erkenci are the same scene, re-shot with a different amount of food. Identical across small/regular/large: the matte white plate and its diameter, the 85-degree overhead camera angle, the camera distance, the neutral light stone tabletop, the soft diffused daylight, the white balance, and the framing. The plate diameter is identical in all three renders; only the area, height and realistic volume of the food change. The food keeps the same color, cut and cooking state. Nothing is added or removed between variants — no sauce, oil, herb or side item appears in one variant and not another. Portion weights are 75 g / 150 g / 300 g and must read as visibly increasing at a 120-160 px thumbnail size. No weight, number or label may appear in the image itself.","TürKomp — Ulusal Gıda Kompozisyon Veri Tabanı","09.01.0044",,,,,,,"missing","","TÜBER 2022 Ek 2.3.1 — Besinlerin standart porsiyonlarının enerji ve besin ögesi içerikleri","Şeftali","https://hsgm.saglik.gov.tr/depo/birimler/saglikli-beslenme-ve-hareketli-hayat-db/Dokumanlar/Rehberler/Turkiye_Beslenme_Rehber_TUBER_2022_min.pdf","TÜBER 2022 (baskı tarihi 2023-08-08)","Ek 2.3.1 (s.283-284)","https://turkomp.tarimorman.gov.tr/food-seftali-erkenci-352","2026-08-18T20:30:00Z",,,"needs_review","regular = the published TÜBER Ek 2.3.1 standard portion for ""Şeftali"" (150 g). | small = APP-DERIVED as 0.5x the published unit weight (portion policy portion-policy-v2, category fruit_whole). Discrete foods are counted in units, not scaled by a factor. This is a product reference size, NOT published by TÜBER. | large = APP-DERIVED as 2.0x the published unit weight (portion policy portion-policy-v2, category fruit_whole). Discrete foods are counted in units, not scaled by a factor. This is a product reference size, NOT published by TÜBER. | Composition is the published TürKomp per-100 g record 09.01.0044; no scaling applied."
,"Şeftali, erkenci",,"seftali-erkenci",,"regular","150.0",,"food-portions/seftali-erkenci/seftali-erkenci--regular--150g.webp","Photorealistic overhead food reference photograph of Şeftali, erkenci, representing the REGULAR controlled portion of 150 grams. Served on the exact same matte white plate used across the three portion variants. Fixed 85-degree overhead camera, fixed camera distance, neutral light stone tabletop, soft diffused daylight, natural appetizing food color, realistic household serving, entire plate visible, centered composition, no utensils, no hands, no napkin, no packaging, no logo, no text, no watermark, no decorative garnish unless part of the canonical recipe, no dramatic restaurant styling, no hard shadows. Only the amount of food should differ between portion variants. Square 1:1 composition, sRGB, production-quality mobile nutrition tracking reference image.","All three variants of Şeftali, erkenci are the same scene, re-shot with a different amount of food. Identical across small/regular/large: the matte white plate and its diameter, the 85-degree overhead camera angle, the camera distance, the neutral light stone tabletop, the soft diffused daylight, the white balance, and the framing. The plate diameter is identical in all three renders; only the area, height and realistic volume of the food change. The food keeps the same color, cut and cooking state. Nothing is added or removed between variants — no sauce, oil, herb or side item appears in one variant and not another. Portion weights are 75 g / 150 g / 300 g and must read as visibly increasing at a 120-160 px thumbnail size. No weight, number or label may appear in the image itself.","TürKomp — Ulusal Gıda Kompozisyon Veri Tabanı","09.01.0044",,,,,,,"missing","","TÜBER 2022 Ek 2.3.1 — Besinlerin standart porsiyonlarının enerji ve besin ögesi içerikleri","Şeftali","https://hsgm.saglik.gov.tr/depo/birimler/saglikli-beslenme-ve-hareketli-hayat-db/Dokumanlar/Rehberler/Turkiye_Beslenme_Rehber_TUBER_2022_min.pdf","TÜBER 2022 (baskı tarihi 2023-08-08)","Ek 2.3.1 (s.283-284)","https://turkomp.tarimorman.gov.tr/food-seftali-erkenci-352","2026-08-18T20:30:00Z",,,"needs_review","regular = the published TÜBER Ek 2.3.1 standard portion for ""Şeftali"" (150 g). | small = APP-DERIVED as 0.5x the published unit weight (portion policy portion-policy-v2, category fruit_whole). Discrete foods are counted in units, not scaled by a factor. This is a product reference size, NOT published by TÜBER. | large = APP-DERIVED as 2.0x the published unit weight (portion policy portion-policy-v2, category fruit_whole). Discrete foods are counted in units, not scaled by a factor. This is a product reference size, NOT published by TÜBER. | Composition is the published TürKomp per-100 g record 09.01.0044; no scaling applied."
,"Şeftali, erkenci",,"seftali-erkenci",,"large","300.0",,"food-portions/seftali-erkenci/seftali-erkenci--large--300g.webp","Photorealistic overhead food reference photograph of Şeftali, erkenci, representing the LARGE controlled portion of 300 grams. Served on the exact same matte white plate used across the three portion variants. Fixed 85-degree overhead camera, fixed camera distance, neutral light stone tabletop, soft diffused daylight, natural appetizing food color, realistic household serving, entire plate visible, centered composition, no utensils, no hands, no napkin, no packaging, no logo, no text, no watermark, no decorative garnish unless part of the canonical recipe, no dramatic restaurant styling, no hard shadows. Only the amount of food should differ between portion variants. Square 1:1 composition, sRGB, production-quality mobile nutrition tracking reference image.","All three variants of Şeftali, erkenci are the same scene, re-shot with a different amount of food. Identical across small/regular/large: the matte white plate and its diameter, the 85-degree overhead camera angle, the camera distance, the neutral light stone tabletop, the soft diffused daylight, the white balance, and the framing. The plate diameter is identical in all three renders; only the area, height and realistic volume of the food change. The food keeps the same color, cut and cooking state. Nothing is added or removed between variants — no sauce, oil, herb or side item appears in one variant and not another. Portion weights are 75 g / 150 g / 300 g and must read as visibly increasing at a 120-160 px thumbnail size. No weight, number or label may appear in the image itself.","TürKomp — Ulusal Gıda Kompozisyon Veri Tabanı","09.01.0044",,,,,,,"missing","","TÜBER 2022 Ek 2.3.1 — Besinlerin standart porsiyonlarının enerji ve besin ögesi içerikleri","Şeftali","https://hsgm.saglik.gov.tr/depo/birimler/saglikli-beslenme-ve-hareketli-hayat-db/Dokumanlar/Rehberler/Turkiye_Beslenme_Rehber_TUBER_2022_min.pdf","TÜBER 2022 (baskı tarihi 2023-08-08)","Ek 2.3.1 (s.283-284)","https://turkomp.tarimorman.gov.tr/food-seftali-erkenci-352","2026-08-18T20:30:00Z",,,"needs_review","regular = the published TÜBER Ek 2.3.1 standard portion for ""Şeftali"" (150 g). | small = APP-DERIVED as 0.5x the published unit weight (portion policy portion-policy-v2, category fruit_whole). Discrete foods are counted in units, not scaled by a factor. This is a product reference size, NOT published by TÜBER. | large = APP-DERIVED as 2.0x the published unit weight (portion policy portion-policy-v2, category fruit_whole). Discrete foods are counted in units, not scaled by a factor. This is a product reference size, NOT published by TÜBER. | Composition is the published TürKomp per-100 g record 09.01.0044; no scaling applied."
,"Şeftali, J. Hale çeşidi",,"seftali-j-hale-cesidi",,"small","75.0",,"food-portions/seftali-j-hale-cesidi/seftali-j-hale-cesidi--small--75g.webp","Photorealistic overhead food reference photograph of Şeftali, J. Hale çeşidi, representing the SMALL controlled portion of 75 grams. Served on the exact same matte white plate used across the three portion variants. Fixed 85-degree overhead camera, fixed camera distance, neutral light stone tabletop, soft diffused daylight, natural appetizing food color, realistic household serving, entire plate visible, centered composition, no utensils, no hands, no napkin, no packaging, no logo, no text, no watermark, no decorative garnish unless part of the canonical recipe, no dramatic restaurant styling, no hard shadows. Only the amount of food should differ between portion variants. Square 1:1 composition, sRGB, production-quality mobile nutrition tracking reference image.","All three variants of Şeftali, J. Hale çeşidi are the same scene, re-shot with a different amount of food. Identical across small/regular/large: the matte white plate and its diameter, the 85-degree overhead camera angle, the camera distance, the neutral light stone tabletop, the soft diffused daylight, the white balance, and the framing. The plate diameter is identical in all three renders; only the area, height and realistic volume of the food change. The food keeps the same color, cut and cooking state. Nothing is added or removed between variants — no sauce, oil, herb or side item appears in one variant and not another. Portion weights are 75 g / 150 g / 300 g and must read as visibly increasing at a 120-160 px thumbnail size. No weight, number or label may appear in the image itself.","TürKomp — Ulusal Gıda Kompozisyon Veri Tabanı","09.01.0045",,,,,,,"missing","","TÜBER 2022 Ek 2.3.1 — Besinlerin standart porsiyonlarının enerji ve besin ögesi içerikleri","Şeftali","https://hsgm.saglik.gov.tr/depo/birimler/saglikli-beslenme-ve-hareketli-hayat-db/Dokumanlar/Rehberler/Turkiye_Beslenme_Rehber_TUBER_2022_min.pdf","TÜBER 2022 (baskı tarihi 2023-08-08)","Ek 2.3.1 (s.283-284)","https://turkomp.tarimorman.gov.tr/food-seftali-j-hale-cesidi-505","2026-08-18T20:30:00Z",,,"needs_review","regular = the published TÜBER Ek 2.3.1 standard portion for ""Şeftali"" (150 g). | small = APP-DERIVED as 0.5x the published unit weight (portion policy portion-policy-v2, category fruit_whole). Discrete foods are counted in units, not scaled by a factor. This is a product reference size, NOT published by TÜBER. | large = APP-DERIVED as 2.0x the published unit weight (portion policy portion-policy-v2, category fruit_whole). Discrete foods are counted in units, not scaled by a factor. This is a product reference size, NOT published by TÜBER. | Composition is the published TürKomp per-100 g record 09.01.0045; no scaling applied."
,"Şeftali, J. Hale çeşidi",,"seftali-j-hale-cesidi",,"regular","150.0",,"food-portions/seftali-j-hale-cesidi/seftali-j-hale-cesidi--regular--150g.webp","Photorealistic overhead food reference photograph of Şeftali, J. Hale çeşidi, representing the REGULAR controlled portion of 150 grams. Served on the exact same matte white plate used across the three portion variants. Fixed 85-degree overhead camera, fixed camera distance, neutral light stone tabletop, soft diffused daylight, natural appetizing food color, realistic household serving, entire plate visible, centered composition, no utensils, no hands, no napkin, no packaging, no logo, no text, no watermark, no decorative garnish unless part of the canonical recipe, no dramatic restaurant styling, no hard shadows. Only the amount of food should differ between portion variants. Square 1:1 composition, sRGB, production-quality mobile nutrition tracking reference image.","All three variants of Şeftali, J. Hale çeşidi are the same scene, re-shot with a different amount of food. Identical across small/regular/large: the matte white plate and its diameter, the 85-degree overhead camera angle, the camera distance, the neutral light stone tabletop, the soft diffused daylight, the white balance, and the framing. The plate diameter is identical in all three renders; only the area, height and realistic volume of the food change. The food keeps the same color, cut and cooking state. Nothing is added or removed between variants — no sauce, oil, herb or side item appears in one variant and not another. Portion weights are 75 g / 150 g / 300 g and must read as visibly increasing at a 120-160 px thumbnail size. No weight, number or label may appear in the image itself.","TürKomp — Ulusal Gıda Kompozisyon Veri Tabanı","09.01.0045",,,,,,,"missing","","TÜBER 2022 Ek 2.3.1 — Besinlerin standart porsiyonlarının enerji ve besin ögesi içerikleri","Şeftali","https://hsgm.saglik.gov.tr/depo/birimler/saglikli-beslenme-ve-hareketli-hayat-db/Dokumanlar/Rehberler/Turkiye_Beslenme_Rehber_TUBER_2022_min.pdf","TÜBER 2022 (baskı tarihi 2023-08-08)","Ek 2.3.1 (s.283-284)","https://turkomp.tarimorman.gov.tr/food-seftali-j-hale-cesidi-505","2026-08-18T20:30:00Z",,,"needs_review","regular = the published TÜBER Ek 2.3.1 standard portion for ""Şeftali"" (150 g). | small = APP-DERIVED as 0.5x the published unit weight (portion policy portion-policy-v2, category fruit_whole). Discrete foods are counted in units, not scaled by a factor. This is a product reference size, NOT published by TÜBER. | large = APP-DERIVED as 2.0x the published unit weight (portion policy portion-policy-v2, category fruit_whole). Discrete foods are counted in units, not scaled by a factor. This is a product reference size, NOT published by TÜBER. | Composition is the published TürKomp per-100 g record 09.01.0045; no scaling applied."
,"Şeftali, J. Hale çeşidi",,"seftali-j-hale-cesidi",,"large","300.0",,"food-portions/seftali-j-hale-cesidi/seftali-j-hale-cesidi--large--300g.webp","Photorealistic overhead food reference photograph of Şeftali, J. Hale çeşidi, representing the LARGE controlled portion of 300 grams. Served on the exact same matte white plate used across the three portion variants. Fixed 85-degree overhead camera, fixed camera distance, neutral light stone tabletop, soft diffused daylight, natural appetizing food color, realistic household serving, entire plate visible, centered composition, no utensils, no hands, no napkin, no packaging, no logo, no text, no watermark, no decorative garnish unless part of the canonical recipe, no dramatic restaurant styling, no hard shadows. Only the amount of food should differ between portion variants. Square 1:1 composition, sRGB, production-quality mobile nutrition tracking reference image.","All three variants of Şeftali, J. Hale çeşidi are the same scene, re-shot with a different amount of food. Identical across small/regular/large: the matte white plate and its diameter, the 85-degree overhead camera angle, the camera distance, the neutral light stone tabletop, the soft diffused daylight, the white balance, and the framing. The plate diameter is identical in all three renders; only the area, height and realistic volume of the food change. The food keeps the same color, cut and cooking state. Nothing is added or removed between variants — no sauce, oil, herb or side item appears in one variant and not another. Portion weights are 75 g / 150 g / 300 g and must read as visibly increasing at a 120-160 px thumbnail size. No weight, number or label may appear in the image itself.","TürKomp — Ulusal Gıda Kompozisyon Veri Tabanı","09.01.0045",,,,,,,"missing","","TÜBER 2022 Ek 2.3.1 — Besinlerin standart porsiyonlarının enerji ve besin ögesi içerikleri","Şeftali","https://hsgm.saglik.gov.tr/depo/birimler/saglikli-beslenme-ve-hareketli-hayat-db/Dokumanlar/Rehberler/Turkiye_Beslenme_Rehber_TUBER_2022_min.pdf","TÜBER 2022 (baskı tarihi 2023-08-08)","Ek 2.3.1 (s.283-284)","https://turkomp.tarimorman.gov.tr/food-seftali-j-hale-cesidi-505","2026-08-18T20:30:00Z",,,"needs_review","regular = the published TÜBER Ek 2.3.1 standard portion for ""Şeftali"" (150 g). | small = APP-DERIVED as 0.5x the published unit weight (portion policy portion-policy-v2, category fruit_whole). Discrete foods are counted in units, not scaled by a factor. This is a product reference size, NOT published by TÜBER. | large = APP-DERIVED as 2.0x the published unit weight (portion policy portion-policy-v2, category fruit_whole). Discrete foods are counted in units, not scaled by a factor. This is a product reference size, NOT published by TÜBER. | Composition is the published TürKomp per-100 g record 09.01.0045; no scaling applied."
,"Portakal suyu",,"portakal-suyu",,"small","80.0",,"food-portions/portakal-suyu/portakal-suyu--small--80g.webp","Photorealistic overhead food reference photograph of Portakal suyu, representing the SMALL controlled portion of 80 grams. Served on the exact same matte white glass used across the three portion variants. Fixed 85-degree overhead camera, fixed camera distance, neutral light stone tabletop, soft diffused daylight, natural appetizing food color, realistic household serving, entire glass visible, centered composition, no utensils, no hands, no napkin, no packaging, no logo, no text, no watermark, no decorative garnish unless part of the canonical recipe, no dramatic restaurant styling, no hard shadows. Only the amount of food should differ between portion variants. Square 1:1 composition, sRGB, production-quality mobile nutrition tracking reference image.","All three variants of Portakal suyu are the same scene, re-shot with a different amount of food. Identical across small/regular/large: the matte white glass and its diameter, the 85-degree overhead camera angle, the camera distance, the neutral light stone tabletop, the soft diffused daylight, the white balance, and the framing. The glass diameter and depth are identical in all three renders; only the fill level changes. The food keeps the same color, cut and cooking state. Nothing is added or removed between variants — no sauce, oil, herb or side item appears in one variant and not another. Portion weights are 80 g / 130 g / 200 g and must read as visibly increasing at a 120-160 px thumbnail size. No weight, number or label may appear in the image itself.","TürKomp — Ulusal Gıda Kompozisyon Veri Tabanı","09.02.0038",,,,,,,"missing","","TÜBER 2022 Ek 2.3.1 — Besinlerin standart porsiyonlarının enerji ve besin ögesi içerikleri","Portakal suyu (sıkılmış)","https://hsgm.saglik.gov.tr/depo/birimler/saglikli-beslenme-ve-hareketli-hayat-db/Dokumanlar/Rehberler/Turkiye_Beslenme_Rehber_TUBER_2022_min.pdf","TÜBER 2022 (baskı tarihi 2023-08-08)","Ek 2.3.1 (s.283-284)","https://turkomp.tarimorman.gov.tr/food-portakal-suyu-303","2026-08-18T20:30:00Z",,,"needs_review","regular = the published TÜBER Ek 2.3.1 standard portion for ""Portakal suyu (sıkılmış)"" (125 g). | small = APP-DERIVED from regular using portion policy portion-policy-v2 (category beverage_dairy), rounded to 10 g steps. This is a product reference size, NOT a value published by TÜBER. | large = APP-DERIVED from regular using portion policy portion-policy-v2 (category beverage_dairy), rounded to 10 g steps. This is a product reference size, NOT a value published by TÜBER. | Composition is the published TürKomp per-100 g record 09.02.0038; no scaling applied."
,"Portakal suyu",,"portakal-suyu",,"regular","130.0",,"food-portions/portakal-suyu/portakal-suyu--regular--130g.webp","Photorealistic overhead food reference photograph of Portakal suyu, representing the REGULAR controlled portion of 130 grams. Served on the exact same matte white glass used across the three portion variants. Fixed 85-degree overhead camera, fixed camera distance, neutral light stone tabletop, soft diffused daylight, natural appetizing food color, realistic household serving, entire glass visible, centered composition, no utensils, no hands, no napkin, no packaging, no logo, no text, no watermark, no decorative garnish unless part of the canonical recipe, no dramatic restaurant styling, no hard shadows. Only the amount of food should differ between portion variants. Square 1:1 composition, sRGB, production-quality mobile nutrition tracking reference image.","All three variants of Portakal suyu are the same scene, re-shot with a different amount of food. Identical across small/regular/large: the matte white glass and its diameter, the 85-degree overhead camera angle, the camera distance, the neutral light stone tabletop, the soft diffused daylight, the white balance, and the framing. The glass diameter and depth are identical in all three renders; only the fill level changes. The food keeps the same color, cut and cooking state. Nothing is added or removed between variants — no sauce, oil, herb or side item appears in one variant and not another. Portion weights are 80 g / 130 g / 200 g and must read as visibly increasing at a 120-160 px thumbnail size. No weight, number or label may appear in the image itself.","TürKomp — Ulusal Gıda Kompozisyon Veri Tabanı","09.02.0038",,,,,,,"missing","","TÜBER 2022 Ek 2.3.1 — Besinlerin standart porsiyonlarının enerji ve besin ögesi içerikleri","Portakal suyu (sıkılmış)","https://hsgm.saglik.gov.tr/depo/birimler/saglikli-beslenme-ve-hareketli-hayat-db/Dokumanlar/Rehberler/Turkiye_Beslenme_Rehber_TUBER_2022_min.pdf","TÜBER 2022 (baskı tarihi 2023-08-08)","Ek 2.3.1 (s.283-284)","https://turkomp.tarimorman.gov.tr/food-portakal-suyu-303","2026-08-18T20:30:00Z",,,"needs_review","regular = the published TÜBER Ek 2.3.1 standard portion for ""Portakal suyu (sıkılmış)"" (125 g). | small = APP-DERIVED from regular using portion policy portion-policy-v2 (category beverage_dairy), rounded to 10 g steps. This is a product reference size, NOT a value published by TÜBER. | large = APP-DERIVED from regular using portion policy portion-policy-v2 (category beverage_dairy), rounded to 10 g steps. This is a product reference size, NOT a value published by TÜBER. | Composition is the published TürKomp per-100 g record 09.02.0038; no scaling applied."
,"Portakal suyu",,"portakal-suyu",,"large","200.0",,"food-portions/portakal-suyu/portakal-suyu--large--200g.webp","Photorealistic overhead food reference photograph of Portakal suyu, representing the LARGE controlled portion of 200 grams. Served on the exact same matte white glass used across the three portion variants. Fixed 85-degree overhead camera, fixed camera distance, neutral light stone tabletop, soft diffused daylight, natural appetizing food color, realistic household serving, entire glass visible, centered composition, no utensils, no hands, no napkin, no packaging, no logo, no text, no watermark, no decorative garnish unless part of the canonical recipe, no dramatic restaurant styling, no hard shadows. Only the amount of food should differ between portion variants. Square 1:1 composition, sRGB, production-quality mobile nutrition tracking reference image.","All three variants of Portakal suyu are the same scene, re-shot with a different amount of food. Identical across small/regular/large: the matte white glass and its diameter, the 85-degree overhead camera angle, the camera distance, the neutral light stone tabletop, the soft diffused daylight, the white balance, and the framing. The glass diameter and depth are identical in all three renders; only the fill level changes. The food keeps the same color, cut and cooking state. Nothing is added or removed between variants — no sauce, oil, herb or side item appears in one variant and not another. Portion weights are 80 g / 130 g / 200 g and must read as visibly increasing at a 120-160 px thumbnail size. No weight, number or label may appear in the image itself.","TürKomp — Ulusal Gıda Kompozisyon Veri Tabanı","09.02.0038",,,,,,,"missing","","TÜBER 2022 Ek 2.3.1 — Besinlerin standart porsiyonlarının enerji ve besin ögesi içerikleri","Portakal suyu (sıkılmış)","https://hsgm.saglik.gov.tr/depo/birimler/saglikli-beslenme-ve-hareketli-hayat-db/Dokumanlar/Rehberler/Turkiye_Beslenme_Rehber_TUBER_2022_min.pdf","TÜBER 2022 (baskı tarihi 2023-08-08)","Ek 2.3.1 (s.283-284)","https://turkomp.tarimorman.gov.tr/food-portakal-suyu-303","2026-08-18T20:30:00Z",,,"needs_review","regular = the published TÜBER Ek 2.3.1 standard portion for ""Portakal suyu (sıkılmış)"" (125 g). | small = APP-DERIVED from regular using portion policy portion-policy-v2 (category beverage_dairy), rounded to 10 g steps. This is a product reference size, NOT a value published by TÜBER. | large = APP-DERIVED from regular using portion policy portion-policy-v2 (category beverage_dairy), rounded to 10 g steps. This is a product reference size, NOT a value published by TÜBER. | Composition is the published TürKomp per-100 g record 09.02.0038; no scaling applied."
,"Kefir, Kars",,"kefir-kars",,"small","150.0",,"food-portions/kefir-kars/kefir-kars--small--150g.webp","Photorealistic overhead food reference photograph of Kefir, Kars, representing the SMALL controlled portion of 150 grams. Served on the exact same matte white plate used across the three portion variants. Fixed 85-degree overhead camera, fixed camera distance, neutral light stone tabletop, soft diffused daylight, natural appetizing food color, realistic household serving, entire plate visible, centered composition, no utensils, no hands, no napkin, no packaging, no logo, no text, no watermark, no decorative garnish unless part of the canonical recipe, no dramatic restaurant styling, no hard shadows. Only the amount of food should differ between portion variants. Square 1:1 composition, sRGB, production-quality mobile nutrition tracking reference image.","All three variants of Kefir, Kars are the same scene, re-shot with a different amount of food. Identical across small/regular/large: the matte white plate and its diameter, the 85-degree overhead camera angle, the camera distance, the neutral light stone tabletop, the soft diffused daylight, the white balance, and the framing. The plate diameter is identical in all three renders; only the area, height and realistic volume of the food change. The food keeps the same color, cut and cooking state. Nothing is added or removed between variants — no sauce, oil, herb or side item appears in one variant and not another. Portion weights are 150 g / 240 g / 360 g and must read as visibly increasing at a 120-160 px thumbnail size. No weight, number or label may appear in the image itself.","TürKomp — Ulusal Gıda Kompozisyon Veri Tabanı","12.02.0019",,,,,,,"missing","","TÜBER 2022 Ek 2.3.1 — Besinlerin standart porsiyonlarının enerji ve besin ögesi içerikleri","Kefir, tam yağlı","https://hsgm.saglik.gov.tr/depo/birimler/saglikli-beslenme-ve-hareketli-hayat-db/Dokumanlar/Rehberler/Turkiye_Beslenme_Rehber_TUBER_2022_min.pdf","TÜBER 2022 (baskı tarihi 2023-08-08)","Ek 2.3.1 (s.283-284)","https://turkomp.tarimorman.gov.tr/food-kefir-kars-621","2026-08-18T20:30:00Z",,,"needs_review","regular = the published TÜBER Ek 2.3.1 standard portion for ""Kefir, tam yağlı"" (240 g). | small = APP-DERIVED from regular using portion policy portion-policy-v2 (category dairy_yogurt), rounded to 10 g steps. This is a product reference size, NOT a value published by TÜBER. | large = APP-DERIVED from regular using portion policy portion-policy-v2 (category dairy_yogurt), rounded to 10 g steps. This is a product reference size, NOT a value published by TÜBER. | Composition is the published TürKomp per-100 g record 12.02.0019; no scaling applied."
,"Kefir, Kars",,"kefir-kars",,"regular","240.0",,"food-portions/kefir-kars/kefir-kars--regular--240g.webp","Photorealistic overhead food reference photograph of Kefir, Kars, representing the REGULAR controlled portion of 240 grams. Served on the exact same matte white plate used across the three portion variants. Fixed 85-degree overhead camera, fixed camera distance, neutral light stone tabletop, soft diffused daylight, natural appetizing food color, realistic household serving, entire plate visible, centered composition, no utensils, no hands, no napkin, no packaging, no logo, no text, no watermark, no decorative garnish unless part of the canonical recipe, no dramatic restaurant styling, no hard shadows. Only the amount of food should differ between portion variants. Square 1:1 composition, sRGB, production-quality mobile nutrition tracking reference image.","All three variants of Kefir, Kars are the same scene, re-shot with a different amount of food. Identical across small/regular/large: the matte white plate and its diameter, the 85-degree overhead camera angle, the camera distance, the neutral light stone tabletop, the soft diffused daylight, the white balance, and the framing. The plate diameter is identical in all three renders; only the area, height and realistic volume of the food change. The food keeps the same color, cut and cooking state. Nothing is added or removed between variants — no sauce, oil, herb or side item appears in one variant and not another. Portion weights are 150 g / 240 g / 360 g and must read as visibly increasing at a 120-160 px thumbnail size. No weight, number or label may appear in the image itself.","TürKomp — Ulusal Gıda Kompozisyon Veri Tabanı","12.02.0019",,,,,,,"missing","","TÜBER 2022 Ek 2.3.1 — Besinlerin standart porsiyonlarının enerji ve besin ögesi içerikleri","Kefir, tam yağlı","https://hsgm.saglik.gov.tr/depo/birimler/saglikli-beslenme-ve-hareketli-hayat-db/Dokumanlar/Rehberler/Turkiye_Beslenme_Rehber_TUBER_2022_min.pdf","TÜBER 2022 (baskı tarihi 2023-08-08)","Ek 2.3.1 (s.283-284)","https://turkomp.tarimorman.gov.tr/food-kefir-kars-621","2026-08-18T20:30:00Z",,,"needs_review","regular = the published TÜBER Ek 2.3.1 standard portion for ""Kefir, tam yağlı"" (240 g). | small = APP-DERIVED from regular using portion policy portion-policy-v2 (category dairy_yogurt), rounded to 10 g steps. This is a product reference size, NOT a value published by TÜBER. | large = APP-DERIVED from regular using portion policy portion-policy-v2 (category dairy_yogurt), rounded to 10 g steps. This is a product reference size, NOT a value published by TÜBER. | Composition is the published TürKomp per-100 g record 12.02.0019; no scaling applied."
,"Kefir, Kars",,"kefir-kars",,"large","360.0",,"food-portions/kefir-kars/kefir-kars--large--360g.webp","Photorealistic overhead food reference photograph of Kefir, Kars, representing the LARGE controlled portion of 360 grams. Served on the exact same matte white plate used across the three portion variants. Fixed 85-degree overhead camera, fixed camera distance, neutral light stone tabletop, soft diffused daylight, natural appetizing food color, realistic household serving, entire plate visible, centered composition, no utensils, no hands, no napkin, no packaging, no logo, no text, no watermark, no decorative garnish unless part of the canonical recipe, no dramatic restaurant styling, no hard shadows. Only the amount of food should differ between portion variants. Square 1:1 composition, sRGB, production-quality mobile nutrition tracking reference image.","All three variants of Kefir, Kars are the same scene, re-shot with a different amount of food. Identical across small/regular/large: the matte white plate and its diameter, the 85-degree overhead camera angle, the camera distance, the neutral light stone tabletop, the soft diffused daylight, the white balance, and the framing. The plate diameter is identical in all three renders; only the area, height and realistic volume of the food change. The food keeps the same color, cut and cooking state. Nothing is added or removed between variants — no sauce, oil, herb or side item appears in one variant and not another. Portion weights are 150 g / 240 g / 360 g and must read as visibly increasing at a 120-160 px thumbnail size. No weight, number or label may appear in the image itself.","TürKomp — Ulusal Gıda Kompozisyon Veri Tabanı","12.02.0019",,,,,,,"missing","","TÜBER 2022 Ek 2.3.1 — Besinlerin standart porsiyonlarının enerji ve besin ögesi içerikleri","Kefir, tam yağlı","https://hsgm.saglik.gov.tr/depo/birimler/saglikli-beslenme-ve-hareketli-hayat-db/Dokumanlar/Rehberler/Turkiye_Beslenme_Rehber_TUBER_2022_min.pdf","TÜBER 2022 (baskı tarihi 2023-08-08)","Ek 2.3.1 (s.283-284)","https://turkomp.tarimorman.gov.tr/food-kefir-kars-621","2026-08-18T20:30:00Z",,,"needs_review","regular = the published TÜBER Ek 2.3.1 standard portion for ""Kefir, tam yağlı"" (240 g). | small = APP-DERIVED from regular using portion policy portion-policy-v2 (category dairy_yogurt), rounded to 10 g steps. This is a product reference size, NOT a value published by TÜBER. | large = APP-DERIVED from regular using portion policy portion-policy-v2 (category dairy_yogurt), rounded to 10 g steps. This is a product reference size, NOT a value published by TÜBER. | Composition is the published TürKomp per-100 g record 12.02.0019; no scaling applied."
,"Simit, İzmir",,"simit-izmir",,"small","25.0",,"food-portions/simit-izmir/simit-izmir--small--25g.webp","Photorealistic overhead food reference photograph of Simit, İzmir, representing the SMALL controlled portion of 25 grams. Served on the exact same matte white plate used across the three portion variants. Fixed 85-degree overhead camera, fixed camera distance, neutral light stone tabletop, soft diffused daylight, natural appetizing food color, realistic household serving, entire plate visible, centered composition, no utensils, no hands, no napkin, no packaging, no logo, no text, no watermark, no decorative garnish unless part of the canonical recipe, no dramatic restaurant styling, no hard shadows. Only the amount of food should differ between portion variants. Square 1:1 composition, sRGB, production-quality mobile nutrition tracking reference image.","All three variants of Simit, İzmir are the same scene, re-shot with a different amount of food. Identical across small/regular/large: the matte white plate and its diameter, the 85-degree overhead camera angle, the camera distance, the neutral light stone tabletop, the soft diffused daylight, the white balance, and the framing. The plate diameter is identical in all three renders; only the area, height and realistic volume of the food change. The food keeps the same color, cut and cooking state. Nothing is added or removed between variants — no sauce, oil, herb or side item appears in one variant and not another. Portion weights are 25 g / 50 g / 100 g and must read as visibly increasing at a 120-160 px thumbnail size. No weight, number or label may appear in the image itself.","TürKomp — Ulusal Gıda Kompozisyon Veri Tabanı","12.02.0021",,,,,,,"missing","","TÜBER 2022 Ek 2.3.1 — Besinlerin standart porsiyonlarının enerji ve besin ögesi içerikleri","Simit","https://hsgm.saglik.gov.tr/depo/birimler/saglikli-beslenme-ve-hareketli-hayat-db/Dokumanlar/Rehberler/Turkiye_Beslenme_Rehber_TUBER_2022_min.pdf","TÜBER 2022 (baskı tarihi 2023-08-08)","Ek 2.3.1 (s.283-284)","https://turkomp.tarimorman.gov.tr/food-simit-izmir-623","2026-08-18T20:30:00Z",,,"needs_review","regular = the published TÜBER Ek 2.3.1 standard portion for ""Simit"" (50 g). | small = APP-DERIVED as 0.5x the published unit weight (portion policy portion-policy-v2, category bread). Discrete foods are counted in units, not scaled by a factor. This is a product reference size, NOT published by TÜBER. | large = APP-DERIVED as 2.0x the published unit weight (portion policy portion-policy-v2, category bread). Discrete foods are counted in units, not scaled by a factor. This is a product reference size, NOT published by TÜBER. | Composition is the published TürKomp per-100 g record 12.02.0021; no scaling applied."
,"Simit, İzmir",,"simit-izmir",,"regular","50.0",,"food-portions/simit-izmir/simit-izmir--regular--50g.webp","Photorealistic overhead food reference photograph of Simit, İzmir, representing the REGULAR controlled portion of 50 grams. Served on the exact same matte white plate used across the three portion variants. Fixed 85-degree overhead camera, fixed camera distance, neutral light stone tabletop, soft diffused daylight, natural appetizing food color, realistic household serving, entire plate visible, centered composition, no utensils, no hands, no napkin, no packaging, no logo, no text, no watermark, no decorative garnish unless part of the canonical recipe, no dramatic restaurant styling, no hard shadows. Only the amount of food should differ between portion variants. Square 1:1 composition, sRGB, production-quality mobile nutrition tracking reference image.","All three variants of Simit, İzmir are the same scene, re-shot with a different amount of food. Identical across small/regular/large: the matte white plate and its diameter, the 85-degree overhead camera angle, the camera distance, the neutral light stone tabletop, the soft diffused daylight, the white balance, and the framing. The plate diameter is identical in all three renders; only the area, height and realistic volume of the food change. The food keeps the same color, cut and cooking state. Nothing is added or removed between variants — no sauce, oil, herb or side item appears in one variant and not another. Portion weights are 25 g / 50 g / 100 g and must read as visibly increasing at a 120-160 px thumbnail size. No weight, number or label may appear in the image itself.","TürKomp — Ulusal Gıda Kompozisyon Veri Tabanı","12.02.0021",,,,,,,"missing","","TÜBER 2022 Ek 2.3.1 — Besinlerin standart porsiyonlarının enerji ve besin ögesi içerikleri","Simit","https://hsgm.saglik.gov.tr/depo/birimler/saglikli-beslenme-ve-hareketli-hayat-db/Dokumanlar/Rehberler/Turkiye_Beslenme_Rehber_TUBER_2022_min.pdf","TÜBER 2022 (baskı tarihi 2023-08-08)","Ek 2.3.1 (s.283-284)","https://turkomp.tarimorman.gov.tr/food-simit-izmir-623","2026-08-18T20:30:00Z",,,"needs_review","regular = the published TÜBER Ek 2.3.1 standard portion for ""Simit"" (50 g). | small = APP-DERIVED as 0.5x the published unit weight (portion policy portion-policy-v2, category bread). Discrete foods are counted in units, not scaled by a factor. This is a product reference size, NOT published by TÜBER. | large = APP-DERIVED as 2.0x the published unit weight (portion policy portion-policy-v2, category bread). Discrete foods are counted in units, not scaled by a factor. This is a product reference size, NOT published by TÜBER. | Composition is the published TürKomp per-100 g record 12.02.0021; no scaling applied."
,"Simit, İzmir",,"simit-izmir",,"large","100.0",,"food-portions/simit-izmir/simit-izmir--large--100g.webp","Photorealistic overhead food reference photograph of Simit, İzmir, representing the LARGE controlled portion of 100 grams. Served on the exact same matte white plate used across the three portion variants. Fixed 85-degree overhead camera, fixed camera distance, neutral light stone tabletop, soft diffused daylight, natural appetizing food color, realistic household serving, entire plate visible, centered composition, no utensils, no hands, no napkin, no packaging, no logo, no text, no watermark, no decorative garnish unless part of the canonical recipe, no dramatic restaurant styling, no hard shadows. Only the amount of food should differ between portion variants. Square 1:1 composition, sRGB, production-quality mobile nutrition tracking reference image.","All three variants of Simit, İzmir are the same scene, re-shot with a different amount of food. Identical across small/regular/large: the matte white plate and its diameter, the 85-degree overhead camera angle, the camera distance, the neutral light stone tabletop, the soft diffused daylight, the white balance, and the framing. The plate diameter is identical in all three renders; only the area, height and realistic volume of the food change. The food keeps the same color, cut and cooking state. Nothing is added or removed between variants — no sauce, oil, herb or side item appears in one variant and not another. Portion weights are 25 g / 50 g / 100 g and must read as visibly increasing at a 120-160 px thumbnail size. No weight, number or label may appear in the image itself.","TürKomp — Ulusal Gıda Kompozisyon Veri Tabanı","12.02.0021",,,,,,,"missing","","TÜBER 2022 Ek 2.3.1 — Besinlerin standart porsiyonlarının enerji ve besin ögesi içerikleri","Simit","https://hsgm.saglik.gov.tr/depo/birimler/saglikli-beslenme-ve-hareketli-hayat-db/Dokumanlar/Rehberler/Turkiye_Beslenme_Rehber_TUBER_2022_min.pdf","TÜBER 2022 (baskı tarihi 2023-08-08)","Ek 2.3.1 (s.283-284)","https://turkomp.tarimorman.gov.tr/food-simit-izmir-623","2026-08-18T20:30:00Z",,,"needs_review","regular = the published TÜBER Ek 2.3.1 standard portion for ""Simit"" (50 g). | small = APP-DERIVED as 0.5x the published unit weight (portion policy portion-policy-v2, category bread). Discrete foods are counted in units, not scaled by a factor. This is a product reference size, NOT published by TÜBER. | large = APP-DERIVED as 2.0x the published unit weight (portion policy portion-policy-v2, category bread). Discrete foods are counted in units, not scaled by a factor. This is a product reference size, NOT published by TÜBER. | Composition is the published TürKomp per-100 g record 12.02.0021; no scaling applied."
,"Kefir, Ankara",,"kefir-ankara",,"small","150.0",,"food-portions/kefir-ankara/kefir-ankara--small--150g.webp","Photorealistic overhead food reference photograph of Kefir, Ankara, representing the SMALL controlled portion of 150 grams. Served on the exact same matte white plate used across the three portion variants. Fixed 85-degree overhead camera, fixed camera distance, neutral light stone tabletop, soft diffused daylight, natural appetizing food color, realistic household serving, entire plate visible, centered composition, no utensils, no hands, no napkin, no packaging, no logo, no text, no watermark, no decorative garnish unless part of the canonical recipe, no dramatic restaurant styling, no hard shadows. Only the amount of food should differ between portion variants. Square 1:1 composition, sRGB, production-quality mobile nutrition tracking reference image.","All three variants of Kefir, Ankara are the same scene, re-shot with a different amount of food. Identical across small/regular/large: the matte white plate and its diameter, the 85-degree overhead camera angle, the camera distance, the neutral light stone tabletop, the soft diffused daylight, the white balance, and the framing. The plate diameter is identical in all three renders; only the area, height and realistic volume of the food change. The food keeps the same color, cut and cooking state. Nothing is added or removed between variants — no sauce, oil, herb or side item appears in one variant and not another. Portion weights are 150 g / 240 g / 360 g and must read as visibly increasing at a 120-160 px thumbnail size. No weight, number or label may appear in the image itself.","TürKomp — Ulusal Gıda Kompozisyon Veri Tabanı","12.02.0048",,,,,,,"missing","","TÜBER 2022 Ek 2.3.1 — Besinlerin standart porsiyonlarının enerji ve besin ögesi içerikleri","Kefir, tam yağlı","https://hsgm.saglik.gov.tr/depo/birimler/saglikli-beslenme-ve-hareketli-hayat-db/Dokumanlar/Rehberler/Turkiye_Beslenme_Rehber_TUBER_2022_min.pdf","TÜBER 2022 (baskı tarihi 2023-08-08)","Ek 2.3.1 (s.283-284)","https://turkomp.tarimorman.gov.tr/food-kefir-ankara-464","2026-08-18T20:30:00Z",,,"needs_review","regular = the published TÜBER Ek 2.3.1 standard portion for ""Kefir, tam yağlı"" (240 g). | small = APP-DERIVED from regular using portion policy portion-policy-v2 (category dairy_yogurt), rounded to 10 g steps. This is a product reference size, NOT a value published by TÜBER. | large = APP-DERIVED from regular using portion policy portion-policy-v2 (category dairy_yogurt), rounded to 10 g steps. This is a product reference size, NOT a value published by TÜBER. | Composition is the published TürKomp per-100 g record 12.02.0048; no scaling applied."
,"Kefir, Ankara",,"kefir-ankara",,"regular","240.0",,"food-portions/kefir-ankara/kefir-ankara--regular--240g.webp","Photorealistic overhead food reference photograph of Kefir, Ankara, representing the REGULAR controlled portion of 240 grams. Served on the exact same matte white plate used across the three portion variants. Fixed 85-degree overhead camera, fixed camera distance, neutral light stone tabletop, soft diffused daylight, natural appetizing food color, realistic household serving, entire plate visible, centered composition, no utensils, no hands, no napkin, no packaging, no logo, no text, no watermark, no decorative garnish unless part of the canonical recipe, no dramatic restaurant styling, no hard shadows. Only the amount of food should differ between portion variants. Square 1:1 composition, sRGB, production-quality mobile nutrition tracking reference image.","All three variants of Kefir, Ankara are the same scene, re-shot with a different amount of food. Identical across small/regular/large: the matte white plate and its diameter, the 85-degree overhead camera angle, the camera distance, the neutral light stone tabletop, the soft diffused daylight, the white balance, and the framing. The plate diameter is identical in all three renders; only the area, height and realistic volume of the food change. The food keeps the same color, cut and cooking state. Nothing is added or removed between variants — no sauce, oil, herb or side item appears in one variant and not another. Portion weights are 150 g / 240 g / 360 g and must read as visibly increasing at a 120-160 px thumbnail size. No weight, number or label may appear in the image itself.","TürKomp — Ulusal Gıda Kompozisyon Veri Tabanı","12.02.0048",,,,,,,"missing","","TÜBER 2022 Ek 2.3.1 — Besinlerin standart porsiyonlarının enerji ve besin ögesi içerikleri","Kefir, tam yağlı","https://hsgm.saglik.gov.tr/depo/birimler/saglikli-beslenme-ve-hareketli-hayat-db/Dokumanlar/Rehberler/Turkiye_Beslenme_Rehber_TUBER_2022_min.pdf","TÜBER 2022 (baskı tarihi 2023-08-08)","Ek 2.3.1 (s.283-284)","https://turkomp.tarimorman.gov.tr/food-kefir-ankara-464","2026-08-18T20:30:00Z",,,"needs_review","regular = the published TÜBER Ek 2.3.1 standard portion for ""Kefir, tam yağlı"" (240 g). | small = APP-DERIVED from regular using portion policy portion-policy-v2 (category dairy_yogurt), rounded to 10 g steps. This is a product reference size, NOT a value published by TÜBER. | large = APP-DERIVED from regular using portion policy portion-policy-v2 (category dairy_yogurt), rounded to 10 g steps. This is a product reference size, NOT a value published by TÜBER. | Composition is the published TürKomp per-100 g record 12.02.0048; no scaling applied."
,"Kefir, Ankara",,"kefir-ankara",,"large","360.0",,"food-portions/kefir-ankara/kefir-ankara--large--360g.webp","Photorealistic overhead food reference photograph of Kefir, Ankara, representing the LARGE controlled portion of 360 grams. Served on the exact same matte white plate used across the three portion variants. Fixed 85-degree overhead camera, fixed camera distance, neutral light stone tabletop, soft diffused daylight, natural appetizing food color, realistic household serving, entire plate visible, centered composition, no utensils, no hands, no napkin, no packaging, no logo, no text, no watermark, no decorative garnish unless part of the canonical recipe, no dramatic restaurant styling, no hard shadows. Only the amount of food should differ between portion variants. Square 1:1 composition, sRGB, production-quality mobile nutrition tracking reference image.","All three variants of Kefir, Ankara are the same scene, re-shot with a different amount of food. Identical across small/regular/large: the matte white plate and its diameter, the 85-degree overhead camera angle, the camera distance, the neutral light stone tabletop, the soft diffused daylight, the white balance, and the framing. The plate diameter is identical in all three renders; only the area, height and realistic volume of the food change. The food keeps the same color, cut and cooking state. Nothing is added or removed between variants — no sauce, oil, herb or side item appears in one variant and not another. Portion weights are 150 g / 240 g / 360 g and must read as visibly increasing at a 120-160 px thumbnail size. No weight, number or label may appear in the image itself.","TürKomp — Ulusal Gıda Kompozisyon Veri Tabanı","12.02.0048",,,,,,,"missing","","TÜBER 2022 Ek 2.3.1 — Besinlerin standart porsiyonlarının enerji ve besin ögesi içerikleri","Kefir, tam yağlı","https://hsgm.saglik.gov.tr/depo/birimler/saglikli-beslenme-ve-hareketli-hayat-db/Dokumanlar/Rehberler/Turkiye_Beslenme_Rehber_TUBER_2022_min.pdf","TÜBER 2022 (baskı tarihi 2023-08-08)","Ek 2.3.1 (s.283-284)","https://turkomp.tarimorman.gov.tr/food-kefir-ankara-464","2026-08-18T20:30:00Z",,,"needs_review","regular = the published TÜBER Ek 2.3.1 standard portion for ""Kefir, tam yağlı"" (240 g). | small = APP-DERIVED from regular using portion policy portion-policy-v2 (category dairy_yogurt), rounded to 10 g steps. This is a product reference size, NOT a value published by TÜBER. | large = APP-DERIVED from regular using portion policy portion-policy-v2 (category dairy_yogurt), rounded to 10 g steps. This is a product reference size, NOT a value published by TÜBER. | Composition is the published TürKomp per-100 g record 12.02.0048; no scaling applied."
,"Yoğurt, Van",,"yogurt-van",,"small","150.0",,"food-portions/yogurt-van/yogurt-van--small--150g.webp","Photorealistic overhead food reference photograph of Yoğurt, Van, representing the SMALL controlled portion of 150 grams. Served on the exact same matte white plate used across the three portion variants. Fixed 85-degree overhead camera, fixed camera distance, neutral light stone tabletop, soft diffused daylight, natural appetizing food color, realistic household serving, entire plate visible, centered composition, no utensils, no hands, no napkin, no packaging, no logo, no text, no watermark, no decorative garnish unless part of the canonical recipe, no dramatic restaurant styling, no hard shadows. Only the amount of food should differ between portion variants. Square 1:1 composition, sRGB, production-quality mobile nutrition tracking reference image.","All three variants of Yoğurt, Van are the same scene, re-shot with a different amount of food. Identical across small/regular/large: the matte white plate and its diameter, the 85-degree overhead camera angle, the camera distance, the neutral light stone tabletop, the soft diffused daylight, the white balance, and the framing. The plate diameter is identical in all three renders; only the area, height and realistic volume of the food change. The food keeps the same color, cut and cooking state. Nothing is added or removed between variants — no sauce, oil, herb or side item appears in one variant and not another. Portion weights are 150 g / 240 g / 360 g and must read as visibly increasing at a 120-160 px thumbnail size. No weight, number or label may appear in the image itself.","TürKomp — Ulusal Gıda Kompozisyon Veri Tabanı","12.02.0096",,,,,,,"missing","","TÜBER 2022 Ek 2.3.1 — Besinlerin standart porsiyonlarının enerji ve besin ögesi içerikleri","Yoğurt, tam yağlı","https://hsgm.saglik.gov.tr/depo/birimler/saglikli-beslenme-ve-hareketli-hayat-db/Dokumanlar/Rehberler/Turkiye_Beslenme_Rehber_TUBER_2022_min.pdf","TÜBER 2022 (baskı tarihi 2023-08-08)","Ek 2.3.1 (s.283-284)","https://turkomp.tarimorman.gov.tr/food-yogurt-van-558","2026-08-18T20:30:00Z",,,"needs_review","regular = the published TÜBER Ek 2.3.1 standard portion for ""Yoğurt, tam yağlı"" (240 g). | small = APP-DERIVED from regular using portion policy portion-policy-v2 (category dairy_yogurt), rounded to 10 g steps. This is a product reference size, NOT a value published by TÜBER. | large = APP-DERIVED from regular using portion policy portion-policy-v2 (category dairy_yogurt), rounded to 10 g steps. This is a product reference size, NOT a value published by TÜBER. | Composition is the published TürKomp per-100 g record 12.02.0096; no scaling applied."
,"Yoğurt, Van",,"yogurt-van",,"regular","240.0",,"food-portions/yogurt-van/yogurt-van--regular--240g.webp","Photorealistic overhead food reference photograph of Yoğurt, Van, representing the REGULAR controlled portion of 240 grams. Served on the exact same matte white plate used across the three portion variants. Fixed 85-degree overhead camera, fixed camera distance, neutral light stone tabletop, soft diffused daylight, natural appetizing food color, realistic household serving, entire plate visible, centered composition, no utensils, no hands, no napkin, no packaging, no logo, no text, no watermark, no decorative garnish unless part of the canonical recipe, no dramatic restaurant styling, no hard shadows. Only the amount of food should differ between portion variants. Square 1:1 composition, sRGB, production-quality mobile nutrition tracking reference image.","All three variants of Yoğurt, Van are the same scene, re-shot with a different amount of food. Identical across small/regular/large: the matte white plate and its diameter, the 85-degree overhead camera angle, the camera distance, the neutral light stone tabletop, the soft diffused daylight, the white balance, and the framing. The plate diameter is identical in all three renders; only the area, height and realistic volume of the food change. The food keeps the same color, cut and cooking state. Nothing is added or removed between variants — no sauce, oil, herb or side item appears in one variant and not another. Portion weights are 150 g / 240 g / 360 g and must read as visibly increasing at a 120-160 px thumbnail size. No weight, number or label may appear in the image itself.","TürKomp — Ulusal Gıda Kompozisyon Veri Tabanı","12.02.0096",,,,,,,"missing","","TÜBER 2022 Ek 2.3.1 — Besinlerin standart porsiyonlarının enerji ve besin ögesi içerikleri","Yoğurt, tam yağlı","https://hsgm.saglik.gov.tr/depo/birimler/saglikli-beslenme-ve-hareketli-hayat-db/Dokumanlar/Rehberler/Turkiye_Beslenme_Rehber_TUBER_2022_min.pdf","TÜBER 2022 (baskı tarihi 2023-08-08)","Ek 2.3.1 (s.283-284)","https://turkomp.tarimorman.gov.tr/food-yogurt-van-558","2026-08-18T20:30:00Z",,,"needs_review","regular = the published TÜBER Ek 2.3.1 standard portion for ""Yoğurt, tam yağlı"" (240 g). | small = APP-DERIVED from regular using portion policy portion-policy-v2 (category dairy_yogurt), rounded to 10 g steps. This is a product reference size, NOT a value published by TÜBER. | large = APP-DERIVED from regular using portion policy portion-policy-v2 (category dairy_yogurt), rounded to 10 g steps. This is a product reference size, NOT a value published by TÜBER. | Composition is the published TürKomp per-100 g record 12.02.0096; no scaling applied."
,"Yoğurt, Van",,"yogurt-van",,"large","360.0",,"food-portions/yogurt-van/yogurt-van--large--360g.webp","Photorealistic overhead food reference photograph of Yoğurt, Van, representing the LARGE controlled portion of 360 grams. Served on the exact same matte white plate used across the three portion variants. Fixed 85-degree overhead camera, fixed camera distance, neutral light stone tabletop, soft diffused daylight, natural appetizing food color, realistic household serving, entire plate visible, centered composition, no utensils, no hands, no napkin, no packaging, no logo, no text, no watermark, no decorative garnish unless part of the canonical recipe, no dramatic restaurant styling, no hard shadows. Only the amount of food should differ between portion variants. Square 1:1 composition, sRGB, production-quality mobile nutrition tracking reference image.","All three variants of Yoğurt, Van are the same scene, re-shot with a different amount of food. Identical across small/regular/large: the matte white plate and its diameter, the 85-degree overhead camera angle, the camera distance, the neutral light stone tabletop, the soft diffused daylight, the white balance, and the framing. The plate diameter is identical in all three renders; only the area, height and realistic volume of the food change. The food keeps the same color, cut and cooking state. Nothing is added or removed between variants — no sauce, oil, herb or side item appears in one variant and not another. Portion weights are 150 g / 240 g / 360 g and must read as visibly increasing at a 120-160 px thumbnail size. No weight, number or label may appear in the image itself.","TürKomp — Ulusal Gıda Kompozisyon Veri Tabanı","12.02.0096",,,,,,,"missing","","TÜBER 2022 Ek 2.3.1 — Besinlerin standart porsiyonlarının enerji ve besin ögesi içerikleri","Yoğurt, tam yağlı","https://hsgm.saglik.gov.tr/depo/birimler/saglikli-beslenme-ve-hareketli-hayat-db/Dokumanlar/Rehberler/Turkiye_Beslenme_Rehber_TUBER_2022_min.pdf","TÜBER 2022 (baskı tarihi 2023-08-08)","Ek 2.3.1 (s.283-284)","https://turkomp.tarimorman.gov.tr/food-yogurt-van-558","2026-08-18T20:30:00Z",,,"needs_review","regular = the published TÜBER Ek 2.3.1 standard portion for ""Yoğurt, tam yağlı"" (240 g). | small = APP-DERIVED from regular using portion policy portion-policy-v2 (category dairy_yogurt), rounded to 10 g steps. This is a product reference size, NOT a value published by TÜBER. | large = APP-DERIVED from regular using portion policy portion-policy-v2 (category dairy_yogurt), rounded to 10 g steps. This is a product reference size, NOT a value published by TÜBER. | Composition is the published TürKomp per-100 g record 12.02.0096; no scaling applied."
,,,"yufka-pismis",,"small",,,,,,,,,,,,,,"missing",,,,,,,,,,,"blocked",""
,,,"yufka-pismis",,"regular",,,,,,,,,,,,,,"missing",,,,,,,,,,,"blocked",""
,,,"yufka-pismis",,"large",,,,,,,,,,,,,,"missing",,,,,,,,,,,"blocked",""
,"Peynir, beyaz, tam yağlı (yağ, kuru maddede > % 45)",,"peynir-beyaz-tam-yagli-yag-kuru-maddede-45",,"small","40.0",,"food-portions/peynir-beyaz-tam-yagli-yag-kuru-maddede-45/peynir-beyaz-tam-yagli-yag-kuru-maddede-45--small--40g.webp","Photorealistic overhead food reference photograph of Peynir, beyaz, tam yağlı (yağ, kuru maddede > % 45), representing the SMALL controlled portion of 40 grams. Served on the exact same matte white plate used across the three portion variants. Fixed 85-degree overhead camera, fixed camera distance, neutral light stone tabletop, soft diffused daylight, natural appetizing food color, realistic household serving, entire plate visible, centered composition, no utensils, no hands, no napkin, no packaging, no logo, no text, no watermark, no decorative garnish unless part of the canonical recipe, no dramatic restaurant styling, no hard shadows. Only the amount of food should differ between portion variants. Square 1:1 composition, sRGB, production-quality mobile nutrition tracking reference image.","All three variants of Peynir, beyaz, tam yağlı (yağ, kuru maddede > % 45) are the same scene, re-shot with a different amount of food. Identical across small/regular/large: the matte white plate and its diameter, the 85-degree overhead camera angle, the camera distance, the neutral light stone tabletop, the soft diffused daylight, the white balance, and the framing. The plate diameter is identical in all three renders; only the area, height and realistic volume of the food change. The food keeps the same color, cut and cooking state. Nothing is added or removed between variants — no sauce, oil, herb or side item appears in one variant and not another. Portion weights are 40 g / 60 g / 90 g and must read as visibly increasing at a 120-160 px thumbnail size. No weight, number or label may appear in the image itself.","TürKomp — Ulusal Gıda Kompozisyon Veri Tabanı","01.02.0004",,,,,,,"missing","","TÜBER 2022 Ek 2.3.1 — Besinlerin standart porsiyonlarının enerji ve besin ögesi içerikleri","Beyaz peynir, tam yağlı","https://hsgm.saglik.gov.tr/depo/birimler/saglikli-beslenme-ve-hareketli-hayat-db/Dokumanlar/Rehberler/Turkiye_Beslenme_Rehber_TUBER_2022_min.pdf","TÜBER 2022 (baskı tarihi 2023-08-08)","Ek 2.3.1 (s.283-284)","https://turkomp.tarimorman.gov.tr/food-peynir-beyaz-tam-yagli-yag-kuru-maddede---45-8","2026-08-18T20:30:00Z",,,"needs_review","regular = the published TÜBER Ek 2.3.1 standard portion for ""Beyaz peynir, tam yağlı"" (60 g). | small = APP-DERIVED from regular using portion policy portion-policy-v2 (category dairy_cheese), rounded to 5 g steps. This is a product reference size, NOT a value published by TÜBER. | large = APP-DERIVED from regular using portion policy portion-policy-v2 (category dairy_cheese), rounded to 5 g steps. This is a product reference size, NOT a value published by TÜBER. | Composition is the published TürKomp per-100 g record 01.02.0004; no scaling applied."
,"Peynir, beyaz, tam yağlı (yağ, kuru maddede > % 45)",,"peynir-beyaz-tam-yagli-yag-kuru-maddede-45",,"regular","60.0",,"food-portions/peynir-beyaz-tam-yagli-yag-kuru-maddede-45/peynir-beyaz-tam-yagli-yag-kuru-maddede-45--regular--60g.webp","Photorealistic overhead food reference photograph of Peynir, beyaz, tam yağlı (yağ, kuru maddede > % 45), representing the REGULAR controlled portion of 60 grams. Served on the exact same matte white plate used across the three portion variants. Fixed 85-degree overhead camera, fixed camera distance, neutral light stone tabletop, soft diffused daylight, natural appetizing food color, realistic household serving, entire plate visible, centered composition, no utensils, no hands, no napkin, no packaging, no logo, no text, no watermark, no decorative garnish unless part of the canonical recipe, no dramatic restaurant styling, no hard shadows. Only the amount of food should differ between portion variants. Square 1:1 composition, sRGB, production-quality mobile nutrition tracking reference image.","All three variants of Peynir, beyaz, tam yağlı (yağ, kuru maddede > % 45) are the same scene, re-shot with a different amount of food. Identical across small/regular/large: the matte white plate and its diameter, the 85-degree overhead camera angle, the camera distance, the neutral light stone tabletop, the soft diffused daylight, the white balance, and the framing. The plate diameter is identical in all three renders; only the area, height and realistic volume of the food change. The food keeps the same color, cut and cooking state. Nothing is added or removed between variants — no sauce, oil, herb or side item appears in one variant and not another. Portion weights are 40 g / 60 g / 90 g and must read as visibly increasing at a 120-160 px thumbnail size. No weight, number or label may appear in the image itself.","TürKomp — Ulusal Gıda Kompozisyon Veri Tabanı","01.02.0004",,,,,,,"missing","","TÜBER 2022 Ek 2.3.1 — Besinlerin standart porsiyonlarının enerji ve besin ögesi içerikleri","Beyaz peynir, tam yağlı","https://hsgm.saglik.gov.tr/depo/birimler/saglikli-beslenme-ve-hareketli-hayat-db/Dokumanlar/Rehberler/Turkiye_Beslenme_Rehber_TUBER_2022_min.pdf","TÜBER 2022 (baskı tarihi 2023-08-08)","Ek 2.3.1 (s.283-284)","https://turkomp.tarimorman.gov.tr/food-peynir-beyaz-tam-yagli-yag-kuru-maddede---45-8","2026-08-18T20:30:00Z",,,"needs_review","regular = the published TÜBER Ek 2.3.1 standard portion for ""Beyaz peynir, tam yağlı"" (60 g). | small = APP-DERIVED from regular using portion policy portion-policy-v2 (category dairy_cheese), rounded to 5 g steps. This is a product reference size, NOT a value published by TÜBER. | large = APP-DERIVED from regular using portion policy portion-policy-v2 (category dairy_cheese), rounded to 5 g steps. This is a product reference size, NOT a value published by TÜBER. | Composition is the published TürKomp per-100 g record 01.02.0004; no scaling applied."
,"Peynir, beyaz, tam yağlı (yağ, kuru maddede > % 45)",,"peynir-beyaz-tam-yagli-yag-kuru-maddede-45",,"large","90.0",,"food-portions/peynir-beyaz-tam-yagli-yag-kuru-maddede-45/peynir-beyaz-tam-yagli-yag-kuru-maddede-45--large--90g.webp","Photorealistic overhead food reference photograph of Peynir, beyaz, tam yağlı (yağ, kuru maddede > % 45), representing the LARGE controlled portion of 90 grams. Served on the exact same matte white plate used across the three portion variants. Fixed 85-degree overhead camera, fixed camera distance, neutral light stone tabletop, soft diffused daylight, natural appetizing food color, realistic household serving, entire plate visible, centered composition, no utensils, no hands, no napkin, no packaging, no logo, no text, no watermark, no decorative garnish unless part of the canonical recipe, no dramatic restaurant styling, no hard shadows. Only the amount of food should differ between portion variants. Square 1:1 composition, sRGB, production-quality mobile nutrition tracking reference image.","All three variants of Peynir, beyaz, tam yağlı (yağ, kuru maddede > % 45) are the same scene, re-shot with a different amount of food. Identical across small/regular/large: the matte white plate and its diameter, the 85-degree overhead camera angle, the camera distance, the neutral light stone tabletop, the soft diffused daylight, the white balance, and the framing. The plate diameter is identical in all three renders; only the area, height and realistic volume of the food change. The food keeps the same color, cut and cooking state. Nothing is added or removed between variants — no sauce, oil, herb or side item appears in one variant and not another. Portion weights are 40 g / 60 g / 90 g and must read as visibly increasing at a 120-160 px thumbnail size. No weight, number or label may appear in the image itself.","TürKomp — Ulusal Gıda Kompozisyon Veri Tabanı","01.02.0004",,,,,,,"missing","","TÜBER 2022 Ek 2.3.1 — Besinlerin standart porsiyonlarının enerji ve besin ögesi içerikleri","Beyaz peynir, tam yağlı","https://hsgm.saglik.gov.tr/depo/birimler/saglikli-beslenme-ve-hareketli-hayat-db/Dokumanlar/Rehberler/Turkiye_Beslenme_Rehber_TUBER_2022_min.pdf","TÜBER 2022 (baskı tarihi 2023-08-08)","Ek 2.3.1 (s.283-284)","https://turkomp.tarimorman.gov.tr/food-peynir-beyaz-tam-yagli-yag-kuru-maddede---45-8","2026-08-18T20:30:00Z",,,"needs_review","regular = the published TÜBER Ek 2.3.1 standard portion for ""Beyaz peynir, tam yağlı"" (60 g). | small = APP-DERIVED from regular using portion policy portion-policy-v2 (category dairy_cheese), rounded to 5 g steps. This is a product reference size, NOT a value published by TÜBER. | large = APP-DERIVED from regular using portion policy portion-policy-v2 (category dairy_cheese), rounded to 5 g steps. This is a product reference size, NOT a value published by TÜBER. | Composition is the published TürKomp per-100 g record 01.02.0004; no scaling applied."
,"Yoğurt, homojenize, tam yağlı (süt yağı ≥ % 3.8)",,"yogurt-homojenize-tam-yagli-sut-yagi-3-8",,"small","150.0",,"food-portions/yogurt-homojenize-tam-yagli-sut-yagi-3-8/yogurt-homojenize-tam-yagli-sut-yagi-3-8--small--150g.webp","Photorealistic overhead food reference photograph of Yoğurt, homojenize, tam yağlı (süt yağı ≥ % 3.8), representing the SMALL controlled portion of 150 grams. Served on the exact same matte white plate used across the three portion variants. Fixed 85-degree overhead camera, fixed camera distance, neutral light stone tabletop, soft diffused daylight, natural appetizing food color, realistic household serving, entire plate visible, centered composition, no utensils, no hands, no napkin, no packaging, no logo, no text, no watermark, no decorative garnish unless part of the canonical recipe, no dramatic restaurant styling, no hard shadows. Only the amount of food should differ between portion variants. Square 1:1 composition, sRGB, production-quality mobile nutrition tracking reference image.","All three variants of Yoğurt, homojenize, tam yağlı (süt yağı ≥ % 3.8) are the same scene, re-shot with a different amount of food. Identical across small/regular/large: the matte white plate and its diameter, the 85-degree overhead camera angle, the camera distance, the neutral light stone tabletop, the soft diffused daylight, the white balance, and the framing. The plate diameter is identical in all three renders; only the area, height and realistic volume of the food change. The food keeps the same color, cut and cooking state. Nothing is added or removed between variants — no sauce, oil, herb or side item appears in one variant and not another. Portion weights are 150 g / 240 g / 360 g and must read as visibly increasing at a 120-160 px thumbnail size. No weight, number or label may appear in the image itself.","TürKomp — Ulusal Gıda Kompozisyon Veri Tabanı","01.02.0015",,,,,,,"missing","","TÜBER 2022 Ek 2.3.1 — Besinlerin standart porsiyonlarının enerji ve besin ögesi içerikleri","Yoğurt, tam yağlı","https://hsgm.saglik.gov.tr/depo/birimler/saglikli-beslenme-ve-hareketli-hayat-db/Dokumanlar/Rehberler/Turkiye_Beslenme_Rehber_TUBER_2022_min.pdf","TÜBER 2022 (baskı tarihi 2023-08-08)","Ek 2.3.1 (s.283-284)","https://turkomp.tarimorman.gov.tr/food-yogurt-homojenize-tam-yagli-sut-yagi---3-8-4","2026-08-18T20:30:00Z",,,"needs_review","regular = the published TÜBER Ek 2.3.1 standard portion for ""Yoğurt, tam yağlı"" (240 g). | small = APP-DERIVED from regular using portion policy portion-policy-v2 (category dairy_yogurt), rounded to 10 g steps. This is a product reference size, NOT a value published by TÜBER. | large = APP-DERIVED from regular using portion policy portion-policy-v2 (category dairy_yogurt), rounded to 10 g steps. This is a product reference size, NOT a value published by TÜBER. | Composition is the published TürKomp per-100 g record 01.02.0015; no scaling applied."
,"Yoğurt, homojenize, tam yağlı (süt yağı ≥ % 3.8)",,"yogurt-homojenize-tam-yagli-sut-yagi-3-8",,"regular","240.0",,"food-portions/yogurt-homojenize-tam-yagli-sut-yagi-3-8/yogurt-homojenize-tam-yagli-sut-yagi-3-8--regular--240g.webp","Photorealistic overhead food reference photograph of Yoğurt, homojenize, tam yağlı (süt yağı ≥ % 3.8), representing the REGULAR controlled portion of 240 grams. Served on the exact same matte white plate used across the three portion variants. Fixed 85-degree overhead camera, fixed camera distance, neutral light stone tabletop, soft diffused daylight, natural appetizing food color, realistic household serving, entire plate visible, centered composition, no utensils, no hands, no napkin, no packaging, no logo, no text, no watermark, no decorative garnish unless part of the canonical recipe, no dramatic restaurant styling, no hard shadows. Only the amount of food should differ between portion variants. Square 1:1 composition, sRGB, production-quality mobile nutrition tracking reference image.","All three variants of Yoğurt, homojenize, tam yağlı (süt yağı ≥ % 3.8) are the same scene, re-shot with a different amount of food. Identical across small/regular/large: the matte white plate and its diameter, the 85-degree overhead camera angle, the camera distance, the neutral light stone tabletop, the soft diffused daylight, the white balance, and the framing. The plate diameter is identical in all three renders; only the area, height and realistic volume of the food change. The food keeps the same color, cut and cooking state. Nothing is added or removed between variants — no sauce, oil, herb or side item appears in one variant and not another. Portion weights are 150 g / 240 g / 360 g and must read as visibly increasing at a 120-160 px thumbnail size. No weight, number or label may appear in the image itself.","TürKomp — Ulusal Gıda Kompozisyon Veri Tabanı","01.02.0015",,,,,,,"missing","","TÜBER 2022 Ek 2.3.1 — Besinlerin standart porsiyonlarının enerji ve besin ögesi içerikleri","Yoğurt, tam yağlı","https://hsgm.saglik.gov.tr/depo/birimler/saglikli-beslenme-ve-hareketli-hayat-db/Dokumanlar/Rehberler/Turkiye_Beslenme_Rehber_TUBER_2022_min.pdf","TÜBER 2022 (baskı tarihi 2023-08-08)","Ek 2.3.1 (s.283-284)","https://turkomp.tarimorman.gov.tr/food-yogurt-homojenize-tam-yagli-sut-yagi---3-8-4","2026-08-18T20:30:00Z",,,"needs_review","regular = the published TÜBER Ek 2.3.1 standard portion for ""Yoğurt, tam yağlı"" (240 g). | small = APP-DERIVED from regular using portion policy portion-policy-v2 (category dairy_yogurt), rounded to 10 g steps. This is a product reference size, NOT a value published by TÜBER. | large = APP-DERIVED from regular using portion policy portion-policy-v2 (category dairy_yogurt), rounded to 10 g steps. This is a product reference size, NOT a value published by TÜBER. | Composition is the published TürKomp per-100 g record 01.02.0015; no scaling applied."
,"Yoğurt, homojenize, tam yağlı (süt yağı ≥ % 3.8)",,"yogurt-homojenize-tam-yagli-sut-yagi-3-8",,"large","360.0",,"food-portions/yogurt-homojenize-tam-yagli-sut-yagi-3-8/yogurt-homojenize-tam-yagli-sut-yagi-3-8--large--360g.webp","Photorealistic overhead food reference photograph of Yoğurt, homojenize, tam yağlı (süt yağı ≥ % 3.8), representing the LARGE controlled portion of 360 grams. Served on the exact same matte white plate used across the three portion variants. Fixed 85-degree overhead camera, fixed camera distance, neutral light stone tabletop, soft diffused daylight, natural appetizing food color, realistic household serving, entire plate visible, centered composition, no utensils, no hands, no napkin, no packaging, no logo, no text, no watermark, no decorative garnish unless part of the canonical recipe, no dramatic restaurant styling, no hard shadows. Only the amount of food should differ between portion variants. Square 1:1 composition, sRGB, production-quality mobile nutrition tracking reference image.","All three variants of Yoğurt, homojenize, tam yağlı (süt yağı ≥ % 3.8) are the same scene, re-shot with a different amount of food. Identical across small/regular/large: the matte white plate and its diameter, the 85-degree overhead camera angle, the camera distance, the neutral light stone tabletop, the soft diffused daylight, the white balance, and the framing. The plate diameter is identical in all three renders; only the area, height and realistic volume of the food change. The food keeps the same color, cut and cooking state. Nothing is added or removed between variants — no sauce, oil, herb or side item appears in one variant and not another. Portion weights are 150 g / 240 g / 360 g and must read as visibly increasing at a 120-160 px thumbnail size. No weight, number or label may appear in the image itself.","TürKomp — Ulusal Gıda Kompozisyon Veri Tabanı","01.02.0015",,,,,,,"missing","","TÜBER 2022 Ek 2.3.1 — Besinlerin standart porsiyonlarının enerji ve besin ögesi içerikleri","Yoğurt, tam yağlı","https://hsgm.saglik.gov.tr/depo/birimler/saglikli-beslenme-ve-hareketli-hayat-db/Dokumanlar/Rehberler/Turkiye_Beslenme_Rehber_TUBER_2022_min.pdf","TÜBER 2022 (baskı tarihi 2023-08-08)","Ek 2.3.1 (s.283-284)","https://turkomp.tarimorman.gov.tr/food-yogurt-homojenize-tam-yagli-sut-yagi---3-8-4","2026-08-18T20:30:00Z",,,"needs_review","regular = the published TÜBER Ek 2.3.1 standard portion for ""Yoğurt, tam yağlı"" (240 g). | small = APP-DERIVED from regular using portion policy portion-policy-v2 (category dairy_yogurt), rounded to 10 g steps. This is a product reference size, NOT a value published by TÜBER. | large = APP-DERIVED from regular using portion policy portion-policy-v2 (category dairy_yogurt), rounded to 10 g steps. This is a product reference size, NOT a value published by TÜBER. | Composition is the published TürKomp per-100 g record 01.02.0015; no scaling applied."
,"Yoğurt, homojenize, yarım yağlı (% 2 > süt yağı ≥ % 1.5)",,"yogurt-homojenize-yarim-yagli-2-sut-yagi-1-5",,"small","150.0",,"food-portions/yogurt-homojenize-yarim-yagli-2-sut-yagi-1-5/yogurt-homojenize-yarim-yagli-2-sut-yagi-1-5--small--150g.webp","Photorealistic overhead food reference photograph of Yoğurt, homojenize, yarım yağlı (% 2 > süt yağı ≥ % 1.5), representing the SMALL controlled portion of 150 grams. Served on the exact same matte white plate used across the three portion variants. Fixed 85-degree overhead camera, fixed camera distance, neutral light stone tabletop, soft diffused daylight, natural appetizing food color, realistic household serving, entire plate visible, centered composition, no utensils, no hands, no napkin, no packaging, no logo, no text, no watermark, no decorative garnish unless part of the canonical recipe, no dramatic restaurant styling, no hard shadows. Only the amount of food should differ between portion variants. Square 1:1 composition, sRGB, production-quality mobile nutrition tracking reference image.","All three variants of Yoğurt, homojenize, yarım yağlı (% 2 > süt yağı ≥ % 1.5) are the same scene, re-shot with a different amount of food. Identical across small/regular/large: the matte white plate and its diameter, the 85-degree overhead camera angle, the camera distance, the neutral light stone tabletop, the soft diffused daylight, the white balance, and the framing. The plate diameter is identical in all three renders; only the area, height and realistic volume of the food change. The food keeps the same color, cut and cooking state. Nothing is added or removed between variants — no sauce, oil, herb or side item appears in one variant and not another. Portion weights are 150 g / 240 g / 360 g and must read as visibly increasing at a 120-160 px thumbnail size. No weight, number or label may appear in the image itself.","TürKomp — Ulusal Gıda Kompozisyon Veri Tabanı","01.02.0016",,,,,,,"missing","","TÜBER 2022 Ek 2.3.1 — Besinlerin standart porsiyonlarının enerji ve besin ögesi içerikleri","Yoğurt, tam yağlı","https://hsgm.saglik.gov.tr/depo/birimler/saglikli-beslenme-ve-hareketli-hayat-db/Dokumanlar/Rehberler/Turkiye_Beslenme_Rehber_TUBER_2022_min.pdf","TÜBER 2022 (baskı tarihi 2023-08-08)","Ek 2.3.1 (s.283-284)","https://turkomp.tarimorman.gov.tr/food-yogurt-homojenize-yarim-yagli--2--sut-yagi---1-5-3","2026-08-18T20:30:00Z",,,"needs_review","regular = the published TÜBER Ek 2.3.1 standard portion for ""Yoğurt, tam yağlı"" (240 g). | small = APP-DERIVED from regular using portion policy portion-policy-v2 (category dairy_yogurt), rounded to 10 g steps. This is a product reference size, NOT a value published by TÜBER. | large = APP-DERIVED from regular using portion policy portion-policy-v2 (category dairy_yogurt), rounded to 10 g steps. This is a product reference size, NOT a value published by TÜBER. | Composition is the published TürKomp per-100 g record 01.02.0016; no scaling applied."
,"Yoğurt, homojenize, yarım yağlı (% 2 > süt yağı ≥ % 1.5)",,"yogurt-homojenize-yarim-yagli-2-sut-yagi-1-5",,"regular","240.0",,"food-portions/yogurt-homojenize-yarim-yagli-2-sut-yagi-1-5/yogurt-homojenize-yarim-yagli-2-sut-yagi-1-5--regular--240g.webp","Photorealistic overhead food reference photograph of Yoğurt, homojenize, yarım yağlı (% 2 > süt yağı ≥ % 1.5), representing the REGULAR controlled portion of 240 grams. Served on the exact same matte white plate used across the three portion variants. Fixed 85-degree overhead camera, fixed camera distance, neutral light stone tabletop, soft diffused daylight, natural appetizing food color, realistic household serving, entire plate visible, centered composition, no utensils, no hands, no napkin, no packaging, no logo, no text, no watermark, no decorative garnish unless part of the canonical recipe, no dramatic restaurant styling, no hard shadows. Only the amount of food should differ between portion variants. Square 1:1 composition, sRGB, production-quality mobile nutrition tracking reference image.","All three variants of Yoğurt, homojenize, yarım yağlı (% 2 > süt yağı ≥ % 1.5) are the same scene, re-shot with a different amount of food. Identical across small/regular/large: the matte white plate and its diameter, the 85-degree overhead camera angle, the camera distance, the neutral light stone tabletop, the soft diffused daylight, the white balance, and the framing. The plate diameter is identical in all three renders; only the area, height and realistic volume of the food change. The food keeps the same color, cut and cooking state. Nothing is added or removed between variants — no sauce, oil, herb or side item appears in one variant and not another. Portion weights are 150 g / 240 g / 360 g and must read as visibly increasing at a 120-160 px thumbnail size. No weight, number or label may appear in the image itself.","TürKomp — Ulusal Gıda Kompozisyon Veri Tabanı","01.02.0016",,,,,,,"missing","","TÜBER 2022 Ek 2.3.1 — Besinlerin standart porsiyonlarının enerji ve besin ögesi içerikleri","Yoğurt, tam yağlı","https://hsgm.saglik.gov.tr/depo/birimler/saglikli-beslenme-ve-hareketli-hayat-db/Dokumanlar/Rehberler/Turkiye_Beslenme_Rehber_TUBER_2022_min.pdf","TÜBER 2022 (baskı tarihi 2023-08-08)","Ek 2.3.1 (s.283-284)","https://turkomp.tarimorman.gov.tr/food-yogurt-homojenize-yarim-yagli--2--sut-yagi---1-5-3","2026-08-18T20:30:00Z",,,"needs_review","regular = the published TÜBER Ek 2.3.1 standard portion for ""Yoğurt, tam yağlı"" (240 g). | small = APP-DERIVED from regular using portion policy portion-policy-v2 (category dairy_yogurt), rounded to 10 g steps. This is a product reference size, NOT a value published by TÜBER. | large = APP-DERIVED from regular using portion policy portion-policy-v2 (category dairy_yogurt), rounded to 10 g steps. This is a product reference size, NOT a value published by TÜBER. | Composition is the published TürKomp per-100 g record 01.02.0016; no scaling applied."
,"Yoğurt, homojenize, yarım yağlı (% 2 > süt yağı ≥ % 1.5)",,"yogurt-homojenize-yarim-yagli-2-sut-yagi-1-5",,"large","360.0",,"food-portions/yogurt-homojenize-yarim-yagli-2-sut-yagi-1-5/yogurt-homojenize-yarim-yagli-2-sut-yagi-1-5--large--360g.webp","Photorealistic overhead food reference photograph of Yoğurt, homojenize, yarım yağlı (% 2 > süt yağı ≥ % 1.5), representing the LARGE controlled portion of 360 grams. Served on the exact same matte white plate used across the three portion variants. Fixed 85-degree overhead camera, fixed camera distance, neutral light stone tabletop, soft diffused daylight, natural appetizing food color, realistic household serving, entire plate visible, centered composition, no utensils, no hands, no napkin, no packaging, no logo, no text, no watermark, no decorative garnish unless part of the canonical recipe, no dramatic restaurant styling, no hard shadows. Only the amount of food should differ between portion variants. Square 1:1 composition, sRGB, production-quality mobile nutrition tracking reference image.","All three variants of Yoğurt, homojenize, yarım yağlı (% 2 > süt yağı ≥ % 1.5) are the same scene, re-shot with a different amount of food. Identical across small/regular/large: the matte white plate and its diameter, the 85-degree overhead camera angle, the camera distance, the neutral light stone tabletop, the soft diffused daylight, the white balance, and the framing. The plate diameter is identical in all three renders; only the area, height and realistic volume of the food change. The food keeps the same color, cut and cooking state. Nothing is added or removed between variants — no sauce, oil, herb or side item appears in one variant and not another. Portion weights are 150 g / 240 g / 360 g and must read as visibly increasing at a 120-160 px thumbnail size. No weight, number or label may appear in the image itself.","TürKomp — Ulusal Gıda Kompozisyon Veri Tabanı","01.02.0016",,,,,,,"missing","","TÜBER 2022 Ek 2.3.1 — Besinlerin standart porsiyonlarının enerji ve besin ögesi içerikleri","Yoğurt, tam yağlı","https://hsgm.saglik.gov.tr/depo/birimler/saglikli-beslenme-ve-hareketli-hayat-db/Dokumanlar/Rehberler/Turkiye_Beslenme_Rehber_TUBER_2022_min.pdf","TÜBER 2022 (baskı tarihi 2023-08-08)","Ek 2.3.1 (s.283-284)","https://turkomp.tarimorman.gov.tr/food-yogurt-homojenize-yarim-yagli--2--sut-yagi---1-5-3","2026-08-18T20:30:00Z",,,"needs_review","regular = the published TÜBER Ek 2.3.1 standard portion for ""Yoğurt, tam yağlı"" (240 g). | small = APP-DERIVED from regular using portion policy portion-policy-v2 (category dairy_yogurt), rounded to 10 g steps. This is a product reference size, NOT a value published by TÜBER. | large = APP-DERIVED from regular using portion policy portion-policy-v2 (category dairy_yogurt), rounded to 10 g steps. This is a product reference size, NOT a value published by TÜBER. | Composition is the published TürKomp per-100 g record 01.02.0016; no scaling applied."
,"Yoğurt, çilekli, tam yağlı",,"yogurt-cilekli-tam-yagli",,"small","150.0",,"food-portions/yogurt-cilekli-tam-yagli/yogurt-cilekli-tam-yagli--small--150g.webp","Photorealistic overhead food reference photograph of Yoğurt, çilekli, tam yağlı, representing the SMALL controlled portion of 150 grams. Served on the exact same matte white plate used across the three portion variants. Fixed 85-degree overhead camera, fixed camera distance, neutral light stone tabletop, soft diffused daylight, natural appetizing food color, realistic household serving, entire plate visible, centered composition, no utensils, no hands, no napkin, no packaging, no logo, no text, no watermark, no decorative garnish unless part of the canonical recipe, no dramatic restaurant styling, no hard shadows. Only the amount of food should differ between portion variants. Square 1:1 composition, sRGB, production-quality mobile nutrition tracking reference image.","All three variants of Yoğurt, çilekli, tam yağlı are the same scene, re-shot with a different amount of food. Identical across small/regular/large: the matte white plate and its diameter, the 85-degree overhead camera angle, the camera distance, the neutral light stone tabletop, the soft diffused daylight, the white balance, and the framing. The plate diameter is identical in all three renders; only the area, height and realistic volume of the food change. The food keeps the same color, cut and cooking state. Nothing is added or removed between variants — no sauce, oil, herb or side item appears in one variant and not another. Portion weights are 150 g / 240 g / 360 g and must read as visibly increasing at a 120-160 px thumbnail size. No weight, number or label may appear in the image itself.","TürKomp — Ulusal Gıda Kompozisyon Veri Tabanı","01.02.0023",,,,,,,"missing","","TÜBER 2022 Ek 2.3.1 — Besinlerin standart porsiyonlarının enerji ve besin ögesi içerikleri","Yoğurt, tam yağlı","https://hsgm.saglik.gov.tr/depo/birimler/saglikli-beslenme-ve-hareketli-hayat-db/Dokumanlar/Rehberler/Turkiye_Beslenme_Rehber_TUBER_2022_min.pdf","TÜBER 2022 (baskı tarihi 2023-08-08)","Ek 2.3.1 (s.283-284)","https://turkomp.tarimorman.gov.tr/food-yogurt-cilekli-tam-yagli-749","2026-08-18T20:30:00Z",,,"needs_review","regular = the published TÜBER Ek 2.3.1 standard portion for ""Yoğurt, tam yağlı"" (240 g). | small = APP-DERIVED from regular using portion policy portion-policy-v2 (category dairy_yogurt), rounded to 10 g steps. This is a product reference size, NOT a value published by TÜBER. | large = APP-DERIVED from regular using portion policy portion-policy-v2 (category dairy_yogurt), rounded to 10 g steps. This is a product reference size, NOT a value published by TÜBER. | Composition is the published TürKomp per-100 g record 01.02.0023; no scaling applied."
,"Yoğurt, çilekli, tam yağlı",,"yogurt-cilekli-tam-yagli",,"regular","240.0",,"food-portions/yogurt-cilekli-tam-yagli/yogurt-cilekli-tam-yagli--regular--240g.webp","Photorealistic overhead food reference photograph of Yoğurt, çilekli, tam yağlı, representing the REGULAR controlled portion of 240 grams. Served on the exact same matte white plate used across the three portion variants. Fixed 85-degree overhead camera, fixed camera distance, neutral light stone tabletop, soft diffused daylight, natural appetizing food color, realistic household serving, entire plate visible, centered composition, no utensils, no hands, no napkin, no packaging, no logo, no text, no watermark, no decorative garnish unless part of the canonical recipe, no dramatic restaurant styling, no hard shadows. Only the amount of food should differ between portion variants. Square 1:1 composition, sRGB, production-quality mobile nutrition tracking reference image.","All three variants of Yoğurt, çilekli, tam yağlı are the same scene, re-shot with a different amount of food. Identical across small/regular/large: the matte white plate and its diameter, the 85-degree overhead camera angle, the camera distance, the neutral light stone tabletop, the soft diffused daylight, the white balance, and the framing. The plate diameter is identical in all three renders; only the area, height and realistic volume of the food change. The food keeps the same color, cut and cooking state. Nothing is added or removed between variants — no sauce, oil, herb or side item appears in one variant and not another. Portion weights are 150 g / 240 g / 360 g and must read as visibly increasing at a 120-160 px thumbnail size. No weight, number or label may appear in the image itself.","TürKomp — Ulusal Gıda Kompozisyon Veri Tabanı","01.02.0023",,,,,,,"missing","","TÜBER 2022 Ek 2.3.1 — Besinlerin standart porsiyonlarının enerji ve besin ögesi içerikleri","Yoğurt, tam yağlı","https://hsgm.saglik.gov.tr/depo/birimler/saglikli-beslenme-ve-hareketli-hayat-db/Dokumanlar/Rehberler/Turkiye_Beslenme_Rehber_TUBER_2022_min.pdf","TÜBER 2022 (baskı tarihi 2023-08-08)","Ek 2.3.1 (s.283-284)","https://turkomp.tarimorman.gov.tr/food-yogurt-cilekli-tam-yagli-749","2026-08-18T20:30:00Z",,,"needs_review","regular = the published TÜBER Ek 2.3.1 standard portion for ""Yoğurt, tam yağlı"" (240 g). | small = APP-DERIVED from regular using portion policy portion-policy-v2 (category dairy_yogurt), rounded to 10 g steps. This is a product reference size, NOT a value published by TÜBER. | large = APP-DERIVED from regular using portion policy portion-policy-v2 (category dairy_yogurt), rounded to 10 g steps. This is a product reference size, NOT a value published by TÜBER. | Composition is the published TürKomp per-100 g record 01.02.0023; no scaling applied."
,"Yoğurt, çilekli, tam yağlı",,"yogurt-cilekli-tam-yagli",,"large","360.0",,"food-portions/yogurt-cilekli-tam-yagli/yogurt-cilekli-tam-yagli--large--360g.webp","Photorealistic overhead food reference photograph of Yoğurt, çilekli, tam yağlı, representing the LARGE controlled portion of 360 grams. Served on the exact same matte white plate used across the three portion variants. Fixed 85-degree overhead camera, fixed camera distance, neutral light stone tabletop, soft diffused daylight, natural appetizing food color, realistic household serving, entire plate visible, centered composition, no utensils, no hands, no napkin, no packaging, no logo, no text, no watermark, no decorative garnish unless part of the canonical recipe, no dramatic restaurant styling, no hard shadows. Only the amount of food should differ between portion variants. Square 1:1 composition, sRGB, production-quality mobile nutrition tracking reference image.","All three variants of Yoğurt, çilekli, tam yağlı are the same scene, re-shot with a different amount of food. Identical across small/regular/large: the matte white plate and its diameter, the 85-degree overhead camera angle, the camera distance, the neutral light stone tabletop, the soft diffused daylight, the white balance, and the framing. The plate diameter is identical in all three renders; only the area, height and realistic volume of the food change. The food keeps the same color, cut and cooking state. Nothing is added or removed between variants — no sauce, oil, herb or side item appears in one variant and not another. Portion weights are 150 g / 240 g / 360 g and must read as visibly increasing at a 120-160 px thumbnail size. No weight, number or label may appear in the image itself.","TürKomp — Ulusal Gıda Kompozisyon Veri Tabanı","01.02.0023",,,,,,,"missing","","TÜBER 2022 Ek 2.3.1 — Besinlerin standart porsiyonlarının enerji ve besin ögesi içerikleri","Yoğurt, tam yağlı","https://hsgm.saglik.gov.tr/depo/birimler/saglikli-beslenme-ve-hareketli-hayat-db/Dokumanlar/Rehberler/Turkiye_Beslenme_Rehber_TUBER_2022_min.pdf","TÜBER 2022 (baskı tarihi 2023-08-08)","Ek 2.3.1 (s.283-284)","https://turkomp.tarimorman.gov.tr/food-yogurt-cilekli-tam-yagli-749","2026-08-18T20:30:00Z",,,"needs_review","regular = the published TÜBER Ek 2.3.1 standard portion for ""Yoğurt, tam yağlı"" (240 g). | small = APP-DERIVED from regular using portion policy portion-policy-v2 (category dairy_yogurt), rounded to 10 g steps. This is a product reference size, NOT a value published by TÜBER. | large = APP-DERIVED from regular using portion policy portion-policy-v2 (category dairy_yogurt), rounded to 10 g steps. This is a product reference size, NOT a value published by TÜBER. | Composition is the published TürKomp per-100 g record 01.02.0023; no scaling applied."
,"Yumurta, tavuk, beyaz (ak)",,"yumurta-tavuk-beyaz-ak",,"small","50.0",,"food-portions/yumurta-tavuk-beyaz-ak/yumurta-tavuk-beyaz-ak--small--50g.webp","Photorealistic overhead food reference photograph of Yumurta, tavuk, beyaz (ak), representing the SMALL controlled portion of 50 grams. Served on the exact same matte white plate used across the three portion variants. Fixed 85-degree overhead camera, fixed camera distance, neutral light stone tabletop, soft diffused daylight, natural appetizing food color, realistic household serving, entire plate visible, centered composition, no utensils, no hands, no napkin, no packaging, no logo, no text, no watermark, no decorative garnish unless part of the canonical recipe, no dramatic restaurant styling, no hard shadows. Only the amount of food should differ between portion variants. Square 1:1 composition, sRGB, production-quality mobile nutrition tracking reference image.","All three variants of Yumurta, tavuk, beyaz (ak) are the same scene, re-shot with a different amount of food. Identical across small/regular/large: the matte white plate and its diameter, the 85-degree overhead camera angle, the camera distance, the neutral light stone tabletop, the soft diffused daylight, the white balance, and the framing. The plate diameter is identical in all three renders; only the area, height and realistic volume of the food change. The food keeps the same color, cut and cooking state. Nothing is added or removed between variants — no sauce, oil, herb or side item appears in one variant and not another. Portion weights are 50 g / 100 g / 150 g and must read as visibly increasing at a 120-160 px thumbnail size. No weight, number or label may appear in the image itself.","TürKomp — Ulusal Gıda Kompozisyon Veri Tabanı","02.01.0005",,,,,,,"missing","","TÜBER 2022 Ek 2.3.1 — Besinlerin standart porsiyonlarının enerji ve besin ögesi içerikleri","Yumurta","https://hsgm.saglik.gov.tr/depo/birimler/saglikli-beslenme-ve-hareketli-hayat-db/Dokumanlar/Rehberler/Turkiye_Beslenme_Rehber_TUBER_2022_min.pdf","TÜBER 2022 (baskı tarihi 2023-08-08)","Ek 2.3.1 (s.283-284)","https://turkomp.tarimorman.gov.tr/food-yumurta-tavuk-beyaz-ak-28","2026-08-18T20:30:00Z",,,"needs_review","regular = the published TÜBER Ek 2.3.1 standard portion for ""Yumurta"" (100 g). | small = APP-DERIVED as 0.5x the published unit weight (portion policy portion-policy-v2, category egg_unit). Discrete foods are counted in units, not scaled by a factor. This is a product reference size, NOT published by TÜBER. | large = APP-DERIVED as 1.5x the published unit weight (portion policy portion-policy-v2, category egg_unit). Discrete foods are counted in units, not scaled by a factor. This is a product reference size, NOT published by TÜBER. | Composition is the published TürKomp per-100 g record 02.01.0005; no scaling applied."
,"Yumurta, tavuk, beyaz (ak)",,"yumurta-tavuk-beyaz-ak",,"regular","100.0",,"food-portions/yumurta-tavuk-beyaz-ak/yumurta-tavuk-beyaz-ak--regular--100g.webp","Photorealistic overhead food reference photograph of Yumurta, tavuk, beyaz (ak), representing the REGULAR controlled portion of 100 grams. Served on the exact same matte white plate used across the three portion variants. Fixed 85-degree overhead camera, fixed camera distance, neutral light stone tabletop, soft diffused daylight, natural appetizing food color, realistic household serving, entire plate visible, centered composition, no utensils, no hands, no napkin, no packaging, no logo, no text, no watermark, no decorative garnish unless part of the canonical recipe, no dramatic restaurant styling, no hard shadows. Only the amount of food should differ between portion variants. Square 1:1 composition, sRGB, production-quality mobile nutrition tracking reference image.","All three variants of Yumurta, tavuk, beyaz (ak) are the same scene, re-shot with a different amount of food. Identical across small/regular/large: the matte white plate and its diameter, the 85-degree overhead camera angle, the camera distance, the neutral light stone tabletop, the soft diffused daylight, the white balance, and the framing. The plate diameter is identical in all three renders; only the area, height and realistic volume of the food change. The food keeps the same color, cut and cooking state. Nothing is added or removed between variants — no sauce, oil, herb or side item appears in one variant and not another. Portion weights are 50 g / 100 g / 150 g and must read as visibly increasing at a 120-160 px thumbnail size. No weight, number or label may appear in the image itself.","TürKomp — Ulusal Gıda Kompozisyon Veri Tabanı","02.01.0005",,,,,,,"missing","","TÜBER 2022 Ek 2.3.1 — Besinlerin standart porsiyonlarının enerji ve besin ögesi içerikleri","Yumurta","https://hsgm.saglik.gov.tr/depo/birimler/saglikli-beslenme-ve-hareketli-hayat-db/Dokumanlar/Rehberler/Turkiye_Beslenme_Rehber_TUBER_2022_min.pdf","TÜBER 2022 (baskı tarihi 2023-08-08)","Ek 2.3.1 (s.283-284)","https://turkomp.tarimorman.gov.tr/food-yumurta-tavuk-beyaz-ak-28","2026-08-18T20:30:00Z",,,"needs_review","regular = the published TÜBER Ek 2.3.1 standard portion for ""Yumurta"" (100 g). | small = APP-DERIVED as 0.5x the published unit weight (portion policy portion-policy-v2, category egg_unit). Discrete foods are counted in units, not scaled by a factor. This is a product reference size, NOT published by TÜBER. | large = APP-DERIVED as 1.5x the published unit weight (portion policy portion-policy-v2, category egg_unit). Discrete foods are counted in units, not scaled by a factor. This is a product reference size, NOT published by TÜBER. | Composition is the published TürKomp per-100 g record 02.01.0005; no scaling applied."
,"Yumurta, tavuk, beyaz (ak)",,"yumurta-tavuk-beyaz-ak",,"large","150.0",,"food-portions/yumurta-tavuk-beyaz-ak/yumurta-tavuk-beyaz-ak--large--150g.webp","Photorealistic overhead food reference photograph of Yumurta, tavuk, beyaz (ak), representing the LARGE controlled portion of 150 grams. Served on the exact same matte white plate used across the three portion variants. Fixed 85-degree overhead camera, fixed camera distance, neutral light stone tabletop, soft diffused daylight, natural appetizing food color, realistic household serving, entire plate visible, centered composition, no utensils, no hands, no napkin, no packaging, no logo, no text, no watermark, no decorative garnish unless part of the canonical recipe, no dramatic restaurant styling, no hard shadows. Only the amount of food should differ between portion variants. Square 1:1 composition, sRGB, production-quality mobile nutrition tracking reference image.","All three variants of Yumurta, tavuk, beyaz (ak) are the same scene, re-shot with a different amount of food. Identical across small/regular/large: the matte white plate and its diameter, the 85-degree overhead camera angle, the camera distance, the neutral light stone tabletop, the soft diffused daylight, the white balance, and the framing. The plate diameter is identical in all three renders; only the area, height and realistic volume of the food change. The food keeps the same color, cut and cooking state. Nothing is added or removed between variants — no sauce, oil, herb or side item appears in one variant and not another. Portion weights are 50 g / 100 g / 150 g and must read as visibly increasing at a 120-160 px thumbnail size. No weight, number or label may appear in the image itself.","TürKomp — Ulusal Gıda Kompozisyon Veri Tabanı","02.01.0005",,,,,,,"missing","","TÜBER 2022 Ek 2.3.1 — Besinlerin standart porsiyonlarının enerji ve besin ögesi içerikleri","Yumurta","https://hsgm.saglik.gov.tr/depo/birimler/saglikli-beslenme-ve-hareketli-hayat-db/Dokumanlar/Rehberler/Turkiye_Beslenme_Rehber_TUBER_2022_min.pdf","TÜBER 2022 (baskı tarihi 2023-08-08)","Ek 2.3.1 (s.283-284)","https://turkomp.tarimorman.gov.tr/food-yumurta-tavuk-beyaz-ak-28","2026-08-18T20:30:00Z",,,"needs_review","regular = the published TÜBER Ek 2.3.1 standard portion for ""Yumurta"" (100 g). | small = APP-DERIVED as 0.5x the published unit weight (portion policy portion-policy-v2, category egg_unit). Discrete foods are counted in units, not scaled by a factor. This is a product reference size, NOT published by TÜBER. | large = APP-DERIVED as 1.5x the published unit weight (portion policy portion-policy-v2, category egg_unit). Discrete foods are counted in units, not scaled by a factor. This is a product reference size, NOT published by TÜBER. | Composition is the published TürKomp per-100 g record 02.01.0005; no scaling applied."
,"Yumurta, tavuk, sarı",,"yumurta-tavuk-sari",,"small","50.0",,"food-portions/yumurta-tavuk-sari/yumurta-tavuk-sari--small--50g.webp","Photorealistic overhead food reference photograph of Yumurta, tavuk, sarı, representing the SMALL controlled portion of 50 grams. Served on the exact same matte white plate used across the three portion variants. Fixed 85-degree overhead camera, fixed camera distance, neutral light stone tabletop, soft diffused daylight, natural appetizing food color, realistic household serving, entire plate visible, centered composition, no utensils, no hands, no napkin, no packaging, no logo, no text, no watermark, no decorative garnish unless part of the canonical recipe, no dramatic restaurant styling, no hard shadows. Only the amount of food should differ between portion variants. Square 1:1 composition, sRGB, production-quality mobile nutrition tracking reference image.","All three variants of Yumurta, tavuk, sarı are the same scene, re-shot with a different amount of food. Identical across small/regular/large: the matte white plate and its diameter, the 85-degree overhead camera angle, the camera distance, the neutral light stone tabletop, the soft diffused daylight, the white balance, and the framing. The plate diameter is identical in all three renders; only the area, height and realistic volume of the food change. The food keeps the same color, cut and cooking state. Nothing is added or removed between variants — no sauce, oil, herb or side item appears in one variant and not another. Portion weights are 50 g / 100 g / 150 g and must read as visibly increasing at a 120-160 px thumbnail size. No weight, number or label may appear in the image itself.","TürKomp — Ulusal Gıda Kompozisyon Veri Tabanı","02.01.0006",,,,,,,"missing","","TÜBER 2022 Ek 2.3.1 — Besinlerin standart porsiyonlarının enerji ve besin ögesi içerikleri","Yumurta","https://hsgm.saglik.gov.tr/depo/birimler/saglikli-beslenme-ve-hareketli-hayat-db/Dokumanlar/Rehberler/Turkiye_Beslenme_Rehber_TUBER_2022_min.pdf","TÜBER 2022 (baskı tarihi 2023-08-08)","Ek 2.3.1 (s.283-284)","https://turkomp.tarimorman.gov.tr/food-yumurta-tavuk-sari-27","2026-08-18T20:30:00Z",,,"needs_review","regular = the published TÜBER Ek 2.3.1 standard portion for ""Yumurta"" (100 g). | small = APP-DERIVED as 0.5x the published unit weight (portion policy portion-policy-v2, category egg_unit). Discrete foods are counted in units, not scaled by a factor. This is a product reference size, NOT published by TÜBER. | large = APP-DERIVED as 1.5x the published unit weight (portion policy portion-policy-v2, category egg_unit). Discrete foods are counted in units, not scaled by a factor. This is a product reference size, NOT published by TÜBER. | Composition is the published TürKomp per-100 g record 02.01.0006; no scaling applied."
,"Yumurta, tavuk, sarı",,"yumurta-tavuk-sari",,"regular","100.0",,"food-portions/yumurta-tavuk-sari/yumurta-tavuk-sari--regular--100g.webp","Photorealistic overhead food reference photograph of Yumurta, tavuk, sarı, representing the REGULAR controlled portion of 100 grams. Served on the exact same matte white plate used across the three portion variants. Fixed 85-degree overhead camera, fixed camera distance, neutral light stone tabletop, soft diffused daylight, natural appetizing food color, realistic household serving, entire plate visible, centered composition, no utensils, no hands, no napkin, no packaging, no logo, no text, no watermark, no decorative garnish unless part of the canonical recipe, no dramatic restaurant styling, no hard shadows. Only the amount of food should differ between portion variants. Square 1:1 composition, sRGB, production-quality mobile nutrition tracking reference image.","All three variants of Yumurta, tavuk, sarı are the same scene, re-shot with a different amount of food. Identical across small/regular/large: the matte white plate and its diameter, the 85-degree overhead camera angle, the camera distance, the neutral light stone tabletop, the soft diffused daylight, the white balance, and the framing. The plate diameter is identical in all three renders; only the area, height and realistic volume of the food change. The food keeps the same color, cut and cooking state. Nothing is added or removed between variants — no sauce, oil, herb or side item appears in one variant and not another. Portion weights are 50 g / 100 g / 150 g and must read as visibly increasing at a 120-160 px thumbnail size. No weight, number or label may appear in the image itself.","TürKomp — Ulusal Gıda Kompozisyon Veri Tabanı","02.01.0006",,,,,,,"missing","","TÜBER 2022 Ek 2.3.1 — Besinlerin standart porsiyonlarının enerji ve besin ögesi içerikleri","Yumurta","https://hsgm.saglik.gov.tr/depo/birimler/saglikli-beslenme-ve-hareketli-hayat-db/Dokumanlar/Rehberler/Turkiye_Beslenme_Rehber_TUBER_2022_min.pdf","TÜBER 2022 (baskı tarihi 2023-08-08)","Ek 2.3.1 (s.283-284)","https://turkomp.tarimorman.gov.tr/food-yumurta-tavuk-sari-27","2026-08-18T20:30:00Z",,,"needs_review","regular = the published TÜBER Ek 2.3.1 standard portion for ""Yumurta"" (100 g). | small = APP-DERIVED as 0.5x the published unit weight (portion policy portion-policy-v2, category egg_unit). Discrete foods are counted in units, not scaled by a factor. This is a product reference size, NOT published by TÜBER. | large = APP-DERIVED as 1.5x the published unit weight (portion policy portion-policy-v2, category egg_unit). Discrete foods are counted in units, not scaled by a factor. This is a product reference size, NOT published by TÜBER. | Composition is the published TürKomp per-100 g record 02.01.0006; no scaling applied."
,"Yumurta, tavuk, sarı",,"yumurta-tavuk-sari",,"large","150.0",,"food-portions/yumurta-tavuk-sari/yumurta-tavuk-sari--large--150g.webp","Photorealistic overhead food reference photograph of Yumurta, tavuk, sarı, representing the LARGE controlled portion of 150 grams. Served on the exact same matte white plate used across the three portion variants. Fixed 85-degree overhead camera, fixed camera distance, neutral light stone tabletop, soft diffused daylight, natural appetizing food color, realistic household serving, entire plate visible, centered composition, no utensils, no hands, no napkin, no packaging, no logo, no text, no watermark, no decorative garnish unless part of the canonical recipe, no dramatic restaurant styling, no hard shadows. Only the amount of food should differ between portion variants. Square 1:1 composition, sRGB, production-quality mobile nutrition tracking reference image.","All three variants of Yumurta, tavuk, sarı are the same scene, re-shot with a different amount of food. Identical across small/regular/large: the matte white plate and its diameter, the 85-degree overhead camera angle, the camera distance, the neutral light stone tabletop, the soft diffused daylight, the white balance, and the framing. The plate diameter is identical in all three renders; only the area, height and realistic volume of the food change. The food keeps the same color, cut and cooking state. Nothing is added or removed between variants — no sauce, oil, herb or side item appears in one variant and not another. Portion weights are 50 g / 100 g / 150 g and must read as visibly increasing at a 120-160 px thumbnail size. No weight, number or label may appear in the image itself.","TürKomp — Ulusal Gıda Kompozisyon Veri Tabanı","02.01.0006",,,,,,,"missing","","TÜBER 2022 Ek 2.3.1 — Besinlerin standart porsiyonlarının enerji ve besin ögesi içerikleri","Yumurta","https://hsgm.saglik.gov.tr/depo/birimler/saglikli-beslenme-ve-hareketli-hayat-db/Dokumanlar/Rehberler/Turkiye_Beslenme_Rehber_TUBER_2022_min.pdf","TÜBER 2022 (baskı tarihi 2023-08-08)","Ek 2.3.1 (s.283-284)","https://turkomp.tarimorman.gov.tr/food-yumurta-tavuk-sari-27","2026-08-18T20:30:00Z",,,"needs_review","regular = the published TÜBER Ek 2.3.1 standard portion for ""Yumurta"" (100 g). | small = APP-DERIVED as 0.5x the published unit weight (portion policy portion-policy-v2, category egg_unit). Discrete foods are counted in units, not scaled by a factor. This is a product reference size, NOT published by TÜBER. | large = APP-DERIVED as 1.5x the published unit weight (portion policy portion-policy-v2, category egg_unit). Discrete foods are counted in units, not scaled by a factor. This is a product reference size, NOT published by TÜBER. | Composition is the published TürKomp per-100 g record 02.01.0006; no scaling applied."
,"Yumurta, tavuk, tam",,"yumurta-tavuk-tam",,"small","50.0",,"food-portions/yumurta-tavuk-tam/yumurta-tavuk-tam--small--50g.webp","Photorealistic overhead food reference photograph of Yumurta, tavuk, tam, representing the SMALL controlled portion of 50 grams. Served on the exact same matte white plate used across the three portion variants. Fixed 85-degree overhead camera, fixed camera distance, neutral light stone tabletop, soft diffused daylight, natural appetizing food color, realistic household serving, entire plate visible, centered composition, no utensils, no hands, no napkin, no packaging, no logo, no text, no watermark, no decorative garnish unless part of the canonical recipe, no dramatic restaurant styling, no hard shadows. Only the amount of food should differ between portion variants. Square 1:1 composition, sRGB, production-quality mobile nutrition tracking reference image.","All three variants of Yumurta, tavuk, tam are the same scene, re-shot with a different amount of food. Identical across small/regular/large: the matte white plate and its diameter, the 85-degree overhead camera angle, the camera distance, the neutral light stone tabletop, the soft diffused daylight, the white balance, and the framing. The plate diameter is identical in all three renders; only the area, height and realistic volume of the food change. The food keeps the same color, cut and cooking state. Nothing is added or removed between variants — no sauce, oil, herb or side item appears in one variant and not another. Portion weights are 50 g / 100 g / 150 g and must read as visibly increasing at a 120-160 px thumbnail size. No weight, number or label may appear in the image itself.","TürKomp — Ulusal Gıda Kompozisyon Veri Tabanı","02.01.0007",,,,,,,"missing","","TÜBER 2022 Ek 2.3.1 — Besinlerin standart porsiyonlarının enerji ve besin ögesi içerikleri","Yumurta","https://hsgm.saglik.gov.tr/depo/birimler/saglikli-beslenme-ve-hareketli-hayat-db/Dokumanlar/Rehberler/Turkiye_Beslenme_Rehber_TUBER_2022_min.pdf","TÜBER 2022 (baskı tarihi 2023-08-08)","Ek 2.3.1 (s.283-284)","https://turkomp.tarimorman.gov.tr/food-yumurta-tavuk-tam-26","2026-08-18T20:30:00Z",,,"needs_review","regular = the published TÜBER Ek 2.3.1 standard portion for ""Yumurta"" (100 g). | small = APP-DERIVED as 0.5x the published unit weight (portion policy portion-policy-v2, category egg_unit). Discrete foods are counted in units, not scaled by a factor. This is a product reference size, NOT published by TÜBER. | large = APP-DERIVED as 1.5x the published unit weight (portion policy portion-policy-v2, category egg_unit). Discrete foods are counted in units, not scaled by a factor. This is a product reference size, NOT published by TÜBER. | Composition is the published TürKomp per-100 g record 02.01.0007; no scaling applied."
,"Yumurta, tavuk, tam",,"yumurta-tavuk-tam",,"regular","100.0",,"food-portions/yumurta-tavuk-tam/yumurta-tavuk-tam--regular--100g.webp","Photorealistic overhead food reference photograph of Yumurta, tavuk, tam, representing the REGULAR controlled portion of 100 grams. Served on the exact same matte white plate used across the three portion variants. Fixed 85-degree overhead camera, fixed camera distance, neutral light stone tabletop, soft diffused daylight, natural appetizing food color, realistic household serving, entire plate visible, centered composition, no utensils, no hands, no napkin, no packaging, no logo, no text, no watermark, no decorative garnish unless part of the canonical recipe, no dramatic restaurant styling, no hard shadows. Only the amount of food should differ between portion variants. Square 1:1 composition, sRGB, production-quality mobile nutrition tracking reference image.","All three variants of Yumurta, tavuk, tam are the same scene, re-shot with a different amount of food. Identical across small/regular/large: the matte white plate and its diameter, the 85-degree overhead camera angle, the camera distance, the neutral light stone tabletop, the soft diffused daylight, the white balance, and the framing. The plate diameter is identical in all three renders; only the area, height and realistic volume of the food change. The food keeps the same color, cut and cooking state. Nothing is added or removed between variants — no sauce, oil, herb or side item appears in one variant and not another. Portion weights are 50 g / 100 g / 150 g and must read as visibly increasing at a 120-160 px thumbnail size. No weight, number or label may appear in the image itself.","TürKomp — Ulusal Gıda Kompozisyon Veri Tabanı","02.01.0007",,,,,,,"missing","","TÜBER 2022 Ek 2.3.1 — Besinlerin standart porsiyonlarının enerji ve besin ögesi içerikleri","Yumurta","https://hsgm.saglik.gov.tr/depo/birimler/saglikli-beslenme-ve-hareketli-hayat-db/Dokumanlar/Rehberler/Turkiye_Beslenme_Rehber_TUBER_2022_min.pdf","TÜBER 2022 (baskı tarihi 2023-08-08)","Ek 2.3.1 (s.283-284)","https://turkomp.tarimorman.gov.tr/food-yumurta-tavuk-tam-26","2026-08-18T20:30:00Z",,,"needs_review","regular = the published TÜBER Ek 2.3.1 standard portion for ""Yumurta"" (100 g). | small = APP-DERIVED as 0.5x the published unit weight (portion policy portion-policy-v2, category egg_unit). Discrete foods are counted in units, not scaled by a factor. This is a product reference size, NOT published by TÜBER. | large = APP-DERIVED as 1.5x the published unit weight (portion policy portion-policy-v2, category egg_unit). Discrete foods are counted in units, not scaled by a factor. This is a product reference size, NOT published by TÜBER. | Composition is the published TürKomp per-100 g record 02.01.0007; no scaling applied."
,"Yumurta, tavuk, tam",,"yumurta-tavuk-tam",,"large","150.0",,"food-portions/yumurta-tavuk-tam/yumurta-tavuk-tam--large--150g.webp","Photorealistic overhead food reference photograph of Yumurta, tavuk, tam, representing the LARGE controlled portion of 150 grams. Served on the exact same matte white plate used across the three portion variants. Fixed 85-degree overhead camera, fixed camera distance, neutral light stone tabletop, soft diffused daylight, natural appetizing food color, realistic household serving, entire plate visible, centered composition, no utensils, no hands, no napkin, no packaging, no logo, no text, no watermark, no decorative garnish unless part of the canonical recipe, no dramatic restaurant styling, no hard shadows. Only the amount of food should differ between portion variants. Square 1:1 composition, sRGB, production-quality mobile nutrition tracking reference image.","All three variants of Yumurta, tavuk, tam are the same scene, re-shot with a different amount of food. Identical across small/regular/large: the matte white plate and its diameter, the 85-degree overhead camera angle, the camera distance, the neutral light stone tabletop, the soft diffused daylight, the white balance, and the framing. The plate diameter is identical in all three renders; only the area, height and realistic volume of the food change. The food keeps the same color, cut and cooking state. Nothing is added or removed between variants — no sauce, oil, herb or side item appears in one variant and not another. Portion weights are 50 g / 100 g / 150 g and must read as visibly increasing at a 120-160 px thumbnail size. No weight, number or label may appear in the image itself.","TürKomp — Ulusal Gıda Kompozisyon Veri Tabanı","02.01.0007",,,,,,,"missing","","TÜBER 2022 Ek 2.3.1 — Besinlerin standart porsiyonlarının enerji ve besin ögesi içerikleri","Yumurta","https://hsgm.saglik.gov.tr/depo/birimler/saglikli-beslenme-ve-hareketli-hayat-db/Dokumanlar/Rehberler/Turkiye_Beslenme_Rehber_TUBER_2022_min.pdf","TÜBER 2022 (baskı tarihi 2023-08-08)","Ek 2.3.1 (s.283-284)","https://turkomp.tarimorman.gov.tr/food-yumurta-tavuk-tam-26","2026-08-18T20:30:00Z",,,"needs_review","regular = the published TÜBER Ek 2.3.1 standard portion for ""Yumurta"" (100 g). | small = APP-DERIVED as 0.5x the published unit weight (portion policy portion-policy-v2, category egg_unit). Discrete foods are counted in units, not scaled by a factor. This is a product reference size, NOT published by TÜBER. | large = APP-DERIVED as 1.5x the published unit weight (portion policy portion-policy-v2, category egg_unit). Discrete foods are counted in units, not scaled by a factor. This is a product reference size, NOT published by TÜBER. | Composition is the published TürKomp per-100 g record 02.01.0007; no scaling applied."
,"Yumurta, sarı, pastörize",,"yumurta-sari-pastorize",,"small","50.0",,"food-portions/yumurta-sari-pastorize/yumurta-sari-pastorize--small--50g.webp","Photorealistic overhead food reference photograph of Yumurta, sarı, pastörize, representing the SMALL controlled portion of 50 grams. Served on the exact same matte white plate used across the three portion variants. Fixed 85-degree overhead camera, fixed camera distance, neutral light stone tabletop, soft diffused daylight, natural appetizing food color, realistic household serving, entire plate visible, centered composition, no utensils, no hands, no napkin, no packaging, no logo, no text, no watermark, no decorative garnish unless part of the canonical recipe, no dramatic restaurant styling, no hard shadows. Only the amount of food should differ between portion variants. Square 1:1 composition, sRGB, production-quality mobile nutrition tracking reference image.","All three variants of Yumurta, sarı, pastörize are the same scene, re-shot with a different amount of food. Identical across small/regular/large: the matte white plate and its diameter, the 85-degree overhead camera angle, the camera distance, the neutral light stone tabletop, the soft diffused daylight, the white balance, and the framing. The plate diameter is identical in all three renders; only the area, height and realistic volume of the food change. The food keeps the same color, cut and cooking state. Nothing is added or removed between variants — no sauce, oil, herb or side item appears in one variant and not another. Portion weights are 50 g / 100 g / 150 g and must read as visibly increasing at a 120-160 px thumbnail size. No weight, number or label may appear in the image itself.","TürKomp — Ulusal Gıda Kompozisyon Veri Tabanı","02.02.0001",,,,,,,"missing","","TÜBER 2022 Ek 2.3.1 — Besinlerin standart porsiyonlarının enerji ve besin ögesi içerikleri","Yumurta","https://hsgm.saglik.gov.tr/depo/birimler/saglikli-beslenme-ve-hareketli-hayat-db/Dokumanlar/Rehberler/Turkiye_Beslenme_Rehber_TUBER_2022_min.pdf","TÜBER 2022 (baskı tarihi 2023-08-08)","Ek 2.3.1 (s.283-284)","https://turkomp.tarimorman.gov.tr/food-yumurta-sari-pastorize-34","2026-08-18T20:30:00Z",,,"needs_review","regular = the published TÜBER Ek 2.3.1 standard portion for ""Yumurta"" (100 g). | small = APP-DERIVED as 0.5x the published unit weight (portion policy portion-policy-v2, category egg_unit). Discrete foods are counted in units, not scaled by a factor. This is a product reference size, NOT published by TÜBER. | large = APP-DERIVED as 1.5x the published unit weight (portion policy portion-policy-v2, category egg_unit). Discrete foods are counted in units, not scaled by a factor. This is a product reference size, NOT published by TÜBER. | Composition is the published TürKomp per-100 g record 02.02.0001; no scaling applied."
,"Yumurta, sarı, pastörize",,"yumurta-sari-pastorize",,"regular","100.0",,"food-portions/yumurta-sari-pastorize/yumurta-sari-pastorize--regular--100g.webp","Photorealistic overhead food reference photograph of Yumurta, sarı, pastörize, representing the REGULAR controlled portion of 100 grams. Served on the exact same matte white plate used across the three portion variants. Fixed 85-degree overhead camera, fixed camera distance, neutral light stone tabletop, soft diffused daylight, natural appetizing food color, realistic household serving, entire plate visible, centered composition, no utensils, no hands, no napkin, no packaging, no logo, no text, no watermark, no decorative garnish unless part of the canonical recipe, no dramatic restaurant styling, no hard shadows. Only the amount of food should differ between portion variants. Square 1:1 composition, sRGB, production-quality mobile nutrition tracking reference image.","All three variants of Yumurta, sarı, pastörize are the same scene, re-shot with a different amount of food. Identical across small/regular/large: the matte white plate and its diameter, the 85-degree overhead camera angle, the camera distance, the neutral light stone tabletop, the soft diffused daylight, the white balance, and the framing. The plate diameter is identical in all three renders; only the area, height and realistic volume of the food change. The food keeps the same color, cut and cooking state. Nothing is added or removed between variants — no sauce, oil, herb or side item appears in one variant and not another. Portion weights are 50 g / 100 g / 150 g and must read as visibly increasing at a 120-160 px thumbnail size. No weight, number or label may appear in the image itself.","TürKomp — Ulusal Gıda Kompozisyon Veri Tabanı","02.02.0001",,,,,,,"missing","","TÜBER 2022 Ek 2.3.1 — Besinlerin standart porsiyonlarının enerji ve besin ögesi içerikleri","Yumurta","https://hsgm.saglik.gov.tr/depo/birimler/saglikli-beslenme-ve-hareketli-hayat-db/Dokumanlar/Rehberler/Turkiye_Beslenme_Rehber_TUBER_2022_min.pdf","TÜBER 2022 (baskı tarihi 2023-08-08)","Ek 2.3.1 (s.283-284)","https://turkomp.tarimorman.gov.tr/food-yumurta-sari-pastorize-34","2026-08-18T20:30:00Z",,,"needs_review","regular = the published TÜBER Ek 2.3.1 standard portion for ""Yumurta"" (100 g). | small = APP-DERIVED as 0.5x the published unit weight (portion policy portion-policy-v2, category egg_unit). Discrete foods are counted in units, not scaled by a factor. This is a product reference size, NOT published by TÜBER. | large = APP-DERIVED as 1.5x the published unit weight (portion policy portion-policy-v2, category egg_unit). Discrete foods are counted in units, not scaled by a factor. This is a product reference size, NOT published by TÜBER. | Composition is the published TürKomp per-100 g record 02.02.0001; no scaling applied."
,"Yumurta, sarı, pastörize",,"yumurta-sari-pastorize",,"large","150.0",,"food-portions/yumurta-sari-pastorize/yumurta-sari-pastorize--large--150g.webp","Photorealistic overhead food reference photograph of Yumurta, sarı, pastörize, representing the LARGE controlled portion of 150 grams. Served on the exact same matte white plate used across the three portion variants. Fixed 85-degree overhead camera, fixed camera distance, neutral light stone tabletop, soft diffused daylight, natural appetizing food color, realistic household serving, entire plate visible, centered composition, no utensils, no hands, no napkin, no packaging, no logo, no text, no watermark, no decorative garnish unless part of the canonical recipe, no dramatic restaurant styling, no hard shadows. Only the amount of food should differ between portion variants. Square 1:1 composition, sRGB, production-quality mobile nutrition tracking reference image.","All three variants of Yumurta, sarı, pastörize are the same scene, re-shot with a different amount of food. Identical across small/regular/large: the matte white plate and its diameter, the 85-degree overhead camera angle, the camera distance, the neutral light stone tabletop, the soft diffused daylight, the white balance, and the framing. The plate diameter is identical in all three renders; only the area, height and realistic volume of the food change. The food keeps the same color, cut and cooking state. Nothing is added or removed between variants — no sauce, oil, herb or side item appears in one variant and not another. Portion weights are 50 g / 100 g / 150 g and must read as visibly increasing at a 120-160 px thumbnail size. No weight, number or label may appear in the image itself.","TürKomp — Ulusal Gıda Kompozisyon Veri Tabanı","02.02.0001",,,,,,,"missing","","TÜBER 2022 Ek 2.3.1 — Besinlerin standart porsiyonlarının enerji ve besin ögesi içerikleri","Yumurta","https://hsgm.saglik.gov.tr/depo/birimler/saglikli-beslenme-ve-hareketli-hayat-db/Dokumanlar/Rehberler/Turkiye_Beslenme_Rehber_TUBER_2022_min.pdf","TÜBER 2022 (baskı tarihi 2023-08-08)","Ek 2.3.1 (s.283-284)","https://turkomp.tarimorman.gov.tr/food-yumurta-sari-pastorize-34","2026-08-18T20:30:00Z",,,"needs_review","regular = the published TÜBER Ek 2.3.1 standard portion for ""Yumurta"" (100 g). | small = APP-DERIVED as 0.5x the published unit weight (portion policy portion-policy-v2, category egg_unit). Discrete foods are counted in units, not scaled by a factor. This is a product reference size, NOT published by TÜBER. | large = APP-DERIVED as 1.5x the published unit weight (portion policy portion-policy-v2, category egg_unit). Discrete foods are counted in units, not scaled by a factor. This is a product reference size, NOT published by TÜBER. | Composition is the published TürKomp per-100 g record 02.02.0001; no scaling applied."
,"Yumurta, beyaz, pastörize",,"yumurta-beyaz-pastorize",,"small","50.0",,"food-portions/yumurta-beyaz-pastorize/yumurta-beyaz-pastorize--small--50g.webp","Photorealistic overhead food reference photograph of Yumurta, beyaz, pastörize, representing the SMALL controlled portion of 50 grams. Served on the exact same matte white plate used across the three portion variants. Fixed 85-degree overhead camera, fixed camera distance, neutral light stone tabletop, soft diffused daylight, natural appetizing food color, realistic household serving, entire plate visible, centered composition, no utensils, no hands, no napkin, no packaging, no logo, no text, no watermark, no decorative garnish unless part of the canonical recipe, no dramatic restaurant styling, no hard shadows. Only the amount of food should differ between portion variants. Square 1:1 composition, sRGB, production-quality mobile nutrition tracking reference image.","All three variants of Yumurta, beyaz, pastörize are the same scene, re-shot with a different amount of food. Identical across small/regular/large: the matte white plate and its diameter, the 85-degree overhead camera angle, the camera distance, the neutral light stone tabletop, the soft diffused daylight, the white balance, and the framing. The plate diameter is identical in all three renders; only the area, height and realistic volume of the food change. The food keeps the same color, cut and cooking state. Nothing is added or removed between variants — no sauce, oil, herb or side item appears in one variant and not another. Portion weights are 50 g / 100 g / 150 g and must read as visibly increasing at a 120-160 px thumbnail size. No weight, number or label may appear in the image itself.","TürKomp — Ulusal Gıda Kompozisyon Veri Tabanı","02.02.0002",,,,,,,"missing","","TÜBER 2022 Ek 2.3.1 — Besinlerin standart porsiyonlarının enerji ve besin ögesi içerikleri","Yumurta","https://hsgm.saglik.gov.tr/depo/birimler/saglikli-beslenme-ve-hareketli-hayat-db/Dokumanlar/Rehberler/Turkiye_Beslenme_Rehber_TUBER_2022_min.pdf","TÜBER 2022 (baskı tarihi 2023-08-08)","Ek 2.3.1 (s.283-284)","https://turkomp.tarimorman.gov.tr/food-yumurta-beyaz-pastorize-33","2026-08-18T20:30:00Z",,,"needs_review","regular = the published TÜBER Ek 2.3.1 standard portion for ""Yumurta"" (100 g). | small = APP-DERIVED as 0.5x the published unit weight (portion policy portion-policy-v2, category egg_unit). Discrete foods are counted in units, not scaled by a factor. This is a product reference size, NOT published by TÜBER. | large = APP-DERIVED as 1.5x the published unit weight (portion policy portion-policy-v2, category egg_unit). Discrete foods are counted in units, not scaled by a factor. This is a product reference size, NOT published by TÜBER. | Composition is the published TürKomp per-100 g record 02.02.0002; no scaling applied."
,"Yumurta, beyaz, pastörize",,"yumurta-beyaz-pastorize",,"regular","100.0",,"food-portions/yumurta-beyaz-pastorize/yumurta-beyaz-pastorize--regular--100g.webp","Photorealistic overhead food reference photograph of Yumurta, beyaz, pastörize, representing the REGULAR controlled portion of 100 grams. Served on the exact same matte white plate used across the three portion variants. Fixed 85-degree overhead camera, fixed camera distance, neutral light stone tabletop, soft diffused daylight, natural appetizing food color, realistic household serving, entire plate visible, centered composition, no utensils, no hands, no napkin, no packaging, no logo, no text, no watermark, no decorative garnish unless part of the canonical recipe, no dramatic restaurant styling, no hard shadows. Only the amount of food should differ between portion variants. Square 1:1 composition, sRGB, production-quality mobile nutrition tracking reference image.","All three variants of Yumurta, beyaz, pastörize are the same scene, re-shot with a different amount of food. Identical across small/regular/large: the matte white plate and its diameter, the 85-degree overhead camera angle, the camera distance, the neutral light stone tabletop, the soft diffused daylight, the white balance, and the framing. The plate diameter is identical in all three renders; only the area, height and realistic volume of the food change. The food keeps the same color, cut and cooking state. Nothing is added or removed between variants — no sauce, oil, herb or side item appears in one variant and not another. Portion weights are 50 g / 100 g / 150 g and must read as visibly increasing at a 120-160 px thumbnail size. No weight, number or label may appear in the image itself.","TürKomp — Ulusal Gıda Kompozisyon Veri Tabanı","02.02.0002",,,,,,,"missing","","TÜBER 2022 Ek 2.3.1 — Besinlerin standart porsiyonlarının enerji ve besin ögesi içerikleri","Yumurta","https://hsgm.saglik.gov.tr/depo/birimler/saglikli-beslenme-ve-hareketli-hayat-db/Dokumanlar/Rehberler/Turkiye_Beslenme_Rehber_TUBER_2022_min.pdf","TÜBER 2022 (baskı tarihi 2023-08-08)","Ek 2.3.1 (s.283-284)","https://turkomp.tarimorman.gov.tr/food-yumurta-beyaz-pastorize-33","2026-08-18T20:30:00Z",,,"needs_review","regular = the published TÜBER Ek 2.3.1 standard portion for ""Yumurta"" (100 g). | small = APP-DERIVED as 0.5x the published unit weight (portion policy portion-policy-v2, category egg_unit). Discrete foods are counted in units, not scaled by a factor. This is a product reference size, NOT published by TÜBER. | large = APP-DERIVED as 1.5x the published unit weight (portion policy portion-policy-v2, category egg_unit). Discrete foods are counted in units, not scaled by a factor. This is a product reference size, NOT published by TÜBER. | Composition is the published TürKomp per-100 g record 02.02.0002; no scaling applied."
,"Yumurta, beyaz, pastörize",,"yumurta-beyaz-pastorize",,"large","150.0",,"food-portions/yumurta-beyaz-pastorize/yumurta-beyaz-pastorize--large--150g.webp","Photorealistic overhead food reference photograph of Yumurta, beyaz, pastörize, representing the LARGE controlled portion of 150 grams. Served on the exact same matte white plate used across the three portion variants. Fixed 85-degree overhead camera, fixed camera distance, neutral light stone tabletop, soft diffused daylight, natural appetizing food color, realistic household serving, entire plate visible, centered composition, no utensils, no hands, no napkin, no packaging, no logo, no text, no watermark, no decorative garnish unless part of the canonical recipe, no dramatic restaurant styling, no hard shadows. Only the amount of food should differ between portion variants. Square 1:1 composition, sRGB, production-quality mobile nutrition tracking reference image.","All three variants of Yumurta, beyaz, pastörize are the same scene, re-shot with a different amount of food. Identical across small/regular/large: the matte white plate and its diameter, the 85-degree overhead camera angle, the camera distance, the neutral light stone tabletop, the soft diffused daylight, the white balance, and the framing. The plate diameter is identical in all three renders; only the area, height and realistic volume of the food change. The food keeps the same color, cut and cooking state. Nothing is added or removed between variants — no sauce, oil, herb or side item appears in one variant and not another. Portion weights are 50 g / 100 g / 150 g and must read as visibly increasing at a 120-160 px thumbnail size. No weight, number or label may appear in the image itself.","TürKomp — Ulusal Gıda Kompozisyon Veri Tabanı","02.02.0002",,,,,,,"missing","","TÜBER 2022 Ek 2.3.1 — Besinlerin standart porsiyonlarının enerji ve besin ögesi içerikleri","Yumurta","https://hsgm.saglik.gov.tr/depo/birimler/saglikli-beslenme-ve-hareketli-hayat-db/Dokumanlar/Rehberler/Turkiye_Beslenme_Rehber_TUBER_2022_min.pdf","TÜBER 2022 (baskı tarihi 2023-08-08)","Ek 2.3.1 (s.283-284)","https://turkomp.tarimorman.gov.tr/food-yumurta-beyaz-pastorize-33","2026-08-18T20:30:00Z",,,"needs_review","regular = the published TÜBER Ek 2.3.1 standard portion for ""Yumurta"" (100 g). | small = APP-DERIVED as 0.5x the published unit weight (portion policy portion-policy-v2, category egg_unit). Discrete foods are counted in units, not scaled by a factor. This is a product reference size, NOT published by TÜBER. | large = APP-DERIVED as 1.5x the published unit weight (portion policy portion-policy-v2, category egg_unit). Discrete foods are counted in units, not scaled by a factor. This is a product reference size, NOT published by TÜBER. | Composition is the published TürKomp per-100 g record 02.02.0002; no scaling applied."
,"Galeta, sade",,"galeta-sade",,"small","15.0",,"food-portions/galeta-sade/galeta-sade--small--15g.webp","Photorealistic overhead food reference photograph of Galeta, sade, representing the SMALL controlled portion of 15 grams. Served on the exact same matte white plate used across the three portion variants. Fixed 85-degree overhead camera, fixed camera distance, neutral light stone tabletop, soft diffused daylight, natural appetizing food color, realistic household serving, entire plate visible, centered composition, no utensils, no hands, no napkin, no packaging, no logo, no text, no watermark, no decorative garnish unless part of the canonical recipe, no dramatic restaurant styling, no hard shadows. Only the amount of food should differ between portion variants. Square 1:1 composition, sRGB, production-quality mobile nutrition tracking reference image.","All three variants of Galeta, sade are the same scene, re-shot with a different amount of food. Identical across small/regular/large: the matte white plate and its diameter, the 85-degree overhead camera angle, the camera distance, the neutral light stone tabletop, the soft diffused daylight, the white balance, and the framing. The plate diameter is identical in all three renders; only the area, height and realistic volume of the food change. The food keeps the same color, cut and cooking state. Nothing is added or removed between variants — no sauce, oil, herb or side item appears in one variant and not another. Portion weights are 15 g / 30 g / 60 g and must read as visibly increasing at a 120-160 px thumbnail size. No weight, number or label may appear in the image itself.","TürKomp — Ulusal Gıda Kompozisyon Veri Tabanı","06.02.0023",,,,,,,"missing","","TÜBER 2022 Ek 2.1 — Standart porsiyon ölçüleri ve miktarları","Galeta veya Grissini","https://hsgm.saglik.gov.tr/depo/birimler/saglikli-beslenme-ve-hareketli-hayat-db/Dokumanlar/Rehberler/Turkiye_Beslenme_Rehber_TUBER_2022_min.pdf","TÜBER 2022 (baskı tarihi 2023-08-08)","Ek 2.1.1 (s.262), Ek 2.1.3 (s.264), Ek 2.1.5 (s.266)","https://turkomp.tarimorman.gov.tr/food-galeta-sade-665","2026-08-18T20:30:00Z",,,"needs_review","regular = the 30 g TÜBER Ek 2.1 prints for the grouped row ""Galeta veya Grissini"". This food is one named member of that row and is not measured separately. | small = APP-DERIVED as 0.5x the published unit weight (portion policy portion-policy-v2, category bread). Discrete foods are counted in units, not scaled by a factor. This is a product reference size, NOT published by TÜBER. | large = APP-DERIVED as 2.0x the published unit weight (portion policy portion-policy-v2, category bread). Discrete foods are counted in units, not scaled by a factor. This is a product reference size, NOT published by TÜBER. | Composition is the published TürKomp per-100 g record 06.02.0023; no scaling applied."
,"Galeta, sade",,"galeta-sade",,"regular","30.0","30 g","food-portions/galeta-sade/galeta-sade--regular--30g.webp","Photorealistic overhead food reference photograph of Galeta, sade, representing the REGULAR controlled portion of 30 grams. Served on the exact same matte white plate used across the three portion variants. Fixed 85-degree overhead camera, fixed camera distance, neutral light stone tabletop, soft diffused daylight, natural appetizing food color, realistic household serving, entire plate visible, centered composition, no utensils, no hands, no napkin, no packaging, no logo, no text, no watermark, no decorative garnish unless part of the canonical recipe, no dramatic restaurant styling, no hard shadows. Only the amount of food should differ between portion variants. Square 1:1 composition, sRGB, production-quality mobile nutrition tracking reference image.","All three variants of Galeta, sade are the same scene, re-shot with a different amount of food. Identical across small/regular/large: the matte white plate and its diameter, the 85-degree overhead camera angle, the camera distance, the neutral light stone tabletop, the soft diffused daylight, the white balance, and the framing. The plate diameter is identical in all three renders; only the area, height and realistic volume of the food change. The food keeps the same color, cut and cooking state. Nothing is added or removed between variants — no sauce, oil, herb or side item appears in one variant and not another. Portion weights are 15 g / 30 g / 60 g and must read as visibly increasing at a 120-160 px thumbnail size. No weight, number or label may appear in the image itself.","TürKomp — Ulusal Gıda Kompozisyon Veri Tabanı","06.02.0023",,,,,,,"missing","","TÜBER 2022 Ek 2.1 — Standart porsiyon ölçüleri ve miktarları","Galeta veya Grissini","https://hsgm.saglik.gov.tr/depo/birimler/saglikli-beslenme-ve-hareketli-hayat-db/Dokumanlar/Rehberler/Turkiye_Beslenme_Rehber_TUBER_2022_min.pdf","TÜBER 2022 (baskı tarihi 2023-08-08)","Ek 2.1.1 (s.262), Ek 2.1.3 (s.264), Ek 2.1.5 (s.266)","https://turkomp.tarimorman.gov.tr/food-galeta-sade-665","2026-08-18T20:30:00Z",,,"needs_review","regular = the 30 g TÜBER Ek 2.1 prints for the grouped row ""Galeta veya Grissini"". This food is one named member of that row and is not measured separately. | small = APP-DERIVED as 0.5x the published unit weight (portion policy portion-policy-v2, category bread). Discrete foods are counted in units, not scaled by a factor. This is a product reference size, NOT published by TÜBER. | large = APP-DERIVED as 2.0x the published unit weight (portion policy portion-policy-v2, category bread). Discrete foods are counted in units, not scaled by a factor. This is a product reference size, NOT published by TÜBER. | Composition is the published TürKomp per-100 g record 06.02.0023; no scaling applied."
,"Galeta, sade",,"galeta-sade",,"large","60.0",,"food-portions/galeta-sade/galeta-sade--large--60g.webp","Photorealistic overhead food reference photograph of Galeta, sade, representing the LARGE controlled portion of 60 grams. Served on the exact same matte white plate used across the three portion variants. Fixed 85-degree overhead camera, fixed camera distance, neutral light stone tabletop, soft diffused daylight, natural appetizing food color, realistic household serving, entire plate visible, centered composition, no utensils, no hands, no napkin, no packaging, no logo, no text, no watermark, no decorative garnish unless part of the canonical recipe, no dramatic restaurant styling, no hard shadows. Only the amount of food should differ between portion variants. Square 1:1 composition, sRGB, production-quality mobile nutrition tracking reference image.","All three variants of Galeta, sade are the same scene, re-shot with a different amount of food. Identical across small/regular/large: the matte white plate and its diameter, the 85-degree overhead camera angle, the camera distance, the neutral light stone tabletop, the soft diffused daylight, the white balance, and the framing. The plate diameter is identical in all three renders; only the area, height and realistic volume of the food change. The food keeps the same color, cut and cooking state. Nothing is added or removed between variants — no sauce, oil, herb or side item appears in one variant and not another. Portion weights are 15 g / 30 g / 60 g and must read as visibly increasing at a 120-160 px thumbnail size. No weight, number or label may appear in the image itself.","TürKomp — Ulusal Gıda Kompozisyon Veri Tabanı","06.02.0023",,,,,,,"missing","","TÜBER 2022 Ek 2.1 — Standart porsiyon ölçüleri ve miktarları","Galeta veya Grissini","https://hsgm.saglik.gov.tr/depo/birimler/saglikli-beslenme-ve-hareketli-hayat-db/Dokumanlar/Rehberler/Turkiye_Beslenme_Rehber_TUBER_2022_min.pdf","TÜBER 2022 (baskı tarihi 2023-08-08)","Ek 2.1.1 (s.262), Ek 2.1.3 (s.264), Ek 2.1.5 (s.266)","https://turkomp.tarimorman.gov.tr/food-galeta-sade-665","2026-08-18T20:30:00Z",,,"needs_review","regular = the 30 g TÜBER Ek 2.1 prints for the grouped row ""Galeta veya Grissini"". This food is one named member of that row and is not measured separately. | small = APP-DERIVED as 0.5x the published unit weight (portion policy portion-policy-v2, category bread). Discrete foods are counted in units, not scaled by a factor. This is a product reference size, NOT published by TÜBER. | large = APP-DERIVED as 2.0x the published unit weight (portion policy portion-policy-v2, category bread). Discrete foods are counted in units, not scaled by a factor. This is a product reference size, NOT published by TÜBER. | Composition is the published TürKomp per-100 g record 06.02.0023; no scaling applied."
,"Bazlama",,"bazlama",,"small","25.0",,"food-portions/bazlama/bazlama--small--25g.webp","Photorealistic overhead food reference photograph of Bazlama, representing the SMALL controlled portion of 25 grams. Served on the exact same matte white plate used across the three portion variants. Fixed 85-degree overhead camera, fixed camera distance, neutral light stone tabletop, soft diffused daylight, natural appetizing food color, realistic household serving, entire plate visible, centered composition, no utensils, no hands, no napkin, no packaging, no logo, no text, no watermark, no decorative garnish unless part of the canonical recipe, no dramatic restaurant styling, no hard shadows. Only the amount of food should differ between portion variants. Square 1:1 composition, sRGB, production-quality mobile nutrition tracking reference image.","All three variants of Bazlama are the same scene, re-shot with a different amount of food. Identical across small/regular/large: the matte white plate and its diameter, the 85-degree overhead camera angle, the camera distance, the neutral light stone tabletop, the soft diffused daylight, the white balance, and the framing. The plate diameter is identical in all three renders; only the area, height and realistic volume of the food change. The food keeps the same color, cut and cooking state. Nothing is added or removed between variants — no sauce, oil, herb or side item appears in one variant and not another. Portion weights are 25 g / 50 g / 100 g and must read as visibly increasing at a 120-160 px thumbnail size. No weight, number or label may appear in the image itself.","TürKomp — Ulusal Gıda Kompozisyon Veri Tabanı","06.02.0030",,,,,,,"missing","","TÜBER 2022 Ek 2.1 — Standart porsiyon ölçüleri ve miktarları","Pide- Bazlama-Lavaş","https://hsgm.saglik.gov.tr/depo/birimler/saglikli-beslenme-ve-hareketli-hayat-db/Dokumanlar/Rehberler/Turkiye_Beslenme_Rehber_TUBER_2022_min.pdf","TÜBER 2022 (baskı tarihi 2023-08-08)","Ek 2.1.1 (s.262), Ek 2.1.3 (s.264), Ek 2.1.5 (s.266)","https://turkomp.tarimorman.gov.tr/food-bazlama-677","2026-08-18T20:30:00Z",,,"needs_review","regular = the 50 g TÜBER Ek 2.1 prints for the grouped row ""Pide- Bazlama-Lavaş"". This food is one named member of that row and is not measured separately. | small = APP-DERIVED as 0.5x the published unit weight (portion policy portion-policy-v2, category bread). Discrete foods are counted in units, not scaled by a factor. This is a product reference size, NOT published by TÜBER. | large = APP-DERIVED as 2.0x the published unit weight (portion policy portion-policy-v2, category bread). Discrete foods are counted in units, not scaled by a factor. This is a product reference size, NOT published by TÜBER. | Composition is the published TürKomp per-100 g record 06.02.0030; no scaling applied."
,"Bazlama",,"bazlama",,"regular","50.0","¼ adet küçük veya 1/8 adet büyük veya 50 g","food-portions/bazlama/bazlama--regular--50g.webp","Photorealistic overhead food reference photograph of Bazlama, representing the REGULAR controlled portion of 50 grams. Served on the exact same matte white plate used across the three portion variants. Fixed 85-degree overhead camera, fixed camera distance, neutral light stone tabletop, soft diffused daylight, natural appetizing food color, realistic household serving, entire plate visible, centered composition, no utensils, no hands, no napkin, no packaging, no logo, no text, no watermark, no decorative garnish unless part of the canonical recipe, no dramatic restaurant styling, no hard shadows. Only the amount of food should differ between portion variants. Square 1:1 composition, sRGB, production-quality mobile nutrition tracking reference image.","All three variants of Bazlama are the same scene, re-shot with a different amount of food. Identical across small/regular/large: the matte white plate and its diameter, the 85-degree overhead camera angle, the camera distance, the neutral light stone tabletop, the soft diffused daylight, the white balance, and the framing. The plate diameter is identical in all three renders; only the area, height and realistic volume of the food change. The food keeps the same color, cut and cooking state. Nothing is added or removed between variants — no sauce, oil, herb or side item appears in one variant and not another. Portion weights are 25 g / 50 g / 100 g and must read as visibly increasing at a 120-160 px thumbnail size. No weight, number or label may appear in the image itself.","TürKomp — Ulusal Gıda Kompozisyon Veri Tabanı","06.02.0030",,,,,,,"missing","","TÜBER 2022 Ek 2.1 — Standart porsiyon ölçüleri ve miktarları","Pide- Bazlama-Lavaş","https://hsgm.saglik.gov.tr/depo/birimler/saglikli-beslenme-ve-hareketli-hayat-db/Dokumanlar/Rehberler/Turkiye_Beslenme_Rehber_TUBER_2022_min.pdf","TÜBER 2022 (baskı tarihi 2023-08-08)","Ek 2.1.1 (s.262), Ek 2.1.3 (s.264), Ek 2.1.5 (s.266)","https://turkomp.tarimorman.gov.tr/food-bazlama-677","2026-08-18T20:30:00Z",,,"needs_review","regular = the 50 g TÜBER Ek 2.1 prints for the grouped row ""Pide- Bazlama-Lavaş"". This food is one named member of that row and is not measured separately. | small = APP-DERIVED as 0.5x the published unit weight (portion policy portion-policy-v2, category bread). Discrete foods are counted in units, not scaled by a factor. This is a product reference size, NOT published by TÜBER. | large = APP-DERIVED as 2.0x the published unit weight (portion policy portion-policy-v2, category bread). Discrete foods are counted in units, not scaled by a factor. This is a product reference size, NOT published by TÜBER. | Composition is the published TürKomp per-100 g record 06.02.0030; no scaling applied."
,"Bazlama",,"bazlama",,"large","100.0",,"food-portions/bazlama/bazlama--large--100g.webp","Photorealistic overhead food reference photograph of Bazlama, representing the LARGE controlled portion of 100 grams. Served on the exact same matte white plate used across the three portion variants. Fixed 85-degree overhead camera, fixed camera distance, neutral light stone tabletop, soft diffused daylight, natural appetizing food color, realistic household serving, entire plate visible, centered composition, no utensils, no hands, no napkin, no packaging, no logo, no text, no watermark, no decorative garnish unless part of the canonical recipe, no dramatic restaurant styling, no hard shadows. Only the amount of food should differ between portion variants. Square 1:1 composition, sRGB, production-quality mobile nutrition tracking reference image.","All three variants of Bazlama are the same scene, re-shot with a different amount of food. Identical across small/regular/large: the matte white plate and its diameter, the 85-degree overhead camera angle, the camera distance, the neutral light stone tabletop, the soft diffused daylight, the white balance, and the framing. The plate diameter is identical in all three renders; only the area, height and realistic volume of the food change. The food keeps the same color, cut and cooking state. Nothing is added or removed between variants — no sauce, oil, herb or side item appears in one variant and not another. Portion weights are 25 g / 50 g / 100 g and must read as visibly increasing at a 120-160 px thumbnail size. No weight, number or label may appear in the image itself.","TürKomp — Ulusal Gıda Kompozisyon Veri Tabanı","06.02.0030",,,,,,,"missing","","TÜBER 2022 Ek 2.1 — Standart porsiyon ölçüleri ve miktarları","Pide- Bazlama-Lavaş","https://hsgm.saglik.gov.tr/depo/birimler/saglikli-beslenme-ve-hareketli-hayat-db/Dokumanlar/Rehberler/Turkiye_Beslenme_Rehber_TUBER_2022_min.pdf","TÜBER 2022 (baskı tarihi 2023-08-08)","Ek 2.1.1 (s.262), Ek 2.1.3 (s.264), Ek 2.1.5 (s.266)","https://turkomp.tarimorman.gov.tr/food-bazlama-677","2026-08-18T20:30:00Z",,,"needs_review","regular = the 50 g TÜBER Ek 2.1 prints for the grouped row ""Pide- Bazlama-Lavaş"". This food is one named member of that row and is not measured separately. | small = APP-DERIVED as 0.5x the published unit weight (portion policy portion-policy-v2, category bread). Discrete foods are counted in units, not scaled by a factor. This is a product reference size, NOT published by TÜBER. | large = APP-DERIVED as 2.0x the published unit weight (portion policy portion-policy-v2, category bread). Discrete foods are counted in units, not scaled by a factor. This is a product reference size, NOT published by TÜBER. | Composition is the published TürKomp per-100 g record 06.02.0030; no scaling applied."
,"Lavaş",,"lavas",,"small","25.0",,"food-portions/lavas/lavas--small--25g.webp","Photorealistic overhead food reference photograph of Lavaş, representing the SMALL controlled portion of 25 grams. Served on the exact same matte white plate used across the three portion variants. Fixed 85-degree overhead camera, fixed camera distance, neutral light stone tabletop, soft diffused daylight, natural appetizing food color, realistic household serving, entire plate visible, centered composition, no utensils, no hands, no napkin, no packaging, no logo, no text, no watermark, no decorative garnish unless part of the canonical recipe, no dramatic restaurant styling, no hard shadows. Only the amount of food should differ between portion variants. Square 1:1 composition, sRGB, production-quality mobile nutrition tracking reference image.","All three variants of Lavaş are the same scene, re-shot with a different amount of food. Identical across small/regular/large: the matte white plate and its diameter, the 85-degree overhead camera angle, the camera distance, the neutral light stone tabletop, the soft diffused daylight, the white balance, and the framing. The plate diameter is identical in all three renders; only the area, height and realistic volume of the food change. The food keeps the same color, cut and cooking state. Nothing is added or removed between variants — no sauce, oil, herb or side item appears in one variant and not another. Portion weights are 25 g / 50 g / 100 g and must read as visibly increasing at a 120-160 px thumbnail size. No weight, number or label may appear in the image itself.","TürKomp — Ulusal Gıda Kompozisyon Veri Tabanı","06.02.0035",,,,,,,"missing","","TÜBER 2022 Ek 2.1 — Standart porsiyon ölçüleri ve miktarları","Pide- Bazlama-Lavaş","https://hsgm.saglik.gov.tr/depo/birimler/saglikli-beslenme-ve-hareketli-hayat-db/Dokumanlar/Rehberler/Turkiye_Beslenme_Rehber_TUBER_2022_min.pdf","TÜBER 2022 (baskı tarihi 2023-08-08)","Ek 2.1.1 (s.262), Ek 2.1.3 (s.264), Ek 2.1.5 (s.266)","https://turkomp.tarimorman.gov.tr/food-lavas-678","2026-08-18T20:30:00Z",,,"needs_review","regular = the 50 g TÜBER Ek 2.1 prints for the grouped row ""Pide- Bazlama-Lavaş"". This food is one named member of that row and is not measured separately. | small = APP-DERIVED as 0.5x the published unit weight (portion policy portion-policy-v2, category bread). Discrete foods are counted in units, not scaled by a factor. This is a product reference size, NOT published by TÜBER. | large = APP-DERIVED as 2.0x the published unit weight (portion policy portion-policy-v2, category bread). Discrete foods are counted in units, not scaled by a factor. This is a product reference size, NOT published by TÜBER. | Composition is the published TürKomp per-100 g record 06.02.0035; no scaling applied."
,"Lavaş",,"lavas",,"regular","50.0","¼ adet küçük veya 1/8 adet büyük veya 50 g","food-portions/lavas/lavas--regular--50g.webp","Photorealistic overhead food reference photograph of Lavaş, representing the REGULAR controlled portion of 50 grams. Served on the exact same matte white plate used across the three portion variants. Fixed 85-degree overhead camera, fixed camera distance, neutral light stone tabletop, soft diffused daylight, natural appetizing food color, realistic household serving, entire plate visible, centered composition, no utensils, no hands, no napkin, no packaging, no logo, no text, no watermark, no decorative garnish unless part of the canonical recipe, no dramatic restaurant styling, no hard shadows. Only the amount of food should differ between portion variants. Square 1:1 composition, sRGB, production-quality mobile nutrition tracking reference image.","All three variants of Lavaş are the same scene, re-shot with a different amount of food. Identical across small/regular/large: the matte white plate and its diameter, the 85-degree overhead camera angle, the camera distance, the neutral light stone tabletop, the soft diffused daylight, the white balance, and the framing. The plate diameter is identical in all three renders; only the area, height and realistic volume of the food change. The food keeps the same color, cut and cooking state. Nothing is added or removed between variants — no sauce, oil, herb or side item appears in one variant and not another. Portion weights are 25 g / 50 g / 100 g and must read as visibly increasing at a 120-160 px thumbnail size. No weight, number or label may appear in the image itself.","TürKomp — Ulusal Gıda Kompozisyon Veri Tabanı","06.02.0035",,,,,,,"missing","","TÜBER 2022 Ek 2.1 — Standart porsiyon ölçüleri ve miktarları","Pide- Bazlama-Lavaş","https://hsgm.saglik.gov.tr/depo/birimler/saglikli-beslenme-ve-hareketli-hayat-db/Dokumanlar/Rehberler/Turkiye_Beslenme_Rehber_TUBER_2022_min.pdf","TÜBER 2022 (baskı tarihi 2023-08-08)","Ek 2.1.1 (s.262), Ek 2.1.3 (s.264), Ek 2.1.5 (s.266)","https://turkomp.tarimorman.gov.tr/food-lavas-678","2026-08-18T20:30:00Z",,,"needs_review","regular = the 50 g TÜBER Ek 2.1 prints for the grouped row ""Pide- Bazlama-Lavaş"". This food is one named member of that row and is not measured separately. | small = APP-DERIVED as 0.5x the published unit weight (portion policy portion-policy-v2, category bread). Discrete foods are counted in units, not scaled by a factor. This is a product reference size, NOT published by TÜBER. | large = APP-DERIVED as 2.0x the published unit weight (portion policy portion-policy-v2, category bread). Discrete foods are counted in units, not scaled by a factor. This is a product reference size, NOT published by TÜBER. | Composition is the published TürKomp per-100 g record 06.02.0035; no scaling applied."
,"Lavaş",,"lavas",,"large","100.0",,"food-portions/lavas/lavas--large--100g.webp","Photorealistic overhead food reference photograph of Lavaş, representing the LARGE controlled portion of 100 grams. Served on the exact same matte white plate used across the three portion variants. Fixed 85-degree overhead camera, fixed camera distance, neutral light stone tabletop, soft diffused daylight, natural appetizing food color, realistic household serving, entire plate visible, centered composition, no utensils, no hands, no napkin, no packaging, no logo, no text, no watermark, no decorative garnish unless part of the canonical recipe, no dramatic restaurant styling, no hard shadows. Only the amount of food should differ between portion variants. Square 1:1 composition, sRGB, production-quality mobile nutrition tracking reference image.","All three variants of Lavaş are the same scene, re-shot with a different amount of food. Identical across small/regular/large: the matte white plate and its diameter, the 85-degree overhead camera angle, the camera distance, the neutral light stone tabletop, the soft diffused daylight, the white balance, and the framing. The plate diameter is identical in all three renders; only the area, height and realistic volume of the food change. The food keeps the same color, cut and cooking state. Nothing is added or removed between variants — no sauce, oil, herb or side item appears in one variant and not another. Portion weights are 25 g / 50 g / 100 g and must read as visibly increasing at a 120-160 px thumbnail size. No weight, number or label may appear in the image itself.","TürKomp — Ulusal Gıda Kompozisyon Veri Tabanı","06.02.0035",,,,,,,"missing","","TÜBER 2022 Ek 2.1 — Standart porsiyon ölçüleri ve miktarları","Pide- Bazlama-Lavaş","https://hsgm.saglik.gov.tr/depo/birimler/saglikli-beslenme-ve-hareketli-hayat-db/Dokumanlar/Rehberler/Turkiye_Beslenme_Rehber_TUBER_2022_min.pdf","TÜBER 2022 (baskı tarihi 2023-08-08)","Ek 2.1.1 (s.262), Ek 2.1.3 (s.264), Ek 2.1.5 (s.266)","https://turkomp.tarimorman.gov.tr/food-lavas-678","2026-08-18T20:30:00Z",,,"needs_review","regular = the 50 g TÜBER Ek 2.1 prints for the grouped row ""Pide- Bazlama-Lavaş"". This food is one named member of that row and is not measured separately. | small = APP-DERIVED as 0.5x the published unit weight (portion policy portion-policy-v2, category bread). Discrete foods are counted in units, not scaled by a factor. This is a product reference size, NOT published by TÜBER. | large = APP-DERIVED as 2.0x the published unit weight (portion policy portion-policy-v2, category bread). Discrete foods are counted in units, not scaled by a factor. This is a product reference size, NOT published by TÜBER. | Composition is the published TürKomp per-100 g record 06.02.0035; no scaling applied."
,"Biber, kırmızı, California Wonder tipi",,"biber-kirmizi-california-wonder-tipi",,"small","100.0",,"food-portions/biber-kirmizi-california-wonder-tipi/biber-kirmizi-california-wonder-tipi--small--100g.webp","Photorealistic overhead food reference photograph of Biber, kırmızı, California Wonder tipi, representing the SMALL controlled portion of 100 grams. Served on the exact same matte white plate used across the three portion variants. Fixed 85-degree overhead camera, fixed camera distance, neutral light stone tabletop, soft diffused daylight, natural appetizing food color, realistic household serving, entire plate visible, centered composition, no utensils, no hands, no napkin, no packaging, no logo, no text, no watermark, no decorative garnish unless part of the canonical recipe, no dramatic restaurant styling, no hard shadows. Only the amount of food should differ between portion variants. Square 1:1 composition, sRGB, production-quality mobile nutrition tracking reference image.","All three variants of Biber, kırmızı, California Wonder tipi are the same scene, re-shot with a different amount of food. Identical across small/regular/large: the matte white plate and its diameter, the 85-degree overhead camera angle, the camera distance, the neutral light stone tabletop, the soft diffused daylight, the white balance, and the framing. The plate diameter is identical in all three renders; only the area, height and realistic volume of the food change. The food keeps the same color, cut and cooking state. Nothing is added or removed between variants — no sauce, oil, herb or side item appears in one variant and not another. Portion weights are 100 g / 150 g / 230 g and must read as visibly increasing at a 120-160 px thumbnail size. No weight, number or label may appear in the image itself.","TürKomp — Ulusal Gıda Kompozisyon Veri Tabanı","08.01.0007",,,,,,,"missing","","TÜBER 2022 Ek 2.3.1 — Besinlerin standart porsiyonlarının enerji ve besin ögesi içerikleri","Kırmızı biber","https://hsgm.saglik.gov.tr/depo/birimler/saglikli-beslenme-ve-hareketli-hayat-db/Dokumanlar/Rehberler/Turkiye_Beslenme_Rehber_TUBER_2022_min.pdf","TÜBER 2022 (baskı tarihi 2023-08-08)","Ek 2.3.1 (s.283-284)","https://turkomp.tarimorman.gov.tr/food-biber-kirmizi-california-wonder-tipi-177","2026-08-18T20:30:00Z",,,"needs_review","regular = the published TÜBER Ek 2.3.1 standard portion for ""Kırmızı biber"" (150 g). | small = APP-DERIVED from regular using portion policy portion-policy-v2 (category vegetable_raw), rounded to 10 g steps. This is a product reference size, NOT a value published by TÜBER. | large = APP-DERIVED from regular using portion policy portion-policy-v2 (category vegetable_raw), rounded to 10 g steps. This is a product reference size, NOT a value published by TÜBER. | Composition is the published TürKomp per-100 g record 08.01.0007; no scaling applied."
,"Biber, kırmızı, California Wonder tipi",,"biber-kirmizi-california-wonder-tipi",,"regular","150.0",,"food-portions/biber-kirmizi-california-wonder-tipi/biber-kirmizi-california-wonder-tipi--regular--150g.webp","Photorealistic overhead food reference photograph of Biber, kırmızı, California Wonder tipi, representing the REGULAR controlled portion of 150 grams. Served on the exact same matte white plate used across the three portion variants. Fixed 85-degree overhead camera, fixed camera distance, neutral light stone tabletop, soft diffused daylight, natural appetizing food color, realistic household serving, entire plate visible, centered composition, no utensils, no hands, no napkin, no packaging, no logo, no text, no watermark, no decorative garnish unless part of the canonical recipe, no dramatic restaurant styling, no hard shadows. Only the amount of food should differ between portion variants. Square 1:1 composition, sRGB, production-quality mobile nutrition tracking reference image.","All three variants of Biber, kırmızı, California Wonder tipi are the same scene, re-shot with a different amount of food. Identical across small/regular/large: the matte white plate and its diameter, the 85-degree overhead camera angle, the camera distance, the neutral light stone tabletop, the soft diffused daylight, the white balance, and the framing. The plate diameter is identical in all three renders; only the area, height and realistic volume of the food change. The food keeps the same color, cut and cooking state. Nothing is added or removed between variants — no sauce, oil, herb or side item appears in one variant and not another. Portion weights are 100 g / 150 g / 230 g and must read as visibly increasing at a 120-160 px thumbnail size. No weight, number or label may appear in the image itself.","TürKomp — Ulusal Gıda Kompozisyon Veri Tabanı","08.01.0007",,,,,,,"missing","","TÜBER 2022 Ek 2.3.1 — Besinlerin standart porsiyonlarının enerji ve besin ögesi içerikleri","Kırmızı biber","https://hsgm.saglik.gov.tr/depo/birimler/saglikli-beslenme-ve-hareketli-hayat-db/Dokumanlar/Rehberler/Turkiye_Beslenme_Rehber_TUBER_2022_min.pdf","TÜBER 2022 (baskı tarihi 2023-08-08)","Ek 2.3.1 (s.283-284)","https://turkomp.tarimorman.gov.tr/food-biber-kirmizi-california-wonder-tipi-177","2026-08-18T20:30:00Z",,,"needs_review","regular = the published TÜBER Ek 2.3.1 standard portion for ""Kırmızı biber"" (150 g). | small = APP-DERIVED from regular using portion policy portion-policy-v2 (category vegetable_raw), rounded to 10 g steps. This is a product reference size, NOT a value published by TÜBER. | large = APP-DERIVED from regular using portion policy portion-policy-v2 (category vegetable_raw), rounded to 10 g steps. This is a product reference size, NOT a value published by TÜBER. | Composition is the published TürKomp per-100 g record 08.01.0007; no scaling applied."
,"Biber, kırmızı, California Wonder tipi",,"biber-kirmizi-california-wonder-tipi",,"large","230.0",,"food-portions/biber-kirmizi-california-wonder-tipi/biber-kirmizi-california-wonder-tipi--large--230g.webp","Photorealistic overhead food reference photograph of Biber, kırmızı, California Wonder tipi, representing the LARGE controlled portion of 230 grams. Served on the exact same matte white plate used across the three portion variants. Fixed 85-degree overhead camera, fixed camera distance, neutral light stone tabletop, soft diffused daylight, natural appetizing food color, realistic household serving, entire plate visible, centered composition, no utensils, no hands, no napkin, no packaging, no logo, no text, no watermark, no decorative garnish unless part of the canonical recipe, no dramatic restaurant styling, no hard shadows. Only the amount of food should differ between portion variants. Square 1:1 composition, sRGB, production-quality mobile nutrition tracking reference image.","All three variants of Biber, kırmızı, California Wonder tipi are the same scene, re-shot with a different amount of food. Identical across small/regular/large: the matte white plate and its diameter, the 85-degree overhead camera angle, the camera distance, the neutral light stone tabletop, the soft diffused daylight, the white balance, and the framing. The plate diameter is identical in all three renders; only the area, height and realistic volume of the food change. The food keeps the same color, cut and cooking state. Nothing is added or removed between variants — no sauce, oil, herb or side item appears in one variant and not another. Portion weights are 100 g / 150 g / 230 g and must read as visibly increasing at a 120-160 px thumbnail size. No weight, number or label may appear in the image itself.","TürKomp — Ulusal Gıda Kompozisyon Veri Tabanı","08.01.0007",,,,,,,"missing","","TÜBER 2022 Ek 2.3.1 — Besinlerin standart porsiyonlarının enerji ve besin ögesi içerikleri","Kırmızı biber","https://hsgm.saglik.gov.tr/depo/birimler/saglikli-beslenme-ve-hareketli-hayat-db/Dokumanlar/Rehberler/Turkiye_Beslenme_Rehber_TUBER_2022_min.pdf","TÜBER 2022 (baskı tarihi 2023-08-08)","Ek 2.3.1 (s.283-284)","https://turkomp.tarimorman.gov.tr/food-biber-kirmizi-california-wonder-tipi-177","2026-08-18T20:30:00Z",,,"needs_review","regular = the published TÜBER Ek 2.3.1 standard portion for ""Kırmızı biber"" (150 g). | small = APP-DERIVED from regular using portion policy portion-policy-v2 (category vegetable_raw), rounded to 10 g steps. This is a product reference size, NOT a value published by TÜBER. | large = APP-DERIVED from regular using portion policy portion-policy-v2 (category vegetable_raw), rounded to 10 g steps. This is a product reference size, NOT a value published by TÜBER. | Composition is the published TürKomp per-100 g record 08.01.0007; no scaling applied."
,"Domates, sofralık, kiraz",,"domates-sofralik-kiraz",,"small","100.0",,"food-portions/domates-sofralik-kiraz/domates-sofralik-kiraz--small--100g.webp","Photorealistic overhead food reference photograph of Domates, sofralık, kiraz, representing the SMALL controlled portion of 100 grams. Served on the exact same matte white plate used across the three portion variants. Fixed 85-degree overhead camera, fixed camera distance, neutral light stone tabletop, soft diffused daylight, natural appetizing food color, realistic household serving, entire plate visible, centered composition, no utensils, no hands, no napkin, no packaging, no logo, no text, no watermark, no decorative garnish unless part of the canonical recipe, no dramatic restaurant styling, no hard shadows. Only the amount of food should differ between portion variants. Square 1:1 composition, sRGB, production-quality mobile nutrition tracking reference image.","All three variants of Domates, sofralık, kiraz are the same scene, re-shot with a different amount of food. Identical across small/regular/large: the matte white plate and its diameter, the 85-degree overhead camera angle, the camera distance, the neutral light stone tabletop, the soft diffused daylight, the white balance, and the framing. The plate diameter is identical in all three renders; only the area, height and realistic volume of the food change. The food keeps the same color, cut and cooking state. Nothing is added or removed between variants — no sauce, oil, herb or side item appears in one variant and not another. Portion weights are 100 g / 150 g / 230 g and must read as visibly increasing at a 120-160 px thumbnail size. No weight, number or label may appear in the image itself.","TürKomp — Ulusal Gıda Kompozisyon Veri Tabanı","08.01.0014",,,,,,,"missing","","TÜBER 2022 Ek 2.3.1 — Besinlerin standart porsiyonlarının enerji ve besin ögesi içerikleri","Domates","https://hsgm.saglik.gov.tr/depo/birimler/saglikli-beslenme-ve-hareketli-hayat-db/Dokumanlar/Rehberler/Turkiye_Beslenme_Rehber_TUBER_2022_min.pdf","TÜBER 2022 (baskı tarihi 2023-08-08)","Ek 2.3.1 (s.283-284)","https://turkomp.tarimorman.gov.tr/food-domates-sofralik-kiraz-169","2026-08-18T20:30:00Z",,,"needs_review","regular = the published TÜBER Ek 2.3.1 standard portion for ""Domates"" (150 g). | small = APP-DERIVED from regular using portion policy portion-policy-v2 (category vegetable_raw), rounded to 10 g steps. This is a product reference size, NOT a value published by TÜBER. | large = APP-DERIVED from regular using portion policy portion-policy-v2 (category vegetable_raw), rounded to 10 g steps. This is a product reference size, NOT a value published by TÜBER. | Composition is the published TürKomp per-100 g record 08.01.0014; no scaling applied."
,"Domates, sofralık, kiraz",,"domates-sofralik-kiraz",,"regular","150.0",,"food-portions/domates-sofralik-kiraz/domates-sofralik-kiraz--regular--150g.webp","Photorealistic overhead food reference photograph of Domates, sofralık, kiraz, representing the REGULAR controlled portion of 150 grams. Served on the exact same matte white plate used across the three portion variants. Fixed 85-degree overhead camera, fixed camera distance, neutral light stone tabletop, soft diffused daylight, natural appetizing food color, realistic household serving, entire plate visible, centered composition, no utensils, no hands, no napkin, no packaging, no logo, no text, no watermark, no decorative garnish unless part of the canonical recipe, no dramatic restaurant styling, no hard shadows. Only the amount of food should differ between portion variants. Square 1:1 composition, sRGB, production-quality mobile nutrition tracking reference image.","All three variants of Domates, sofralık, kiraz are the same scene, re-shot with a different amount of food. Identical across small/regular/large: the matte white plate and its diameter, the 85-degree overhead camera angle, the camera distance, the neutral light stone tabletop, the soft diffused daylight, the white balance, and the framing. The plate diameter is identical in all three renders; only the area, height and realistic volume of the food change. The food keeps the same color, cut and cooking state. Nothing is added or removed between variants — no sauce, oil, herb or side item appears in one variant and not another. Portion weights are 100 g / 150 g / 230 g and must read as visibly increasing at a 120-160 px thumbnail size. No weight, number or label may appear in the image itself.","TürKomp — Ulusal Gıda Kompozisyon Veri Tabanı","08.01.0014",,,,,,,"missing","","TÜBER 2022 Ek 2.3.1 — Besinlerin standart porsiyonlarının enerji ve besin ögesi içerikleri","Domates","https://hsgm.saglik.gov.tr/depo/birimler/saglikli-beslenme-ve-hareketli-hayat-db/Dokumanlar/Rehberler/Turkiye_Beslenme_Rehber_TUBER_2022_min.pdf","TÜBER 2022 (baskı tarihi 2023-08-08)","Ek 2.3.1 (s.283-284)","https://turkomp.tarimorman.gov.tr/food-domates-sofralik-kiraz-169","2026-08-18T20:30:00Z",,,"needs_review","regular = the published TÜBER Ek 2.3.1 standard portion for ""Domates"" (150 g). | small = APP-DERIVED from regular using portion policy portion-policy-v2 (category vegetable_raw), rounded to 10 g steps. This is a product reference size, NOT a value published by TÜBER. | large = APP-DERIVED from regular using portion policy portion-policy-v2 (category vegetable_raw), rounded to 10 g steps. This is a product reference size, NOT a value published by TÜBER. | Composition is the published TürKomp per-100 g record 08.01.0014; no scaling applied."
,"Domates, sofralık, kiraz",,"domates-sofralik-kiraz",,"large","230.0",,"food-portions/domates-sofralik-kiraz/domates-sofralik-kiraz--large--230g.webp","Photorealistic overhead food reference photograph of Domates, sofralık, kiraz, representing the LARGE controlled portion of 230 grams. Served on the exact same matte white plate used across the three portion variants. Fixed 85-degree overhead camera, fixed camera distance, neutral light stone tabletop, soft diffused daylight, natural appetizing food color, realistic household serving, entire plate visible, centered composition, no utensils, no hands, no napkin, no packaging, no logo, no text, no watermark, no decorative garnish unless part of the canonical recipe, no dramatic restaurant styling, no hard shadows. Only the amount of food should differ between portion variants. Square 1:1 composition, sRGB, production-quality mobile nutrition tracking reference image.","All three variants of Domates, sofralık, kiraz are the same scene, re-shot with a different amount of food. Identical across small/regular/large: the matte white plate and its diameter, the 85-degree overhead camera angle, the camera distance, the neutral light stone tabletop, the soft diffused daylight, the white balance, and the framing. The plate diameter is identical in all three renders; only the area, height and realistic volume of the food change. The food keeps the same color, cut and cooking state. Nothing is added or removed between variants — no sauce, oil, herb or side item appears in one variant and not another. Portion weights are 100 g / 150 g / 230 g and must read as visibly increasing at a 120-160 px thumbnail size. No weight, number or label may appear in the image itself.","TürKomp — Ulusal Gıda Kompozisyon Veri Tabanı","08.01.0014",,,,,,,"missing","","TÜBER 2022 Ek 2.3.1 — Besinlerin standart porsiyonlarının enerji ve besin ögesi içerikleri","Domates","https://hsgm.saglik.gov.tr/depo/birimler/saglikli-beslenme-ve-hareketli-hayat-db/Dokumanlar/Rehberler/Turkiye_Beslenme_Rehber_TUBER_2022_min.pdf","TÜBER 2022 (baskı tarihi 2023-08-08)","Ek 2.3.1 (s.283-284)","https://turkomp.tarimorman.gov.tr/food-domates-sofralik-kiraz-169","2026-08-18T20:30:00Z",,,"needs_review","regular = the published TÜBER Ek 2.3.1 standard portion for ""Domates"" (150 g). | small = APP-DERIVED from regular using portion policy portion-policy-v2 (category vegetable_raw), rounded to 10 g steps. This is a product reference size, NOT a value published by TÜBER. | large = APP-DERIVED from regular using portion policy portion-policy-v2 (category vegetable_raw), rounded to 10 g steps. This is a product reference size, NOT a value published by TÜBER. | Composition is the published TürKomp per-100 g record 08.01.0014; no scaling applied."
,"Karpuz, çekirdekli, Diyarbakır",,"karpuz-cekirdekli-diyarbakir",,"small","100.0",,"food-portions/karpuz-cekirdekli-diyarbakir/karpuz-cekirdekli-diyarbakir--small--100g.webp","Photorealistic overhead food reference photograph of Karpuz, çekirdekli, Diyarbakır, representing the SMALL controlled portion of 100 grams. Served on the exact same matte white plate used across the three portion variants. Fixed 85-degree overhead camera, fixed camera distance, neutral light stone tabletop, soft diffused daylight, natural appetizing food color, realistic household serving, entire plate visible, centered composition, no utensils, no hands, no napkin, no packaging, no logo, no text, no watermark, no decorative garnish unless part of the canonical recipe, no dramatic restaurant styling, no hard shadows. Only the amount of food should differ between portion variants. Square 1:1 composition, sRGB, production-quality mobile nutrition tracking reference image.","All three variants of Karpuz, çekirdekli, Diyarbakır are the same scene, re-shot with a different amount of food. Identical across small/regular/large: the matte white plate and its diameter, the 85-degree overhead camera angle, the camera distance, the neutral light stone tabletop, the soft diffused daylight, the white balance, and the framing. The plate diameter is identical in all three renders; only the area, height and realistic volume of the food change. The food keeps the same color, cut and cooking state. Nothing is added or removed between variants — no sauce, oil, herb or side item appears in one variant and not another. Portion weights are 100 g / 150 g / 230 g and must read as visibly increasing at a 120-160 px thumbnail size. No weight, number or label may appear in the image itself.","TürKomp — Ulusal Gıda Kompozisyon Veri Tabanı","08.01.0031",,,,,,,"missing","","TÜBER 2022 Ek 2.3.1 — Besinlerin standart porsiyonlarının enerji ve besin ögesi içerikleri","Karpuz","https://hsgm.saglik.gov.tr/depo/birimler/saglikli-beslenme-ve-hareketli-hayat-db/Dokumanlar/Rehberler/Turkiye_Beslenme_Rehber_TUBER_2022_min.pdf","TÜBER 2022 (baskı tarihi 2023-08-08)","Ek 2.3.1 (s.283-284)","https://turkomp.tarimorman.gov.tr/food-karpuz-cekirdekli-diyarbakir-192","2026-08-18T20:30:00Z",,,"needs_review","regular = the published TÜBER Ek 2.3.1 standard portion for ""Karpuz"" (150 g). | small = APP-DERIVED from regular using portion policy portion-policy-v2 (category vegetable_raw), rounded to 10 g steps. This is a product reference size, NOT a value published by TÜBER. | large = APP-DERIVED from regular using portion policy portion-policy-v2 (category vegetable_raw), rounded to 10 g steps. This is a product reference size, NOT a value published by TÜBER. | Composition is the published TürKomp per-100 g record 08.01.0031; no scaling applied."
,"Karpuz, çekirdekli, Diyarbakır",,"karpuz-cekirdekli-diyarbakir",,"regular","150.0",,"food-portions/karpuz-cekirdekli-diyarbakir/karpuz-cekirdekli-diyarbakir--regular--150g.webp","Photorealistic overhead food reference photograph of Karpuz, çekirdekli, Diyarbakır, representing the REGULAR controlled portion of 150 grams. Served on the exact same matte white plate used across the three portion variants. Fixed 85-degree overhead camera, fixed camera distance, neutral light stone tabletop, soft diffused daylight, natural appetizing food color, realistic household serving, entire plate visible, centered composition, no utensils, no hands, no napkin, no packaging, no logo, no text, no watermark, no decorative garnish unless part of the canonical recipe, no dramatic restaurant styling, no hard shadows. Only the amount of food should differ between portion variants. Square 1:1 composition, sRGB, production-quality mobile nutrition tracking reference image.","All three variants of Karpuz, çekirdekli, Diyarbakır are the same scene, re-shot with a different amount of food. Identical across small/regular/large: the matte white plate and its diameter, the 85-degree overhead camera angle, the camera distance, the neutral light stone tabletop, the soft diffused daylight, the white balance, and the framing. The plate diameter is identical in all three renders; only the area, height and realistic volume of the food change. The food keeps the same color, cut and cooking state. Nothing is added or removed between variants — no sauce, oil, herb or side item appears in one variant and not another. Portion weights are 100 g / 150 g / 230 g and must read as visibly increasing at a 120-160 px thumbnail size. No weight, number or label may appear in the image itself.","TürKomp — Ulusal Gıda Kompozisyon Veri Tabanı","08.01.0031",,,,,,,"missing","","TÜBER 2022 Ek 2.3.1 — Besinlerin standart porsiyonlarının enerji ve besin ögesi içerikleri","Karpuz","https://hsgm.saglik.gov.tr/depo/birimler/saglikli-beslenme-ve-hareketli-hayat-db/Dokumanlar/Rehberler/Turkiye_Beslenme_Rehber_TUBER_2022_min.pdf","TÜBER 2022 (baskı tarihi 2023-08-08)","Ek 2.3.1 (s.283-284)","https://turkomp.tarimorman.gov.tr/food-karpuz-cekirdekli-diyarbakir-192","2026-08-18T20:30:00Z",,,"needs_review","regular = the published TÜBER Ek 2.3.1 standard portion for ""Karpuz"" (150 g). | small = APP-DERIVED from regular using portion policy portion-policy-v2 (category vegetable_raw), rounded to 10 g steps. This is a product reference size, NOT a value published by TÜBER. | large = APP-DERIVED from regular using portion policy portion-policy-v2 (category vegetable_raw), rounded to 10 g steps. This is a product reference size, NOT a value published by TÜBER. | Composition is the published TürKomp per-100 g record 08.01.0031; no scaling applied."
,"Karpuz, çekirdekli, Diyarbakır",,"karpuz-cekirdekli-diyarbakir",,"large","230.0",,"food-portions/karpuz-cekirdekli-diyarbakir/karpuz-cekirdekli-diyarbakir--large--230g.webp","Photorealistic overhead food reference photograph of Karpuz, çekirdekli, Diyarbakır, representing the LARGE controlled portion of 230 grams. Served on the exact same matte white plate used across the three portion variants. Fixed 85-degree overhead camera, fixed camera distance, neutral light stone tabletop, soft diffused daylight, natural appetizing food color, realistic household serving, entire plate visible, centered composition, no utensils, no hands, no napkin, no packaging, no logo, no text, no watermark, no decorative garnish unless part of the canonical recipe, no dramatic restaurant styling, no hard shadows. Only the amount of food should differ between portion variants. Square 1:1 composition, sRGB, production-quality mobile nutrition tracking reference image.","All three variants of Karpuz, çekirdekli, Diyarbakır are the same scene, re-shot with a different amount of food. Identical across small/regular/large: the matte white plate and its diameter, the 85-degree overhead camera angle, the camera distance, the neutral light stone tabletop, the soft diffused daylight, the white balance, and the framing. The plate diameter is identical in all three renders; only the area, height and realistic volume of the food change. The food keeps the same color, cut and cooking state. Nothing is added or removed between variants — no sauce, oil, herb or side item appears in one variant and not another. Portion weights are 100 g / 150 g / 230 g and must read as visibly increasing at a 120-160 px thumbnail size. No weight, number or label may appear in the image itself.","TürKomp — Ulusal Gıda Kompozisyon Veri Tabanı","08.01.0031",,,,,,,"missing","","TÜBER 2022 Ek 2.3.1 — Besinlerin standart porsiyonlarının enerji ve besin ögesi içerikleri","Karpuz","https://hsgm.saglik.gov.tr/depo/birimler/saglikli-beslenme-ve-hareketli-hayat-db/Dokumanlar/Rehberler/Turkiye_Beslenme_Rehber_TUBER_2022_min.pdf","TÜBER 2022 (baskı tarihi 2023-08-08)","Ek 2.3.1 (s.283-284)","https://turkomp.tarimorman.gov.tr/food-karpuz-cekirdekli-diyarbakir-192","2026-08-18T20:30:00Z",,,"needs_review","regular = the published TÜBER Ek 2.3.1 standard portion for ""Karpuz"" (150 g). | small = APP-DERIVED from regular using portion policy portion-policy-v2 (category vegetable_raw), rounded to 10 g steps. This is a product reference size, NOT a value published by TÜBER. | large = APP-DERIVED from regular using portion policy portion-policy-v2 (category vegetable_raw), rounded to 10 g steps. This is a product reference size, NOT a value published by TÜBER. | Composition is the published TürKomp per-100 g record 08.01.0031; no scaling applied."
,"Kavun, yazlık, çitili kavun, Kantalop",,"kavun-yazlik-citili-kavun-kantalop",,"small","100.0",,"food-portions/kavun-yazlik-citili-kavun-kantalop/kavun-yazlik-citili-kavun-kantalop--small--100g.webp","Photorealistic overhead food reference photograph of Kavun, yazlık, çitili kavun, Kantalop, representing the SMALL controlled portion of 100 grams. Served on the exact same matte white plate used across the three portion variants. Fixed 85-degree overhead camera, fixed camera distance, neutral light stone tabletop, soft diffused daylight, natural appetizing food color, realistic household serving, entire plate visible, centered composition, no utensils, no hands, no napkin, no packaging, no logo, no text, no watermark, no decorative garnish unless part of the canonical recipe, no dramatic restaurant styling, no hard shadows. Only the amount of food should differ between portion variants. Square 1:1 composition, sRGB, production-quality mobile nutrition tracking reference image.","All three variants of Kavun, yazlık, çitili kavun, Kantalop are the same scene, re-shot with a different amount of food. Identical across small/regular/large: the matte white plate and its diameter, the 85-degree overhead camera angle, the camera distance, the neutral light stone tabletop, the soft diffused daylight, the white balance, and the framing. The plate diameter is identical in all three renders; only the area, height and realistic volume of the food change. The food keeps the same color, cut and cooking state. Nothing is added or removed between variants — no sauce, oil, herb or side item appears in one variant and not another. Portion weights are 100 g / 150 g / 230 g and must read as visibly increasing at a 120-160 px thumbnail size. No weight, number or label may appear in the image itself.","TürKomp — Ulusal Gıda Kompozisyon Veri Tabanı","08.01.0033",,,,,,,"missing","","TÜBER 2022 Ek 2.3.1 — Besinlerin standart porsiyonlarının enerji ve besin ögesi içerikleri","Kavun","https://hsgm.saglik.gov.tr/depo/birimler/saglikli-beslenme-ve-hareketli-hayat-db/Dokumanlar/Rehberler/Turkiye_Beslenme_Rehber_TUBER_2022_min.pdf","TÜBER 2022 (baskı tarihi 2023-08-08)","Ek 2.3.1 (s.283-284)","https://turkomp.tarimorman.gov.tr/food-kavun-yazlik-citili-kavun-kantalop-195","2026-08-18T20:30:00Z",,,"needs_review","regular = the published TÜBER Ek 2.3.1 standard portion for ""Kavun"" (150 g). | small = APP-DERIVED from regular using portion policy portion-policy-v2 (category vegetable_raw), rounded to 10 g steps. This is a product reference size, NOT a value published by TÜBER. | large = APP-DERIVED from regular using portion policy portion-policy-v2 (category vegetable_raw), rounded to 10 g steps. This is a product reference size, NOT a value published by TÜBER. | Composition is the published TürKomp per-100 g record 08.01.0033; no scaling applied."
,"Kavun, yazlık, çitili kavun, Kantalop",,"kavun-yazlik-citili-kavun-kantalop",,"regular","150.0",,"food-portions/kavun-yazlik-citili-kavun-kantalop/kavun-yazlik-citili-kavun-kantalop--regular--150g.webp","Photorealistic overhead food reference photograph of Kavun, yazlık, çitili kavun, Kantalop, representing the REGULAR controlled portion of 150 grams. Served on the exact same matte white plate used across the three portion variants. Fixed 85-degree overhead camera, fixed camera distance, neutral light stone tabletop, soft diffused daylight, natural appetizing food color, realistic household serving, entire plate visible, centered composition, no utensils, no hands, no napkin, no packaging, no logo, no text, no watermark, no decorative garnish unless part of the canonical recipe, no dramatic restaurant styling, no hard shadows. Only the amount of food should differ between portion variants. Square 1:1 composition, sRGB, production-quality mobile nutrition tracking reference image.","All three variants of Kavun, yazlık, çitili kavun, Kantalop are the same scene, re-shot with a different amount of food. Identical across small/regular/large: the matte white plate and its diameter, the 85-degree overhead camera angle, the camera distance, the neutral light stone tabletop, the soft diffused daylight, the white balance, and the framing. The plate diameter is identical in all three renders; only the area, height and realistic volume of the food change. The food keeps the same color, cut and cooking state. Nothing is added or removed between variants — no sauce, oil, herb or side item appears in one variant and not another. Portion weights are 100 g / 150 g / 230 g and must read as visibly increasing at a 120-160 px thumbnail size. No weight, number or label may appear in the image itself.","TürKomp — Ulusal Gıda Kompozisyon Veri Tabanı","08.01.0033",,,,,,,"missing","","TÜBER 2022 Ek 2.3.1 — Besinlerin standart porsiyonlarının enerji ve besin ögesi içerikleri","Kavun","https://hsgm.saglik.gov.tr/depo/birimler/saglikli-beslenme-ve-hareketli-hayat-db/Dokumanlar/Rehberler/Turkiye_Beslenme_Rehber_TUBER_2022_min.pdf","TÜBER 2022 (baskı tarihi 2023-08-08)","Ek 2.3.1 (s.283-284)","https://turkomp.tarimorman.gov.tr/food-kavun-yazlik-citili-kavun-kantalop-195","2026-08-18T20:30:00Z",,,"needs_review","regular = the published TÜBER Ek 2.3.1 standard portion for ""Kavun"" (150 g). | small = APP-DERIVED from regular using portion policy portion-policy-v2 (category vegetable_raw), rounded to 10 g steps. This is a product reference size, NOT a value published by TÜBER. | large = APP-DERIVED from regular using portion policy portion-policy-v2 (category vegetable_raw), rounded to 10 g steps. This is a product reference size, NOT a value published by TÜBER. | Composition is the published TürKomp per-100 g record 08.01.0033; no scaling applied."
,"Kavun, yazlık, çitili kavun, Kantalop",,"kavun-yazlik-citili-kavun-kantalop",,"large","230.0",,"food-portions/kavun-yazlik-citili-kavun-kantalop/kavun-yazlik-citili-kavun-kantalop--large--230g.webp","Photorealistic overhead food reference photograph of Kavun, yazlık, çitili kavun, Kantalop, representing the LARGE controlled portion of 230 grams. Served on the exact same matte white plate used across the three portion variants. Fixed 85-degree overhead camera, fixed camera distance, neutral light stone tabletop, soft diffused daylight, natural appetizing food color, realistic household serving, entire plate visible, centered composition, no utensils, no hands, no napkin, no packaging, no logo, no text, no watermark, no decorative garnish unless part of the canonical recipe, no dramatic restaurant styling, no hard shadows. Only the amount of food should differ between portion variants. Square 1:1 composition, sRGB, production-quality mobile nutrition tracking reference image.","All three variants of Kavun, yazlık, çitili kavun, Kantalop are the same scene, re-shot with a different amount of food. Identical across small/regular/large: the matte white plate and its diameter, the 85-degree overhead camera angle, the camera distance, the neutral light stone tabletop, the soft diffused daylight, the white balance, and the framing. The plate diameter is identical in all three renders; only the area, height and realistic volume of the food change. The food keeps the same color, cut and cooking state. Nothing is added or removed between variants — no sauce, oil, herb or side item appears in one variant and not another. Portion weights are 100 g / 150 g / 230 g and must read as visibly increasing at a 120-160 px thumbnail size. No weight, number or label may appear in the image itself.","TürKomp — Ulusal Gıda Kompozisyon Veri Tabanı","08.01.0033",,,,,,,"missing","","TÜBER 2022 Ek 2.3.1 — Besinlerin standart porsiyonlarının enerji ve besin ögesi içerikleri","Kavun","https://hsgm.saglik.gov.tr/depo/birimler/saglikli-beslenme-ve-hareketli-hayat-db/Dokumanlar/Rehberler/Turkiye_Beslenme_Rehber_TUBER_2022_min.pdf","TÜBER 2022 (baskı tarihi 2023-08-08)","Ek 2.3.1 (s.283-284)","https://turkomp.tarimorman.gov.tr/food-kavun-yazlik-citili-kavun-kantalop-195","2026-08-18T20:30:00Z",,,"needs_review","regular = the published TÜBER Ek 2.3.1 standard portion for ""Kavun"" (150 g). | small = APP-DERIVED from regular using portion policy portion-policy-v2 (category vegetable_raw), rounded to 10 g steps. This is a product reference size, NOT a value published by TÜBER. | large = APP-DERIVED from regular using portion policy portion-policy-v2 (category vegetable_raw), rounded to 10 g steps. This is a product reference size, NOT a value published by TÜBER. | Composition is the published TürKomp per-100 g record 08.01.0033; no scaling applied."
,"Lahana, beyaz, baş",,"lahana-beyaz-bas",,"small","50.0",,"food-portions/lahana-beyaz-bas/lahana-beyaz-bas--small--50g.webp","Photorealistic overhead food reference photograph of Lahana, beyaz, baş, representing the SMALL controlled portion of 50 grams. Served on the exact same matte white plate used across the three portion variants. Fixed 85-degree overhead camera, fixed camera distance, neutral light stone tabletop, soft diffused daylight, natural appetizing food color, realistic household serving, entire plate visible, centered composition, no utensils, no hands, no napkin, no packaging, no logo, no text, no watermark, no decorative garnish unless part of the canonical recipe, no dramatic restaurant styling, no hard shadows. Only the amount of food should differ between portion variants. Square 1:1 composition, sRGB, production-quality mobile nutrition tracking reference image.","All three variants of Lahana, beyaz, baş are the same scene, re-shot with a different amount of food. Identical across small/regular/large: the matte white plate and its diameter, the 85-degree overhead camera angle, the camera distance, the neutral light stone tabletop, the soft diffused daylight, the white balance, and the framing. The plate diameter is identical in all three renders; only the area, height and realistic volume of the food change. The food keeps the same color, cut and cooking state. Nothing is added or removed between variants — no sauce, oil, herb or side item appears in one variant and not another. Portion weights are 50 g / 80 g / 120 g and must read as visibly increasing at a 120-160 px thumbnail size. No weight, number or label may appear in the image itself.","TürKomp — Ulusal Gıda Kompozisyon Veri Tabanı","08.01.0037",,,,,,,"missing","","TÜBER 2022 Ek 2.3.1 — Besinlerin standart porsiyonlarının enerji ve besin ögesi içerikleri","Beyaz lahana","https://hsgm.saglik.gov.tr/depo/birimler/saglikli-beslenme-ve-hareketli-hayat-db/Dokumanlar/Rehberler/Turkiye_Beslenme_Rehber_TUBER_2022_min.pdf","TÜBER 2022 (baskı tarihi 2023-08-08)","Ek 2.3.1 (s.283-284)","https://turkomp.tarimorman.gov.tr/food-lahana-beyaz-bas-244","2026-08-18T20:30:00Z",,,"needs_review","regular = the published TÜBER Ek 2.3.1 standard portion for ""Beyaz lahana"" (75 g). | small = APP-DERIVED from regular using portion policy portion-policy-v2 (category vegetable_raw), rounded to 10 g steps. This is a product reference size, NOT a value published by TÜBER. | large = APP-DERIVED from regular using portion policy portion-policy-v2 (category vegetable_raw), rounded to 10 g steps. This is a product reference size, NOT a value published by TÜBER. | Composition is the published TürKomp per-100 g record 08.01.0037; no scaling applied."
,"Lahana, beyaz, baş",,"lahana-beyaz-bas",,"regular","80.0",,"food-portions/lahana-beyaz-bas/lahana-beyaz-bas--regular--80g.webp","Photorealistic overhead food reference photograph of Lahana, beyaz, baş, representing the REGULAR controlled portion of 80 grams. Served on the exact same matte white plate used across the three portion variants. Fixed 85-degree overhead camera, fixed camera distance, neutral light stone tabletop, soft diffused daylight, natural appetizing food color, realistic household serving, entire plate visible, centered composition, no utensils, no hands, no napkin, no packaging, no logo, no text, no watermark, no decorative garnish unless part of the canonical recipe, no dramatic restaurant styling, no hard shadows. Only the amount of food should differ between portion variants. Square 1:1 composition, sRGB, production-quality mobile nutrition tracking reference image.","All three variants of Lahana, beyaz, baş are the same scene, re-shot with a different amount of food. Identical across small/regular/large: the matte white plate and its diameter, the 85-degree overhead camera angle, the camera distance, the neutral light stone tabletop, the soft diffused daylight, the white balance, and the framing. The plate diameter is identical in all three renders; only the area, height and realistic volume of the food change. The food keeps the same color, cut and cooking state. Nothing is added or removed between variants — no sauce, oil, herb or side item appears in one variant and not another. Portion weights are 50 g / 80 g / 120 g and must read as visibly increasing at a 120-160 px thumbnail size. No weight, number or label may appear in the image itself.","TürKomp — Ulusal Gıda Kompozisyon Veri Tabanı","08.01.0037",,,,,,,"missing","","TÜBER 2022 Ek 2.3.1 — Besinlerin standart porsiyonlarının enerji ve besin ögesi içerikleri","Beyaz lahana","https://hsgm.saglik.gov.tr/depo/birimler/saglikli-beslenme-ve-hareketli-hayat-db/Dokumanlar/Rehberler/Turkiye_Beslenme_Rehber_TUBER_2022_min.pdf","TÜBER 2022 (baskı tarihi 2023-08-08)","Ek 2.3.1 (s.283-284)","https://turkomp.tarimorman.gov.tr/food-lahana-beyaz-bas-244","2026-08-18T20:30:00Z",,,"needs_review","regular = the published TÜBER Ek 2.3.1 standard portion for ""Beyaz lahana"" (75 g). | small = APP-DERIVED from regular using portion policy portion-policy-v2 (category vegetable_raw), rounded to 10 g steps. This is a product reference size, NOT a value published by TÜBER. | large = APP-DERIVED from regular using portion policy portion-policy-v2 (category vegetable_raw), rounded to 10 g steps. This is a product reference size, NOT a value published by TÜBER. | Composition is the published TürKomp per-100 g record 08.01.0037; no scaling applied."
,"Lahana, beyaz, baş",,"lahana-beyaz-bas",,"large","120.0",,"food-portions/lahana-beyaz-bas/lahana-beyaz-bas--large--120g.webp","Photorealistic overhead food reference photograph of Lahana, beyaz, baş, representing the LARGE controlled portion of 120 grams. Served on the exact same matte white plate used across the three portion variants. Fixed 85-degree overhead camera, fixed camera distance, neutral light stone tabletop, soft diffused daylight, natural appetizing food color, realistic household serving, entire plate visible, centered composition, no utensils, no hands, no napkin, no packaging, no logo, no text, no watermark, no decorative garnish unless part of the canonical recipe, no dramatic restaurant styling, no hard shadows. Only the amount of food should differ between portion variants. Square 1:1 composition, sRGB, production-quality mobile nutrition tracking reference image.","All three variants of Lahana, beyaz, baş are the same scene, re-shot with a different amount of food. Identical across small/regular/large: the matte white plate and its diameter, the 85-degree overhead camera angle, the camera distance, the neutral light stone tabletop, the soft diffused daylight, the white balance, and the framing. The plate diameter is identical in all three renders; only the area, height and realistic volume of the food change. The food keeps the same color, cut and cooking state. Nothing is added or removed between variants — no sauce, oil, herb or side item appears in one variant and not another. Portion weights are 50 g / 80 g / 120 g and must read as visibly increasing at a 120-160 px thumbnail size. No weight, number or label may appear in the image itself.","TürKomp — Ulusal Gıda Kompozisyon Veri Tabanı","08.01.0037",,,,,,,"missing","","TÜBER 2022 Ek 2.3.1 — Besinlerin standart porsiyonlarının enerji ve besin ögesi içerikleri","Beyaz lahana","https://hsgm.saglik.gov.tr/depo/birimler/saglikli-beslenme-ve-hareketli-hayat-db/Dokumanlar/Rehberler/Turkiye_Beslenme_Rehber_TUBER_2022_min.pdf","TÜBER 2022 (baskı tarihi 2023-08-08)","Ek 2.3.1 (s.283-284)","https://turkomp.tarimorman.gov.tr/food-lahana-beyaz-bas-244","2026-08-18T20:30:00Z",,,"needs_review","regular = the published TÜBER Ek 2.3.1 standard portion for ""Beyaz lahana"" (75 g). | small = APP-DERIVED from regular using portion policy portion-policy-v2 (category vegetable_raw), rounded to 10 g steps. This is a product reference size, NOT a value published by TÜBER. | large = APP-DERIVED from regular using portion policy portion-policy-v2 (category vegetable_raw), rounded to 10 g steps. This is a product reference size, NOT a value published by TÜBER. | Composition is the published TürKomp per-100 g record 08.01.0037; no scaling applied."
,"Marul, baş salata, Iceberg",,"marul-bas-salata-iceberg",,"small","50.0",,"food-portions/marul-bas-salata-iceberg/marul-bas-salata-iceberg--small--50g.webp","Photorealistic overhead food reference photograph of Marul, baş salata, Iceberg, representing the SMALL controlled portion of 50 grams. Served on the exact same matte white plate used across the three portion variants. Fixed 85-degree overhead camera, fixed camera distance, neutral light stone tabletop, soft diffused daylight, natural appetizing food color, realistic household serving, entire plate visible, centered composition, no utensils, no hands, no napkin, no packaging, no logo, no text, no watermark, no decorative garnish unless part of the canonical recipe, no dramatic restaurant styling, no hard shadows. Only the amount of food should differ between portion variants. Square 1:1 composition, sRGB, production-quality mobile nutrition tracking reference image.","All three variants of Marul, baş salata, Iceberg are the same scene, re-shot with a different amount of food. Identical across small/regular/large: the matte white plate and its diameter, the 85-degree overhead camera angle, the camera distance, the neutral light stone tabletop, the soft diffused daylight, the white balance, and the framing. The plate diameter is identical in all three renders; only the area, height and realistic volume of the food change. The food keeps the same color, cut and cooking state. Nothing is added or removed between variants — no sauce, oil, herb or side item appears in one variant and not another. Portion weights are 50 g / 80 g / 120 g and must read as visibly increasing at a 120-160 px thumbnail size. No weight, number or label may appear in the image itself.","TürKomp — Ulusal Gıda Kompozisyon Veri Tabanı","08.01.0042",,,,,,,"missing","","TÜBER 2022 Ek 2.3.1 — Besinlerin standart porsiyonlarının enerji ve besin ögesi içerikleri","Marul","https://hsgm.saglik.gov.tr/depo/birimler/saglikli-beslenme-ve-hareketli-hayat-db/Dokumanlar/Rehberler/Turkiye_Beslenme_Rehber_TUBER_2022_min.pdf","TÜBER 2022 (baskı tarihi 2023-08-08)","Ek 2.3.1 (s.283-284)","https://turkomp.tarimorman.gov.tr/food-marul-bas-salata-iceberg-240","2026-08-18T20:30:00Z",,,"needs_review","regular = the published TÜBER Ek 2.3.1 standard portion for ""Marul"" (75 g). | small = APP-DERIVED from regular using portion policy portion-policy-v2 (category vegetable_raw), rounded to 10 g steps. This is a product reference size, NOT a value published by TÜBER. | large = APP-DERIVED from regular using portion policy portion-policy-v2 (category vegetable_raw), rounded to 10 g steps. This is a product reference size, NOT a value published by TÜBER. | Composition is the published TürKomp per-100 g record 08.01.0042; no scaling applied."
,"Marul, baş salata, Iceberg",,"marul-bas-salata-iceberg",,"regular","80.0",,"food-portions/marul-bas-salata-iceberg/marul-bas-salata-iceberg--regular--80g.webp","Photorealistic overhead food reference photograph of Marul, baş salata, Iceberg, representing the REGULAR controlled portion of 80 grams. Served on the exact same matte white plate used across the three portion variants. Fixed 85-degree overhead camera, fixed camera distance, neutral light stone tabletop, soft diffused daylight, natural appetizing food color, realistic household serving, entire plate visible, centered composition, no utensils, no hands, no napkin, no packaging, no logo, no text, no watermark, no decorative garnish unless part of the canonical recipe, no dramatic restaurant styling, no hard shadows. Only the amount of food should differ between portion variants. Square 1:1 composition, sRGB, production-quality mobile nutrition tracking reference image.","All three variants of Marul, baş salata, Iceberg are the same scene, re-shot with a different amount of food. Identical across small/regular/large: the matte white plate and its diameter, the 85-degree overhead camera angle, the camera distance, the neutral light stone tabletop, the soft diffused daylight, the white balance, and the framing. The plate diameter is identical in all three renders; only the area, height and realistic volume of the food change. The food keeps the same color, cut and cooking state. Nothing is added or removed between variants — no sauce, oil, herb or side item appears in one variant and not another. Portion weights are 50 g / 80 g / 120 g and must read as visibly increasing at a 120-160 px thumbnail size. No weight, number or label may appear in the image itself.","TürKomp — Ulusal Gıda Kompozisyon Veri Tabanı","08.01.0042",,,,,,,"missing","","TÜBER 2022 Ek 2.3.1 — Besinlerin standart porsiyonlarının enerji ve besin ögesi içerikleri","Marul","https://hsgm.saglik.gov.tr/depo/birimler/saglikli-beslenme-ve-hareketli-hayat-db/Dokumanlar/Rehberler/Turkiye_Beslenme_Rehber_TUBER_2022_min.pdf","TÜBER 2022 (baskı tarihi 2023-08-08)","Ek 2.3.1 (s.283-284)","https://turkomp.tarimorman.gov.tr/food-marul-bas-salata-iceberg-240","2026-08-18T20:30:00Z",,,"needs_review","regular = the published TÜBER Ek 2.3.1 standard portion for ""Marul"" (75 g). | small = APP-DERIVED from regular using portion policy portion-policy-v2 (category vegetable_raw), rounded to 10 g steps. This is a product reference size, NOT a value published by TÜBER. | large = APP-DERIVED from regular using portion policy portion-policy-v2 (category vegetable_raw), rounded to 10 g steps. This is a product reference size, NOT a value published by TÜBER. | Composition is the published TürKomp per-100 g record 08.01.0042; no scaling applied."
,"Marul, baş salata, Iceberg",,"marul-bas-salata-iceberg",,"large","120.0",,"food-portions/marul-bas-salata-iceberg/marul-bas-salata-iceberg--large--120g.webp","Photorealistic overhead food reference photograph of Marul, baş salata, Iceberg, representing the LARGE controlled portion of 120 grams. Served on the exact same matte white plate used across the three portion variants. Fixed 85-degree overhead camera, fixed camera distance, neutral light stone tabletop, soft diffused daylight, natural appetizing food color, realistic household serving, entire plate visible, centered composition, no utensils, no hands, no napkin, no packaging, no logo, no text, no watermark, no decorative garnish unless part of the canonical recipe, no dramatic restaurant styling, no hard shadows. Only the amount of food should differ between portion variants. Square 1:1 composition, sRGB, production-quality mobile nutrition tracking reference image.","All three variants of Marul, baş salata, Iceberg are the same scene, re-shot with a different amount of food. Identical across small/regular/large: the matte white plate and its diameter, the 85-degree overhead camera angle, the camera distance, the neutral light stone tabletop, the soft diffused daylight, the white balance, and the framing. The plate diameter is identical in all three renders; only the area, height and realistic volume of the food change. The food keeps the same color, cut and cooking state. Nothing is added or removed between variants — no sauce, oil, herb or side item appears in one variant and not another. Portion weights are 50 g / 80 g / 120 g and must read as visibly increasing at a 120-160 px thumbnail size. No weight, number or label may appear in the image itself.","TürKomp — Ulusal Gıda Kompozisyon Veri Tabanı","08.01.0042",,,,,,,"missing","","TÜBER 2022 Ek 2.3.1 — Besinlerin standart porsiyonlarının enerji ve besin ögesi içerikleri","Marul","https://hsgm.saglik.gov.tr/depo/birimler/saglikli-beslenme-ve-hareketli-hayat-db/Dokumanlar/Rehberler/Turkiye_Beslenme_Rehber_TUBER_2022_min.pdf","TÜBER 2022 (baskı tarihi 2023-08-08)","Ek 2.3.1 (s.283-284)","https://turkomp.tarimorman.gov.tr/food-marul-bas-salata-iceberg-240","2026-08-18T20:30:00Z",,,"needs_review","regular = the published TÜBER Ek 2.3.1 standard portion for ""Marul"" (75 g). | small = APP-DERIVED from regular using portion policy portion-policy-v2 (category vegetable_raw), rounded to 10 g steps. This is a product reference size, NOT a value published by TÜBER. | large = APP-DERIVED from regular using portion policy portion-policy-v2 (category vegetable_raw), rounded to 10 g steps. This is a product reference size, NOT a value published by TÜBER. | Composition is the published TürKomp per-100 g record 08.01.0042; no scaling applied."
,"Marul, kıvırcık, salata",,"marul-kivircik-salata",,"small","50.0",,"food-portions/marul-kivircik-salata/marul-kivircik-salata--small--50g.webp","Photorealistic overhead food reference photograph of Marul, kıvırcık, salata, representing the SMALL controlled portion of 50 grams. Served on the exact same matte white plate used across the three portion variants. Fixed 85-degree overhead camera, fixed camera distance, neutral light stone tabletop, soft diffused daylight, natural appetizing food color, realistic household serving, entire plate visible, centered composition, no utensils, no hands, no napkin, no packaging, no logo, no text, no watermark, no decorative garnish unless part of the canonical recipe, no dramatic restaurant styling, no hard shadows. Only the amount of food should differ between portion variants. Square 1:1 composition, sRGB, production-quality mobile nutrition tracking reference image.","All three variants of Marul, kıvırcık, salata are the same scene, re-shot with a different amount of food. Identical across small/regular/large: the matte white plate and its diameter, the 85-degree overhead camera angle, the camera distance, the neutral light stone tabletop, the soft diffused daylight, the white balance, and the framing. The plate diameter is identical in all three renders; only the area, height and realistic volume of the food change. The food keeps the same color, cut and cooking state. Nothing is added or removed between variants — no sauce, oil, herb or side item appears in one variant and not another. Portion weights are 50 g / 80 g / 120 g and must read as visibly increasing at a 120-160 px thumbnail size. No weight, number or label may appear in the image itself.","TürKomp — Ulusal Gıda Kompozisyon Veri Tabanı","08.01.0043",,,,,,,"missing","","TÜBER 2022 Ek 2.3.1 — Besinlerin standart porsiyonlarının enerji ve besin ögesi içerikleri","Marul","https://hsgm.saglik.gov.tr/depo/birimler/saglikli-beslenme-ve-hareketli-hayat-db/Dokumanlar/Rehberler/Turkiye_Beslenme_Rehber_TUBER_2022_min.pdf","TÜBER 2022 (baskı tarihi 2023-08-08)","Ek 2.3.1 (s.283-284)","https://turkomp.tarimorman.gov.tr/food-marul-kivircik-salata-239","2026-08-18T20:30:00Z",,,"needs_review","regular = the published TÜBER Ek 2.3.1 standard portion for ""Marul"" (75 g). | small = APP-DERIVED from regular using portion policy portion-policy-v2 (category vegetable_raw), rounded to 10 g steps. This is a product reference size, NOT a value published by TÜBER. | large = APP-DERIVED from regular using portion policy portion-policy-v2 (category vegetable_raw), rounded to 10 g steps. This is a product reference size, NOT a value published by TÜBER. | Composition is the published TürKomp per-100 g record 08.01.0043; no scaling applied."
,"Marul, kıvırcık, salata",,"marul-kivircik-salata",,"regular","80.0",,"food-portions/marul-kivircik-salata/marul-kivircik-salata--regular--80g.webp","Photorealistic overhead food reference photograph of Marul, kıvırcık, salata, representing the REGULAR controlled portion of 80 grams. Served on the exact same matte white plate used across the three portion variants. Fixed 85-degree overhead camera, fixed camera distance, neutral light stone tabletop, soft diffused daylight, natural appetizing food color, realistic household serving, entire plate visible, centered composition, no utensils, no hands, no napkin, no packaging, no logo, no text, no watermark, no decorative garnish unless part of the canonical recipe, no dramatic restaurant styling, no hard shadows. Only the amount of food should differ between portion variants. Square 1:1 composition, sRGB, production-quality mobile nutrition tracking reference image.","All three variants of Marul, kıvırcık, salata are the same scene, re-shot with a different amount of food. Identical across small/regular/large: the matte white plate and its diameter, the 85-degree overhead camera angle, the camera distance, the neutral light stone tabletop, the soft diffused daylight, the white balance, and the framing. The plate diameter is identical in all three renders; only the area, height and realistic volume of the food change. The food keeps the same color, cut and cooking state. Nothing is added or removed between variants — no sauce, oil, herb or side item appears in one variant and not another. Portion weights are 50 g / 80 g / 120 g and must read as visibly increasing at a 120-160 px thumbnail size. No weight, number or label may appear in the image itself.","TürKomp — Ulusal Gıda Kompozisyon Veri Tabanı","08.01.0043",,,,,,,"missing","","TÜBER 2022 Ek 2.3.1 — Besinlerin standart porsiyonlarının enerji ve besin ögesi içerikleri","Marul","https://hsgm.saglik.gov.tr/depo/birimler/saglikli-beslenme-ve-hareketli-hayat-db/Dokumanlar/Rehberler/Turkiye_Beslenme_Rehber_TUBER_2022_min.pdf","TÜBER 2022 (baskı tarihi 2023-08-08)","Ek 2.3.1 (s.283-284)","https://turkomp.tarimorman.gov.tr/food-marul-kivircik-salata-239","2026-08-18T20:30:00Z",,,"needs_review","regular = the published TÜBER Ek 2.3.1 standard portion for ""Marul"" (75 g). | small = APP-DERIVED from regular using portion policy portion-policy-v2 (category vegetable_raw), rounded to 10 g steps. This is a product reference size, NOT a value published by TÜBER. | large = APP-DERIVED from regular using portion policy portion-policy-v2 (category vegetable_raw), rounded to 10 g steps. This is a product reference size, NOT a value published by TÜBER. | Composition is the published TürKomp per-100 g record 08.01.0043; no scaling applied."
,"Marul, kıvırcık, salata",,"marul-kivircik-salata",,"large","120.0",,"food-portions/marul-kivircik-salata/marul-kivircik-salata--large--120g.webp","Photorealistic overhead food reference photograph of Marul, kıvırcık, salata, representing the LARGE controlled portion of 120 grams. Served on the exact same matte white plate used across the three portion variants. Fixed 85-degree overhead camera, fixed camera distance, neutral light stone tabletop, soft diffused daylight, natural appetizing food color, realistic household serving, entire plate visible, centered composition, no utensils, no hands, no napkin, no packaging, no logo, no text, no watermark, no decorative garnish unless part of the canonical recipe, no dramatic restaurant styling, no hard shadows. Only the amount of food should differ between portion variants. Square 1:1 composition, sRGB, production-quality mobile nutrition tracking reference image.","All three variants of Marul, kıvırcık, salata are the same scene, re-shot with a different amount of food. Identical across small/regular/large: the matte white plate and its diameter, the 85-degree overhead camera angle, the camera distance, the neutral light stone tabletop, the soft diffused daylight, the white balance, and the framing. The plate diameter is identical in all three renders; only the area, height and realistic volume of the food change. The food keeps the same color, cut and cooking state. Nothing is added or removed between variants — no sauce, oil, herb or side item appears in one variant and not another. Portion weights are 50 g / 80 g / 120 g and must read as visibly increasing at a 120-160 px thumbnail size. No weight, number or label may appear in the image itself.","TürKomp — Ulusal Gıda Kompozisyon Veri Tabanı","08.01.0043",,,,,,,"missing","","TÜBER 2022 Ek 2.3.1 — Besinlerin standart porsiyonlarının enerji ve besin ögesi içerikleri","Marul","https://hsgm.saglik.gov.tr/depo/birimler/saglikli-beslenme-ve-hareketli-hayat-db/Dokumanlar/Rehberler/Turkiye_Beslenme_Rehber_TUBER_2022_min.pdf","TÜBER 2022 (baskı tarihi 2023-08-08)","Ek 2.3.1 (s.283-284)","https://turkomp.tarimorman.gov.tr/food-marul-kivircik-salata-239","2026-08-18T20:30:00Z",,,"needs_review","regular = the published TÜBER Ek 2.3.1 standard portion for ""Marul"" (75 g). | small = APP-DERIVED from regular using portion policy portion-policy-v2 (category vegetable_raw), rounded to 10 g steps. This is a product reference size, NOT a value published by TÜBER. | large = APP-DERIVED from regular using portion policy portion-policy-v2 (category vegetable_raw), rounded to 10 g steps. This is a product reference size, NOT a value published by TÜBER. | Composition is the published TürKomp per-100 g record 08.01.0043; no scaling applied."
,,,"biber-kirmizi-acili-pul",,"small",,,,,,,,,,,,,,"missing",,,,,,,,,,,"blocked",""
,,,"biber-kirmizi-acili-pul",,"regular",,,,,,,,,,,,,,"missing",,,,,,,,,,,"blocked",""
,,,"biber-kirmizi-acili-pul",,"large",,,,,,,,,,,,,,"missing",,,,,,,,,,,"blocked",""
,"Armut, yazlık, Santa Maria çeşidi",,"armut-yazlik-santa-maria-cesidi",,"small","75.0",,"food-portions/armut-yazlik-santa-maria-cesidi/armut-yazlik-santa-maria-cesidi--small--75g.webp","Photorealistic overhead food reference photograph of Armut, yazlık, Santa Maria çeşidi, representing the SMALL controlled portion of 75 grams. Served on the exact same matte white plate used across the three portion variants. Fixed 85-degree overhead camera, fixed camera distance, neutral light stone tabletop, soft diffused daylight, natural appetizing food color, realistic household serving, entire plate visible, centered composition, no utensils, no hands, no napkin, no packaging, no logo, no text, no watermark, no decorative garnish unless part of the canonical recipe, no dramatic restaurant styling, no hard shadows. Only the amount of food should differ between portion variants. Square 1:1 composition, sRGB, production-quality mobile nutrition tracking reference image.","All three variants of Armut, yazlık, Santa Maria çeşidi are the same scene, re-shot with a different amount of food. Identical across small/regular/large: the matte white plate and its diameter, the 85-degree overhead camera angle, the camera distance, the neutral light stone tabletop, the soft diffused daylight, the white balance, and the framing. The plate diameter is identical in all three renders; only the area, height and realistic volume of the food change. The food keeps the same color, cut and cooking state. Nothing is added or removed between variants — no sauce, oil, herb or side item appears in one variant and not another. Portion weights are 75 g / 150 g / 300 g and must read as visibly increasing at a 120-160 px thumbnail size. No weight, number or label may appear in the image itself.","TürKomp — Ulusal Gıda Kompozisyon Veri Tabanı","09.01.0003",,,,,,,"missing","","TÜBER 2022 Ek 2.3.1 — Besinlerin standart porsiyonlarının enerji ve besin ögesi içerikleri","Armut","https://hsgm.saglik.gov.tr/depo/birimler/saglikli-beslenme-ve-hareketli-hayat-db/Dokumanlar/Rehberler/Turkiye_Beslenme_Rehber_TUBER_2022_min.pdf","TÜBER 2022 (baskı tarihi 2023-08-08)","Ek 2.3.1 (s.283-284)","https://turkomp.tarimorman.gov.tr/food-armut-yazlik-santa-maria-cesidi-358","2026-08-18T20:30:00Z",,,"needs_review","regular = the published TÜBER Ek 2.3.1 standard portion for ""Armut"" (150 g). | small = APP-DERIVED as 0.5x the published unit weight (portion policy portion-policy-v2, category fruit_whole). Discrete foods are counted in units, not scaled by a factor. This is a product reference size, NOT published by TÜBER. | large = APP-DERIVED as 2.0x the published unit weight (portion policy portion-policy-v2, category fruit_whole). Discrete foods are counted in units, not scaled by a factor. This is a product reference size, NOT published by TÜBER. | Composition is the published TürKomp per-100 g record 09.01.0003; no scaling applied."
,"Armut, yazlık, Santa Maria çeşidi",,"armut-yazlik-santa-maria-cesidi",,"regular","150.0",,"food-portions/armut-yazlik-santa-maria-cesidi/armut-yazlik-santa-maria-cesidi--regular--150g.webp","Photorealistic overhead food reference photograph of Armut, yazlık, Santa Maria çeşidi, representing the REGULAR controlled portion of 150 grams. Served on the exact same matte white plate used across the three portion variants. Fixed 85-degree overhead camera, fixed camera distance, neutral light stone tabletop, soft diffused daylight, natural appetizing food color, realistic household serving, entire plate visible, centered composition, no utensils, no hands, no napkin, no packaging, no logo, no text, no watermark, no decorative garnish unless part of the canonical recipe, no dramatic restaurant styling, no hard shadows. Only the amount of food should differ between portion variants. Square 1:1 composition, sRGB, production-quality mobile nutrition tracking reference image.","All three variants of Armut, yazlık, Santa Maria çeşidi are the same scene, re-shot with a different amount of food. Identical across small/regular/large: the matte white plate and its diameter, the 85-degree overhead camera angle, the camera distance, the neutral light stone tabletop, the soft diffused daylight, the white balance, and the framing. The plate diameter is identical in all three renders; only the area, height and realistic volume of the food change. The food keeps the same color, cut and cooking state. Nothing is added or removed between variants — no sauce, oil, herb or side item appears in one variant and not another. Portion weights are 75 g / 150 g / 300 g and must read as visibly increasing at a 120-160 px thumbnail size. No weight, number or label may appear in the image itself.","TürKomp — Ulusal Gıda Kompozisyon Veri Tabanı","09.01.0003",,,,,,,"missing","","TÜBER 2022 Ek 2.3.1 — Besinlerin standart porsiyonlarının enerji ve besin ögesi içerikleri","Armut","https://hsgm.saglik.gov.tr/depo/birimler/saglikli-beslenme-ve-hareketli-hayat-db/Dokumanlar/Rehberler/Turkiye_Beslenme_Rehber_TUBER_2022_min.pdf","TÜBER 2022 (baskı tarihi 2023-08-08)","Ek 2.3.1 (s.283-284)","https://turkomp.tarimorman.gov.tr/food-armut-yazlik-santa-maria-cesidi-358","2026-08-18T20:30:00Z",,,"needs_review","regular = the published TÜBER Ek 2.3.1 standard portion for ""Armut"" (150 g). | small = APP-DERIVED as 0.5x the published unit weight (portion policy portion-policy-v2, category fruit_whole). Discrete foods are counted in units, not scaled by a factor. This is a product reference size, NOT published by TÜBER. | large = APP-DERIVED as 2.0x the published unit weight (portion policy portion-policy-v2, category fruit_whole). Discrete foods are counted in units, not scaled by a factor. This is a product reference size, NOT published by TÜBER. | Composition is the published TürKomp per-100 g record 09.01.0003; no scaling applied."
,"Armut, yazlık, Santa Maria çeşidi",,"armut-yazlik-santa-maria-cesidi",,"large","300.0",,"food-portions/armut-yazlik-santa-maria-cesidi/armut-yazlik-santa-maria-cesidi--large--300g.webp","Photorealistic overhead food reference photograph of Armut, yazlık, Santa Maria çeşidi, representing the LARGE controlled portion of 300 grams. Served on the exact same matte white plate used across the three portion variants. Fixed 85-degree overhead camera, fixed camera distance, neutral light stone tabletop, soft diffused daylight, natural appetizing food color, realistic household serving, entire plate visible, centered composition, no utensils, no hands, no napkin, no packaging, no logo, no text, no watermark, no decorative garnish unless part of the canonical recipe, no dramatic restaurant styling, no hard shadows. Only the amount of food should differ between portion variants. Square 1:1 composition, sRGB, production-quality mobile nutrition tracking reference image.","All three variants of Armut, yazlık, Santa Maria çeşidi are the same scene, re-shot with a different amount of food. Identical across small/regular/large: the matte white plate and its diameter, the 85-degree overhead camera angle, the camera distance, the neutral light stone tabletop, the soft diffused daylight, the white balance, and the framing. The plate diameter is identical in all three renders; only the area, height and realistic volume of the food change. The food keeps the same color, cut and cooking state. Nothing is added or removed between variants — no sauce, oil, herb or side item appears in one variant and not another. Portion weights are 75 g / 150 g / 300 g and must read as visibly increasing at a 120-160 px thumbnail size. No weight, number or label may appear in the image itself.","TürKomp — Ulusal Gıda Kompozisyon Veri Tabanı","09.01.0003",,,,,,,"missing","","TÜBER 2022 Ek 2.3.1 — Besinlerin standart porsiyonlarının enerji ve besin ögesi içerikleri","Armut","https://hsgm.saglik.gov.tr/depo/birimler/saglikli-beslenme-ve-hareketli-hayat-db/Dokumanlar/Rehberler/Turkiye_Beslenme_Rehber_TUBER_2022_min.pdf","TÜBER 2022 (baskı tarihi 2023-08-08)","Ek 2.3.1 (s.283-284)","https://turkomp.tarimorman.gov.tr/food-armut-yazlik-santa-maria-cesidi-358","2026-08-18T20:30:00Z",,,"needs_review","regular = the published TÜBER Ek 2.3.1 standard portion for ""Armut"" (150 g). | small = APP-DERIVED as 0.5x the published unit weight (portion policy portion-policy-v2, category fruit_whole). Discrete foods are counted in units, not scaled by a factor. This is a product reference size, NOT published by TÜBER. | large = APP-DERIVED as 2.0x the published unit weight (portion policy portion-policy-v2, category fruit_whole). Discrete foods are counted in units, not scaled by a factor. This is a product reference size, NOT published by TÜBER. | Composition is the published TürKomp per-100 g record 09.01.0003; no scaling applied."
,"Armut, kışlık, Deveci çeşidi",,"armut-kislik-deveci-cesidi",,"small","75.0",,"food-portions/armut-kislik-deveci-cesidi/armut-kislik-deveci-cesidi--small--75g.webp","Photorealistic overhead food reference photograph of Armut, kışlık, Deveci çeşidi, representing the SMALL controlled portion of 75 grams. Served on the exact same matte white plate used across the three portion variants. Fixed 85-degree overhead camera, fixed camera distance, neutral light stone tabletop, soft diffused daylight, natural appetizing food color, realistic household serving, entire plate visible, centered composition, no utensils, no hands, no napkin, no packaging, no logo, no text, no watermark, no decorative garnish unless part of the canonical recipe, no dramatic restaurant styling, no hard shadows. Only the amount of food should differ between portion variants. Square 1:1 composition, sRGB, production-quality mobile nutrition tracking reference image.","All three variants of Armut, kışlık, Deveci çeşidi are the same scene, re-shot with a different amount of food. Identical across small/regular/large: the matte white plate and its diameter, the 85-degree overhead camera angle, the camera distance, the neutral light stone tabletop, the soft diffused daylight, the white balance, and the framing. The plate diameter is identical in all three renders; only the area, height and realistic volume of the food change. The food keeps the same color, cut and cooking state. Nothing is added or removed between variants — no sauce, oil, herb or side item appears in one variant and not another. Portion weights are 75 g / 150 g / 300 g and must read as visibly increasing at a 120-160 px thumbnail size. No weight, number or label may appear in the image itself.","TürKomp — Ulusal Gıda Kompozisyon Veri Tabanı","09.01.0004",,,,,,,"missing","","TÜBER 2022 Ek 2.3.1 — Besinlerin standart porsiyonlarının enerji ve besin ögesi içerikleri","Armut","https://hsgm.saglik.gov.tr/depo/birimler/saglikli-beslenme-ve-hareketli-hayat-db/Dokumanlar/Rehberler/Turkiye_Beslenme_Rehber_TUBER_2022_min.pdf","TÜBER 2022 (baskı tarihi 2023-08-08)","Ek 2.3.1 (s.283-284)","https://turkomp.tarimorman.gov.tr/food-armut-kislik-deveci-cesidi-357","2026-08-18T20:30:00Z",,,"needs_review","regular = the published TÜBER Ek 2.3.1 standard portion for ""Armut"" (150 g). | small = APP-DERIVED as 0.5x the published unit weight (portion policy portion-policy-v2, category fruit_whole). Discrete foods are counted in units, not scaled by a factor. This is a product reference size, NOT published by TÜBER. | large = APP-DERIVED as 2.0x the published unit weight (portion policy portion-policy-v2, category fruit_whole). Discrete foods are counted in units, not scaled by a factor. This is a product reference size, NOT published by TÜBER. | Composition is the published TürKomp per-100 g record 09.01.0004; no scaling applied."
,"Armut, kışlık, Deveci çeşidi",,"armut-kislik-deveci-cesidi",,"regular","150.0",,"food-portions/armut-kislik-deveci-cesidi/armut-kislik-deveci-cesidi--regular--150g.webp","Photorealistic overhead food reference photograph of Armut, kışlık, Deveci çeşidi, representing the REGULAR controlled portion of 150 grams. Served on the exact same matte white plate used across the three portion variants. Fixed 85-degree overhead camera, fixed camera distance, neutral light stone tabletop, soft diffused daylight, natural appetizing food color, realistic household serving, entire plate visible, centered composition, no utensils, no hands, no napkin, no packaging, no logo, no text, no watermark, no decorative garnish unless part of the canonical recipe, no dramatic restaurant styling, no hard shadows. Only the amount of food should differ between portion variants. Square 1:1 composition, sRGB, production-quality mobile nutrition tracking reference image.","All three variants of Armut, kışlık, Deveci çeşidi are the same scene, re-shot with a different amount of food. Identical across small/regular/large: the matte white plate and its diameter, the 85-degree overhead camera angle, the camera distance, the neutral light stone tabletop, the soft diffused daylight, the white balance, and the framing. The plate diameter is identical in all three renders; only the area, height and realistic volume of the food change. The food keeps the same color, cut and cooking state. Nothing is added or removed between variants — no sauce, oil, herb or side item appears in one variant and not another. Portion weights are 75 g / 150 g / 300 g and must read as visibly increasing at a 120-160 px thumbnail size. No weight, number or label may appear in the image itself.","TürKomp — Ulusal Gıda Kompozisyon Veri Tabanı","09.01.0004",,,,,,,"missing","","TÜBER 2022 Ek 2.3.1 — Besinlerin standart porsiyonlarının enerji ve besin ögesi içerikleri","Armut","https://hsgm.saglik.gov.tr/depo/birimler/saglikli-beslenme-ve-hareketli-hayat-db/Dokumanlar/Rehberler/Turkiye_Beslenme_Rehber_TUBER_2022_min.pdf","TÜBER 2022 (baskı tarihi 2023-08-08)","Ek 2.3.1 (s.283-284)","https://turkomp.tarimorman.gov.tr/food-armut-kislik-deveci-cesidi-357","2026-08-18T20:30:00Z",,,"needs_review","regular = the published TÜBER Ek 2.3.1 standard portion for ""Armut"" (150 g). | small = APP-DERIVED as 0.5x the published unit weight (portion policy portion-policy-v2, category fruit_whole). Discrete foods are counted in units, not scaled by a factor. This is a product reference size, NOT published by TÜBER. | large = APP-DERIVED as 2.0x the published unit weight (portion policy portion-policy-v2, category fruit_whole). Discrete foods are counted in units, not scaled by a factor. This is a product reference size, NOT published by TÜBER. | Composition is the published TürKomp per-100 g record 09.01.0004; no scaling applied."
,"Armut, kışlık, Deveci çeşidi",,"armut-kislik-deveci-cesidi",,"large","300.0",,"food-portions/armut-kislik-deveci-cesidi/armut-kislik-deveci-cesidi--large--300g.webp","Photorealistic overhead food reference photograph of Armut, kışlık, Deveci çeşidi, representing the LARGE controlled portion of 300 grams. Served on the exact same matte white plate used across the three portion variants. Fixed 85-degree overhead camera, fixed camera distance, neutral light stone tabletop, soft diffused daylight, natural appetizing food color, realistic household serving, entire plate visible, centered composition, no utensils, no hands, no napkin, no packaging, no logo, no text, no watermark, no decorative garnish unless part of the canonical recipe, no dramatic restaurant styling, no hard shadows. Only the amount of food should differ between portion variants. Square 1:1 composition, sRGB, production-quality mobile nutrition tracking reference image.","All three variants of Armut, kışlık, Deveci çeşidi are the same scene, re-shot with a different amount of food. Identical across small/regular/large: the matte white plate and its diameter, the 85-degree overhead camera angle, the camera distance, the neutral light stone tabletop, the soft diffused daylight, the white balance, and the framing. The plate diameter is identical in all three renders; only the area, height and realistic volume of the food change. The food keeps the same color, cut and cooking state. Nothing is added or removed between variants — no sauce, oil, herb or side item appears in one variant and not another. Portion weights are 75 g / 150 g / 300 g and must read as visibly increasing at a 120-160 px thumbnail size. No weight, number or label may appear in the image itself.","TürKomp — Ulusal Gıda Kompozisyon Veri Tabanı","09.01.0004",,,,,,,"missing","","TÜBER 2022 Ek 2.3.1 — Besinlerin standart porsiyonlarının enerji ve besin ögesi içerikleri","Armut","https://hsgm.saglik.gov.tr/depo/birimler/saglikli-beslenme-ve-hareketli-hayat-db/Dokumanlar/Rehberler/Turkiye_Beslenme_Rehber_TUBER_2022_min.pdf","TÜBER 2022 (baskı tarihi 2023-08-08)","Ek 2.3.1 (s.283-284)","https://turkomp.tarimorman.gov.tr/food-armut-kislik-deveci-cesidi-357","2026-08-18T20:30:00Z",,,"needs_review","regular = the published TÜBER Ek 2.3.1 standard portion for ""Armut"" (150 g). | small = APP-DERIVED as 0.5x the published unit weight (portion policy portion-policy-v2, category fruit_whole). Discrete foods are counted in units, not scaled by a factor. This is a product reference size, NOT published by TÜBER. | large = APP-DERIVED as 2.0x the published unit weight (portion policy portion-policy-v2, category fruit_whole). Discrete foods are counted in units, not scaled by a factor. This is a product reference size, NOT published by TÜBER. | Composition is the published TürKomp per-100 g record 09.01.0004; no scaling applied."
,"Elma, yazlık, Gala çeşidi",,"elma-yazlik-gala-cesidi",,"small","75.0",,"food-portions/elma-yazlik-gala-cesidi/elma-yazlik-gala-cesidi--small--75g.webp","Photorealistic overhead food reference photograph of Elma, yazlık, Gala çeşidi, representing the SMALL controlled portion of 75 grams. Served on the exact same matte white plate used across the three portion variants. Fixed 85-degree overhead camera, fixed camera distance, neutral light stone tabletop, soft diffused daylight, natural appetizing food color, realistic household serving, entire plate visible, centered composition, no utensils, no hands, no napkin, no packaging, no logo, no text, no watermark, no decorative garnish unless part of the canonical recipe, no dramatic restaurant styling, no hard shadows. Only the amount of food should differ between portion variants. Square 1:1 composition, sRGB, production-quality mobile nutrition tracking reference image.","All three variants of Elma, yazlık, Gala çeşidi are the same scene, re-shot with a different amount of food. Identical across small/regular/large: the matte white plate and its diameter, the 85-degree overhead camera angle, the camera distance, the neutral light stone tabletop, the soft diffused daylight, the white balance, and the framing. The plate diameter is identical in all three renders; only the area, height and realistic volume of the food change. The food keeps the same color, cut and cooking state. Nothing is added or removed between variants — no sauce, oil, herb or side item appears in one variant and not another. Portion weights are 75 g / 150 g / 300 g and must read as visibly increasing at a 120-160 px thumbnail size. No weight, number or label may appear in the image itself.","TürKomp — Ulusal Gıda Kompozisyon Veri Tabanı","09.01.0015",,,,,,,"missing","","TÜBER 2022 Ek 2.3.1 — Besinlerin standart porsiyonlarının enerji ve besin ögesi içerikleri","Elma","https://hsgm.saglik.gov.tr/depo/birimler/saglikli-beslenme-ve-hareketli-hayat-db/Dokumanlar/Rehberler/Turkiye_Beslenme_Rehber_TUBER_2022_min.pdf","TÜBER 2022 (baskı tarihi 2023-08-08)","Ek 2.3.1 (s.283-284)","https://turkomp.tarimorman.gov.tr/food-elma-yazlik-gala-cesidi-332","2026-08-18T20:30:00Z",,,"needs_review","regular = the published TÜBER Ek 2.3.1 standard portion for ""Elma"" (150 g). | small = APP-DERIVED as 0.5x the published unit weight (portion policy portion-policy-v2, category fruit_whole). Discrete foods are counted in units, not scaled by a factor. This is a product reference size, NOT published by TÜBER. | large = APP-DERIVED as 2.0x the published unit weight (portion policy portion-policy-v2, category fruit_whole). Discrete foods are counted in units, not scaled by a factor. This is a product reference size, NOT published by TÜBER. | Composition is the published TürKomp per-100 g record 09.01.0015; no scaling applied."
,"Elma, yazlık, Gala çeşidi",,"elma-yazlik-gala-cesidi",,"regular","150.0",,"food-portions/elma-yazlik-gala-cesidi/elma-yazlik-gala-cesidi--regular--150g.webp","Photorealistic overhead food reference photograph of Elma, yazlık, Gala çeşidi, representing the REGULAR controlled portion of 150 grams. Served on the exact same matte white plate used across the three portion variants. Fixed 85-degree overhead camera, fixed camera distance, neutral light stone tabletop, soft diffused daylight, natural appetizing food color, realistic household serving, entire plate visible, centered composition, no utensils, no hands, no napkin, no packaging, no logo, no text, no watermark, no decorative garnish unless part of the canonical recipe, no dramatic restaurant styling, no hard shadows. Only the amount of food should differ between portion variants. Square 1:1 composition, sRGB, production-quality mobile nutrition tracking reference image.","All three variants of Elma, yazlık, Gala çeşidi are the same scene, re-shot with a different amount of food. Identical across small/regular/large: the matte white plate and its diameter, the 85-degree overhead camera angle, the camera distance, the neutral light stone tabletop, the soft diffused daylight, the white balance, and the framing. The plate diameter is identical in all three renders; only the area, height and realistic volume of the food change. The food keeps the same color, cut and cooking state. Nothing is added or removed between variants — no sauce, oil, herb or side item appears in one variant and not another. Portion weights are 75 g / 150 g / 300 g and must read as visibly increasing at a 120-160 px thumbnail size. No weight, number or label may appear in the image itself.","TürKomp — Ulusal Gıda Kompozisyon Veri Tabanı","09.01.0015",,,,,,,"missing","","TÜBER 2022 Ek 2.3.1 — Besinlerin standart porsiyonlarının enerji ve besin ögesi içerikleri","Elma","https://hsgm.saglik.gov.tr/depo/birimler/saglikli-beslenme-ve-hareketli-hayat-db/Dokumanlar/Rehberler/Turkiye_Beslenme_Rehber_TUBER_2022_min.pdf","TÜBER 2022 (baskı tarihi 2023-08-08)","Ek 2.3.1 (s.283-284)","https://turkomp.tarimorman.gov.tr/food-elma-yazlik-gala-cesidi-332","2026-08-18T20:30:00Z",,,"needs_review","regular = the published TÜBER Ek 2.3.1 standard portion for ""Elma"" (150 g). | small = APP-DERIVED as 0.5x the published unit weight (portion policy portion-policy-v2, category fruit_whole). Discrete foods are counted in units, not scaled by a factor. This is a product reference size, NOT published by TÜBER. | large = APP-DERIVED as 2.0x the published unit weight (portion policy portion-policy-v2, category fruit_whole). Discrete foods are counted in units, not scaled by a factor. This is a product reference size, NOT published by TÜBER. | Composition is the published TürKomp per-100 g record 09.01.0015; no scaling applied."
,"Elma, yazlık, Gala çeşidi",,"elma-yazlik-gala-cesidi",,"large","300.0",,"food-portions/elma-yazlik-gala-cesidi/elma-yazlik-gala-cesidi--large--300g.webp","Photorealistic overhead food reference photograph of Elma, yazlık, Gala çeşidi, representing the LARGE controlled portion of 300 grams. Served on the exact same matte white plate used across the three portion variants. Fixed 85-degree overhead camera, fixed camera distance, neutral light stone tabletop, soft diffused daylight, natural appetizing food color, realistic household serving, entire plate visible, centered composition, no utensils, no hands, no napkin, no packaging, no logo, no text, no watermark, no decorative garnish unless part of the canonical recipe, no dramatic restaurant styling, no hard shadows. Only the amount of food should differ between portion variants. Square 1:1 composition, sRGB, production-quality mobile nutrition tracking reference image.","All three variants of Elma, yazlık, Gala çeşidi are the same scene, re-shot with a different amount of food. Identical across small/regular/large: the matte white plate and its diameter, the 85-degree overhead camera angle, the camera distance, the neutral light stone tabletop, the soft diffused daylight, the white balance, and the framing. The plate diameter is identical in all three renders; only the area, height and realistic volume of the food change. The food keeps the same color, cut and cooking state. Nothing is added or removed between variants — no sauce, oil, herb or side item appears in one variant and not another. Portion weights are 75 g / 150 g / 300 g and must read as visibly increasing at a 120-160 px thumbnail size. No weight, number or label may appear in the image itself.","TürKomp — Ulusal Gıda Kompozisyon Veri Tabanı","09.01.0015",,,,,,,"missing","","TÜBER 2022 Ek 2.3.1 — Besinlerin standart porsiyonlarının enerji ve besin ögesi içerikleri","Elma","https://hsgm.saglik.gov.tr/depo/birimler/saglikli-beslenme-ve-hareketli-hayat-db/Dokumanlar/Rehberler/Turkiye_Beslenme_Rehber_TUBER_2022_min.pdf","TÜBER 2022 (baskı tarihi 2023-08-08)","Ek 2.3.1 (s.283-284)","https://turkomp.tarimorman.gov.tr/food-elma-yazlik-gala-cesidi-332","2026-08-18T20:30:00Z",,,"needs_review","regular = the published TÜBER Ek 2.3.1 standard portion for ""Elma"" (150 g). | small = APP-DERIVED as 0.5x the published unit weight (portion policy portion-policy-v2, category fruit_whole). Discrete foods are counted in units, not scaled by a factor. This is a product reference size, NOT published by TÜBER. | large = APP-DERIVED as 2.0x the published unit weight (portion policy portion-policy-v2, category fruit_whole). Discrete foods are counted in units, not scaled by a factor. This is a product reference size, NOT published by TÜBER. | Composition is the published TürKomp per-100 g record 09.01.0015; no scaling applied."
,"Erik, Avrupa erik Grubu, Stanley çeşidi",,"erik-avrupa-erik-grubu-stanley-cesidi",,"small","75.0",,"food-portions/erik-avrupa-erik-grubu-stanley-cesidi/erik-avrupa-erik-grubu-stanley-cesidi--small--75g.webp","Photorealistic overhead food reference photograph of Erik, Avrupa erik Grubu, Stanley çeşidi, representing the SMALL controlled portion of 75 grams. Served on the exact same matte white plate used across the three portion variants. Fixed 85-degree overhead camera, fixed camera distance, neutral light stone tabletop, soft diffused daylight, natural appetizing food color, realistic household serving, entire plate visible, centered composition, no utensils, no hands, no napkin, no packaging, no logo, no text, no watermark, no decorative garnish unless part of the canonical recipe, no dramatic restaurant styling, no hard shadows. Only the amount of food should differ between portion variants. Square 1:1 composition, sRGB, production-quality mobile nutrition tracking reference image.","All three variants of Erik, Avrupa erik Grubu, Stanley çeşidi are the same scene, re-shot with a different amount of food. Identical across small/regular/large: the matte white plate and its diameter, the 85-degree overhead camera angle, the camera distance, the neutral light stone tabletop, the soft diffused daylight, the white balance, and the framing. The plate diameter is identical in all three renders; only the area, height and realistic volume of the food change. The food keeps the same color, cut and cooking state. Nothing is added or removed between variants — no sauce, oil, herb or side item appears in one variant and not another. Portion weights are 75 g / 150 g / 300 g and must read as visibly increasing at a 120-160 px thumbnail size. No weight, number or label may appear in the image itself.","TürKomp — Ulusal Gıda Kompozisyon Veri Tabanı","09.01.0016",,,,,,,"missing","","TÜBER 2022 Ek 2.3.1 — Besinlerin standart porsiyonlarının enerji ve besin ögesi içerikleri","Erik","https://hsgm.saglik.gov.tr/depo/birimler/saglikli-beslenme-ve-hareketli-hayat-db/Dokumanlar/Rehberler/Turkiye_Beslenme_Rehber_TUBER_2022_min.pdf","TÜBER 2022 (baskı tarihi 2023-08-08)","Ek 2.3.1 (s.283-284)","https://turkomp.tarimorman.gov.tr/food-erik-avrupa-erik-grubu-stanley-cesidi-341","2026-08-18T20:30:00Z",,,"needs_review","regular = the published TÜBER Ek 2.3.1 standard portion for ""Erik"" (150 g). | small = APP-DERIVED as 0.5x the published unit weight (portion policy portion-policy-v2, category fruit_whole). Discrete foods are counted in units, not scaled by a factor. This is a product reference size, NOT published by TÜBER. | large = APP-DERIVED as 2.0x the published unit weight (portion policy portion-policy-v2, category fruit_whole). Discrete foods are counted in units, not scaled by a factor. This is a product reference size, NOT published by TÜBER. | Composition is the published TürKomp per-100 g record 09.01.0016; no scaling applied."
,"Erik, Avrupa erik Grubu, Stanley çeşidi",,"erik-avrupa-erik-grubu-stanley-cesidi",,"regular","150.0",,"food-portions/erik-avrupa-erik-grubu-stanley-cesidi/erik-avrupa-erik-grubu-stanley-cesidi--regular--150g.webp","Photorealistic overhead food reference photograph of Erik, Avrupa erik Grubu, Stanley çeşidi, representing the REGULAR controlled portion of 150 grams. Served on the exact same matte white plate used across the three portion variants. Fixed 85-degree overhead camera, fixed camera distance, neutral light stone tabletop, soft diffused daylight, natural appetizing food color, realistic household serving, entire plate visible, centered composition, no utensils, no hands, no napkin, no packaging, no logo, no text, no watermark, no decorative garnish unless part of the canonical recipe, no dramatic restaurant styling, no hard shadows. Only the amount of food should differ between portion variants. Square 1:1 composition, sRGB, production-quality mobile nutrition tracking reference image.","All three variants of Erik, Avrupa erik Grubu, Stanley çeşidi are the same scene, re-shot with a different amount of food. Identical across small/regular/large: the matte white plate and its diameter, the 85-degree overhead camera angle, the camera distance, the neutral light stone tabletop, the soft diffused daylight, the white balance, and the framing. The plate diameter is identical in all three renders; only the area, height and realistic volume of the food change. The food keeps the same color, cut and cooking state. Nothing is added or removed between variants — no sauce, oil, herb or side item appears in one variant and not another. Portion weights are 75 g / 150 g / 300 g and must read as visibly increasing at a 120-160 px thumbnail size. No weight, number or label may appear in the image itself.","TürKomp — Ulusal Gıda Kompozisyon Veri Tabanı","09.01.0016",,,,,,,"missing","","TÜBER 2022 Ek 2.3.1 — Besinlerin standart porsiyonlarının enerji ve besin ögesi içerikleri","Erik","https://hsgm.saglik.gov.tr/depo/birimler/saglikli-beslenme-ve-hareketli-hayat-db/Dokumanlar/Rehberler/Turkiye_Beslenme_Rehber_TUBER_2022_min.pdf","TÜBER 2022 (baskı tarihi 2023-08-08)","Ek 2.3.1 (s.283-284)","https://turkomp.tarimorman.gov.tr/food-erik-avrupa-erik-grubu-stanley-cesidi-341","2026-08-18T20:30:00Z",,,"needs_review","regular = the published TÜBER Ek 2.3.1 standard portion for ""Erik"" (150 g). | small = APP-DERIVED as 0.5x the published unit weight (portion policy portion-policy-v2, category fruit_whole). Discrete foods are counted in units, not scaled by a factor. This is a product reference size, NOT published by TÜBER. | large = APP-DERIVED as 2.0x the published unit weight (portion policy portion-policy-v2, category fruit_whole). Discrete foods are counted in units, not scaled by a factor. This is a product reference size, NOT published by TÜBER. | Composition is the published TürKomp per-100 g record 09.01.0016; no scaling applied."
,"Erik, Avrupa erik Grubu, Stanley çeşidi",,"erik-avrupa-erik-grubu-stanley-cesidi",,"large","300.0",,"food-portions/erik-avrupa-erik-grubu-stanley-cesidi/erik-avrupa-erik-grubu-stanley-cesidi--large--300g.webp","Photorealistic overhead food reference photograph of Erik, Avrupa erik Grubu, Stanley çeşidi, representing the LARGE controlled portion of 300 grams. Served on the exact same matte white plate used across the three portion variants. Fixed 85-degree overhead camera, fixed camera distance, neutral light stone tabletop, soft diffused daylight, natural appetizing food color, realistic household serving, entire plate visible, centered composition, no utensils, no hands, no napkin, no packaging, no logo, no text, no watermark, no decorative garnish unless part of the canonical recipe, no dramatic restaurant styling, no hard shadows. Only the amount of food should differ between portion variants. Square 1:1 composition, sRGB, production-quality mobile nutrition tracking reference image.","All three variants of Erik, Avrupa erik Grubu, Stanley çeşidi are the same scene, re-shot with a different amount of food. Identical across small/regular/large: the matte white plate and its diameter, the 85-degree overhead camera angle, the camera distance, the neutral light stone tabletop, the soft diffused daylight, the white balance, and the framing. The plate diameter is identical in all three renders; only the area, height and realistic volume of the food change. The food keeps the same color, cut and cooking state. Nothing is added or removed between variants — no sauce, oil, herb or side item appears in one variant and not another. Portion weights are 75 g / 150 g / 300 g and must read as visibly increasing at a 120-160 px thumbnail size. No weight, number or label may appear in the image itself.","TürKomp — Ulusal Gıda Kompozisyon Veri Tabanı","09.01.0016",,,,,,,"missing","","TÜBER 2022 Ek 2.3.1 — Besinlerin standart porsiyonlarının enerji ve besin ögesi içerikleri","Erik","https://hsgm.saglik.gov.tr/depo/birimler/saglikli-beslenme-ve-hareketli-hayat-db/Dokumanlar/Rehberler/Turkiye_Beslenme_Rehber_TUBER_2022_min.pdf","TÜBER 2022 (baskı tarihi 2023-08-08)","Ek 2.3.1 (s.283-284)","https://turkomp.tarimorman.gov.tr/food-erik-avrupa-erik-grubu-stanley-cesidi-341","2026-08-18T20:30:00Z",,,"needs_review","regular = the published TÜBER Ek 2.3.1 standard portion for ""Erik"" (150 g). | small = APP-DERIVED as 0.5x the published unit weight (portion policy portion-policy-v2, category fruit_whole). Discrete foods are counted in units, not scaled by a factor. This is a product reference size, NOT published by TÜBER. | large = APP-DERIVED as 2.0x the published unit weight (portion policy portion-policy-v2, category fruit_whole). Discrete foods are counted in units, not scaled by a factor. This is a product reference size, NOT published by TÜBER. | Composition is the published TürKomp per-100 g record 09.01.0016; no scaling applied."
,"Erik, Japon erik grubu, Black Amber çeşidi",,"erik-japon-erik-grubu-black-amber-cesidi",,"small","75.0",,"food-portions/erik-japon-erik-grubu-black-amber-cesidi/erik-japon-erik-grubu-black-amber-cesidi--small--75g.webp","Photorealistic overhead food reference photograph of Erik, Japon erik grubu, Black Amber çeşidi, representing the SMALL controlled portion of 75 grams. Served on the exact same matte white plate used across the three portion variants. Fixed 85-degree overhead camera, fixed camera distance, neutral light stone tabletop, soft diffused daylight, natural appetizing food color, realistic household serving, entire plate visible, centered composition, no utensils, no hands, no napkin, no packaging, no logo, no text, no watermark, no decorative garnish unless part of the canonical recipe, no dramatic restaurant styling, no hard shadows. Only the amount of food should differ between portion variants. Square 1:1 composition, sRGB, production-quality mobile nutrition tracking reference image.","All three variants of Erik, Japon erik grubu, Black Amber çeşidi are the same scene, re-shot with a different amount of food. Identical across small/regular/large: the matte white plate and its diameter, the 85-degree overhead camera angle, the camera distance, the neutral light stone tabletop, the soft diffused daylight, the white balance, and the framing. The plate diameter is identical in all three renders; only the area, height and realistic volume of the food change. The food keeps the same color, cut and cooking state. Nothing is added or removed between variants — no sauce, oil, herb or side item appears in one variant and not another. Portion weights are 75 g / 150 g / 300 g and must read as visibly increasing at a 120-160 px thumbnail size. No weight, number or label may appear in the image itself.","TürKomp — Ulusal Gıda Kompozisyon Veri Tabanı","09.01.0017",,,,,,,"missing","","TÜBER 2022 Ek 2.3.1 — Besinlerin standart porsiyonlarının enerji ve besin ögesi içerikleri","Erik","https://hsgm.saglik.gov.tr/depo/birimler/saglikli-beslenme-ve-hareketli-hayat-db/Dokumanlar/Rehberler/Turkiye_Beslenme_Rehber_TUBER_2022_min.pdf","TÜBER 2022 (baskı tarihi 2023-08-08)","Ek 2.3.1 (s.283-284)","https://turkomp.tarimorman.gov.tr/food-erik-japon-erik-grubu-black-amber-cesidi-340","2026-08-18T20:30:00Z",,,"needs_review","regular = the published TÜBER Ek 2.3.1 standard portion for ""Erik"" (150 g). | small = APP-DERIVED as 0.5x the published unit weight (portion policy portion-policy-v2, category fruit_whole). Discrete foods are counted in units, not scaled by a factor. This is a product reference size, NOT published by TÜBER. | large = APP-DERIVED as 2.0x the published unit weight (portion policy portion-policy-v2, category fruit_whole). Discrete foods are counted in units, not scaled by a factor. This is a product reference size, NOT published by TÜBER. | Composition is the published TürKomp per-100 g record 09.01.0017; no scaling applied."
,"Erik, Japon erik grubu, Black Amber çeşidi",,"erik-japon-erik-grubu-black-amber-cesidi",,"regular","150.0",,"food-portions/erik-japon-erik-grubu-black-amber-cesidi/erik-japon-erik-grubu-black-amber-cesidi--regular--150g.webp","Photorealistic overhead food reference photograph of Erik, Japon erik grubu, Black Amber çeşidi, representing the REGULAR controlled portion of 150 grams. Served on the exact same matte white plate used across the three portion variants. Fixed 85-degree overhead camera, fixed camera distance, neutral light stone tabletop, soft diffused daylight, natural appetizing food color, realistic household serving, entire plate visible, centered composition, no utensils, no hands, no napkin, no packaging, no logo, no text, no watermark, no decorative garnish unless part of the canonical recipe, no dramatic restaurant styling, no hard shadows. Only the amount of food should differ between portion variants. Square 1:1 composition, sRGB, production-quality mobile nutrition tracking reference image.","All three variants of Erik, Japon erik grubu, Black Amber çeşidi are the same scene, re-shot with a different amount of food. Identical across small/regular/large: the matte white plate and its diameter, the 85-degree overhead camera angle, the camera distance, the neutral light stone tabletop, the soft diffused daylight, the white balance, and the framing. The plate diameter is identical in all three renders; only the area, height and realistic volume of the food change. The food keeps the same color, cut and cooking state. Nothing is added or removed between variants — no sauce, oil, herb or side item appears in one variant and not another. Portion weights are 75 g / 150 g / 300 g and must read as visibly increasing at a 120-160 px thumbnail size. No weight, number or label may appear in the image itself.","TürKomp — Ulusal Gıda Kompozisyon Veri Tabanı","09.01.0017",,,,,,,"missing","","TÜBER 2022 Ek 2.3.1 — Besinlerin standart porsiyonlarının enerji ve besin ögesi içerikleri","Erik","https://hsgm.saglik.gov.tr/depo/birimler/saglikli-beslenme-ve-hareketli-hayat-db/Dokumanlar/Rehberler/Turkiye_Beslenme_Rehber_TUBER_2022_min.pdf","TÜBER 2022 (baskı tarihi 2023-08-08)","Ek 2.3.1 (s.283-284)","https://turkomp.tarimorman.gov.tr/food-erik-japon-erik-grubu-black-amber-cesidi-340","2026-08-18T20:30:00Z",,,"needs_review","regular = the published TÜBER Ek 2.3.1 standard portion for ""Erik"" (150 g). | small = APP-DERIVED as 0.5x the published unit weight (portion policy portion-policy-v2, category fruit_whole). Discrete foods are counted in units, not scaled by a factor. This is a product reference size, NOT published by TÜBER. | large = APP-DERIVED as 2.0x the published unit weight (portion policy portion-policy-v2, category fruit_whole). Discrete foods are counted in units, not scaled by a factor. This is a product reference size, NOT published by TÜBER. | Composition is the published TürKomp per-100 g record 09.01.0017; no scaling applied."
,"Erik, Japon erik grubu, Black Amber çeşidi",,"erik-japon-erik-grubu-black-amber-cesidi",,"large","300.0",,"food-portions/erik-japon-erik-grubu-black-amber-cesidi/erik-japon-erik-grubu-black-amber-cesidi--large--300g.webp","Photorealistic overhead food reference photograph of Erik, Japon erik grubu, Black Amber çeşidi, representing the LARGE controlled portion of 300 grams. Served on the exact same matte white plate used across the three portion variants. Fixed 85-degree overhead camera, fixed camera distance, neutral light stone tabletop, soft diffused daylight, natural appetizing food color, realistic household serving, entire plate visible, centered composition, no utensils, no hands, no napkin, no packaging, no logo, no text, no watermark, no decorative garnish unless part of the canonical recipe, no dramatic restaurant styling, no hard shadows. Only the amount of food should differ between portion variants. Square 1:1 composition, sRGB, production-quality mobile nutrition tracking reference image.","All three variants of Erik, Japon erik grubu, Black Amber çeşidi are the same scene, re-shot with a different amount of food. Identical across small/regular/large: the matte white plate and its diameter, the 85-degree overhead camera angle, the camera distance, the neutral light stone tabletop, the soft diffused daylight, the white balance, and the framing. The plate diameter is identical in all three renders; only the area, height and realistic volume of the food change. The food keeps the same color, cut and cooking state. Nothing is added or removed between variants — no sauce, oil, herb or side item appears in one variant and not another. Portion weights are 75 g / 150 g / 300 g and must read as visibly increasing at a 120-160 px thumbnail size. No weight, number or label may appear in the image itself.","TürKomp — Ulusal Gıda Kompozisyon Veri Tabanı","09.01.0017",,,,,,,"missing","","TÜBER 2022 Ek 2.3.1 — Besinlerin standart porsiyonlarının enerji ve besin ögesi içerikleri","Erik","https://hsgm.saglik.gov.tr/depo/birimler/saglikli-beslenme-ve-hareketli-hayat-db/Dokumanlar/Rehberler/Turkiye_Beslenme_Rehber_TUBER_2022_min.pdf","TÜBER 2022 (baskı tarihi 2023-08-08)","Ek 2.3.1 (s.283-284)","https://turkomp.tarimorman.gov.tr/food-erik-japon-erik-grubu-black-amber-cesidi-340","2026-08-18T20:30:00Z",,,"needs_review","regular = the published TÜBER Ek 2.3.1 standard portion for ""Erik"" (150 g). | small = APP-DERIVED as 0.5x the published unit weight (portion policy portion-policy-v2, category fruit_whole). Discrete foods are counted in units, not scaled by a factor. This is a product reference size, NOT published by TÜBER. | large = APP-DERIVED as 2.0x the published unit weight (portion policy portion-policy-v2, category fruit_whole). Discrete foods are counted in units, not scaled by a factor. This is a product reference size, NOT published by TÜBER. | Composition is the published TürKomp per-100 g record 09.01.0017; no scaling applied."
,"Kiraz, beyaz, Starks Gold çeşidi",,"kiraz-beyaz-starks-gold-cesidi",,"small","75.0",,"food-portions/kiraz-beyaz-starks-gold-cesidi/kiraz-beyaz-starks-gold-cesidi--small--75g.webp","Photorealistic overhead food reference photograph of Kiraz, beyaz, Starks Gold çeşidi, representing the SMALL controlled portion of 75 grams. Served on the exact same matte white plate used across the three portion variants. Fixed 85-degree overhead camera, fixed camera distance, neutral light stone tabletop, soft diffused daylight, natural appetizing food color, realistic household serving, entire plate visible, centered composition, no utensils, no hands, no napkin, no packaging, no logo, no text, no watermark, no decorative garnish unless part of the canonical recipe, no dramatic restaurant styling, no hard shadows. Only the amount of food should differ between portion variants. Square 1:1 composition, sRGB, production-quality mobile nutrition tracking reference image.","All three variants of Kiraz, beyaz, Starks Gold çeşidi are the same scene, re-shot with a different amount of food. Identical across small/regular/large: the matte white plate and its diameter, the 85-degree overhead camera angle, the camera distance, the neutral light stone tabletop, the soft diffused daylight, the white balance, and the framing. The plate diameter is identical in all three renders; only the area, height and realistic volume of the food change. The food keeps the same color, cut and cooking state. Nothing is added or removed between variants — no sauce, oil, herb or side item appears in one variant and not another. Portion weights are 75 g / 150 g / 300 g and must read as visibly increasing at a 120-160 px thumbnail size. No weight, number or label may appear in the image itself.","TürKomp — Ulusal Gıda Kompozisyon Veri Tabanı","09.01.0027",,,,,,,"missing","","TÜBER 2022 Ek 2.3.1 — Besinlerin standart porsiyonlarının enerji ve besin ögesi içerikleri","Kiraz","https://hsgm.saglik.gov.tr/depo/birimler/saglikli-beslenme-ve-hareketli-hayat-db/Dokumanlar/Rehberler/Turkiye_Beslenme_Rehber_TUBER_2022_min.pdf","TÜBER 2022 (baskı tarihi 2023-08-08)","Ek 2.3.1 (s.283-284)","https://turkomp.tarimorman.gov.tr/food-kiraz-beyaz-starks-gold-cesidi-339","2026-08-18T20:30:00Z",,,"needs_review","regular = the published TÜBER Ek 2.3.1 standard portion for ""Kiraz"" (150 g). | small = APP-DERIVED as 0.5x the published unit weight (portion policy portion-policy-v2, category fruit_whole). Discrete foods are counted in units, not scaled by a factor. This is a product reference size, NOT published by TÜBER. | large = APP-DERIVED as 2.0x the published unit weight (portion policy portion-policy-v2, category fruit_whole). Discrete foods are counted in units, not scaled by a factor. This is a product reference size, NOT published by TÜBER. | Composition is the published TürKomp per-100 g record 09.01.0027; no scaling applied."
,"Kiraz, beyaz, Starks Gold çeşidi",,"kiraz-beyaz-starks-gold-cesidi",,"regular","150.0",,"food-portions/kiraz-beyaz-starks-gold-cesidi/kiraz-beyaz-starks-gold-cesidi--regular--150g.webp","Photorealistic overhead food reference photograph of Kiraz, beyaz, Starks Gold çeşidi, representing the REGULAR controlled portion of 150 grams. Served on the exact same matte white plate used across the three portion variants. Fixed 85-degree overhead camera, fixed camera distance, neutral light stone tabletop, soft diffused daylight, natural appetizing food color, realistic household serving, entire plate visible, centered composition, no utensils, no hands, no napkin, no packaging, no logo, no text, no watermark, no decorative garnish unless part of the canonical recipe, no dramatic restaurant styling, no hard shadows. Only the amount of food should differ between portion variants. Square 1:1 composition, sRGB, production-quality mobile nutrition tracking reference image.","All three variants of Kiraz, beyaz, Starks Gold çeşidi are the same scene, re-shot with a different amount of food. Identical across small/regular/large: the matte white plate and its diameter, the 85-degree overhead camera angle, the camera distance, the neutral light stone tabletop, the soft diffused daylight, the white balance, and the framing. The plate diameter is identical in all three renders; only the area, height and realistic volume of the food change. The food keeps the same color, cut and cooking state. Nothing is added or removed between variants — no sauce, oil, herb or side item appears in one variant and not another. Portion weights are 75 g / 150 g / 300 g and must read as visibly increasing at a 120-160 px thumbnail size. No weight, number or label may appear in the image itself.","TürKomp — Ulusal Gıda Kompozisyon Veri Tabanı","09.01.0027",,,,,,,"missing","","TÜBER 2022 Ek 2.3.1 — Besinlerin standart porsiyonlarının enerji ve besin ögesi içerikleri","Kiraz","https://hsgm.saglik.gov.tr/depo/birimler/saglikli-beslenme-ve-hareketli-hayat-db/Dokumanlar/Rehberler/Turkiye_Beslenme_Rehber_TUBER_2022_min.pdf","TÜBER 2022 (baskı tarihi 2023-08-08)","Ek 2.3.1 (s.283-284)","https://turkomp.tarimorman.gov.tr/food-kiraz-beyaz-starks-gold-cesidi-339","2026-08-18T20:30:00Z",,,"needs_review","regular = the published TÜBER Ek 2.3.1 standard portion for ""Kiraz"" (150 g). | small = APP-DERIVED as 0.5x the published unit weight (portion policy portion-policy-v2, category fruit_whole). Discrete foods are counted in units, not scaled by a factor. This is a product reference size, NOT published by TÜBER. | large = APP-DERIVED as 2.0x the published unit weight (portion policy portion-policy-v2, category fruit_whole). Discrete foods are counted in units, not scaled by a factor. This is a product reference size, NOT published by TÜBER. | Composition is the published TürKomp per-100 g record 09.01.0027; no scaling applied."
,"Kiraz, beyaz, Starks Gold çeşidi",,"kiraz-beyaz-starks-gold-cesidi",,"large","300.0",,"food-portions/kiraz-beyaz-starks-gold-cesidi/kiraz-beyaz-starks-gold-cesidi--large--300g.webp","Photorealistic overhead food reference photograph of Kiraz, beyaz, Starks Gold çeşidi, representing the LARGE controlled portion of 300 grams. Served on the exact same matte white plate used across the three portion variants. Fixed 85-degree overhead camera, fixed camera distance, neutral light stone tabletop, soft diffused daylight, natural appetizing food color, realistic household serving, entire plate visible, centered composition, no utensils, no hands, no napkin, no packaging, no logo, no text, no watermark, no decorative garnish unless part of the canonical recipe, no dramatic restaurant styling, no hard shadows. Only the amount of food should differ between portion variants. Square 1:1 composition, sRGB, production-quality mobile nutrition tracking reference image.","All three variants of Kiraz, beyaz, Starks Gold çeşidi are the same scene, re-shot with a different amount of food. Identical across small/regular/large: the matte white plate and its diameter, the 85-degree overhead camera angle, the camera distance, the neutral light stone tabletop, the soft diffused daylight, the white balance, and the framing. The plate diameter is identical in all three renders; only the area, height and realistic volume of the food change. The food keeps the same color, cut and cooking state. Nothing is added or removed between variants — no sauce, oil, herb or side item appears in one variant and not another. Portion weights are 75 g / 150 g / 300 g and must read as visibly increasing at a 120-160 px thumbnail size. No weight, number or label may appear in the image itself.","TürKomp — Ulusal Gıda Kompozisyon Veri Tabanı","09.01.0027",,,,,,,"missing","","TÜBER 2022 Ek 2.3.1 — Besinlerin standart porsiyonlarının enerji ve besin ögesi içerikleri","Kiraz","https://hsgm.saglik.gov.tr/depo/birimler/saglikli-beslenme-ve-hareketli-hayat-db/Dokumanlar/Rehberler/Turkiye_Beslenme_Rehber_TUBER_2022_min.pdf","TÜBER 2022 (baskı tarihi 2023-08-08)","Ek 2.3.1 (s.283-284)","https://turkomp.tarimorman.gov.tr/food-kiraz-beyaz-starks-gold-cesidi-339","2026-08-18T20:30:00Z",,,"needs_review","regular = the published TÜBER Ek 2.3.1 standard portion for ""Kiraz"" (150 g). | small = APP-DERIVED as 0.5x the published unit weight (portion policy portion-policy-v2, category fruit_whole). Discrete foods are counted in units, not scaled by a factor. This is a product reference size, NOT published by TÜBER. | large = APP-DERIVED as 2.0x the published unit weight (portion policy portion-policy-v2, category fruit_whole). Discrete foods are counted in units, not scaled by a factor. This is a product reference size, NOT published by TÜBER. | Composition is the published TürKomp per-100 g record 09.01.0027; no scaling applied."
,"Kiraz, kırmızı, Ziraat 0900 Napolyon çeşidi",,"kiraz-kirmizi-ziraat-0900-napolyon-cesidi",,"small","75.0",,"food-portions/kiraz-kirmizi-ziraat-0900-napolyon-cesidi/kiraz-kirmizi-ziraat-0900-napolyon-cesidi--small--75g.webp","Photorealistic overhead food reference photograph of Kiraz, kırmızı, Ziraat 0900 Napolyon çeşidi, representing the SMALL controlled portion of 75 grams. Served on the exact same matte white plate used across the three portion variants. Fixed 85-degree overhead camera, fixed camera distance, neutral light stone tabletop, soft diffused daylight, natural appetizing food color, realistic household serving, entire plate visible, centered composition, no utensils, no hands, no napkin, no packaging, no logo, no text, no watermark, no decorative garnish unless part of the canonical recipe, no dramatic restaurant styling, no hard shadows. Only the amount of food should differ between portion variants. Square 1:1 composition, sRGB, production-quality mobile nutrition tracking reference image.","All three variants of Kiraz, kırmızı, Ziraat 0900 Napolyon çeşidi are the same scene, re-shot with a different amount of food. Identical across small/regular/large: the matte white plate and its diameter, the 85-degree overhead camera angle, the camera distance, the neutral light stone tabletop, the soft diffused daylight, the white balance, and the framing. The plate diameter is identical in all three renders; only the area, height and realistic volume of the food change. The food keeps the same color, cut and cooking state. Nothing is added or removed between variants — no sauce, oil, herb or side item appears in one variant and not another. Portion weights are 75 g / 150 g / 300 g and must read as visibly increasing at a 120-160 px thumbnail size. No weight, number or label may appear in the image itself.","TürKomp — Ulusal Gıda Kompozisyon Veri Tabanı","09.01.0028",,,,,,,"missing","","TÜBER 2022 Ek 2.3.1 — Besinlerin standart porsiyonlarının enerji ve besin ögesi içerikleri","Kiraz","https://hsgm.saglik.gov.tr/depo/birimler/saglikli-beslenme-ve-hareketli-hayat-db/Dokumanlar/Rehberler/Turkiye_Beslenme_Rehber_TUBER_2022_min.pdf","TÜBER 2022 (baskı tarihi 2023-08-08)","Ek 2.3.1 (s.283-284)","https://turkomp.tarimorman.gov.tr/food-kiraz-kirmizi-ziraat-0900-napolyon-cesidi-338","2026-08-18T20:30:00Z",,,"needs_review","regular = the published TÜBER Ek 2.3.1 standard portion for ""Kiraz"" (150 g). | small = APP-DERIVED as 0.5x the published unit weight (portion policy portion-policy-v2, category fruit_whole). Discrete foods are counted in units, not scaled by a factor. This is a product reference size, NOT published by TÜBER. | large = APP-DERIVED as 2.0x the published unit weight (portion policy portion-policy-v2, category fruit_whole). Discrete foods are counted in units, not scaled by a factor. This is a product reference size, NOT published by TÜBER. | Composition is the published TürKomp per-100 g record 09.01.0028; no scaling applied."
,"Kiraz, kırmızı, Ziraat 0900 Napolyon çeşidi",,"kiraz-kirmizi-ziraat-0900-napolyon-cesidi",,"regular","150.0",,"food-portions/kiraz-kirmizi-ziraat-0900-napolyon-cesidi/kiraz-kirmizi-ziraat-0900-napolyon-cesidi--regular--150g.webp","Photorealistic overhead food reference photograph of Kiraz, kırmızı, Ziraat 0900 Napolyon çeşidi, representing the REGULAR controlled portion of 150 grams. Served on the exact same matte white plate used across the three portion variants. Fixed 85-degree overhead camera, fixed camera distance, neutral light stone tabletop, soft diffused daylight, natural appetizing food color, realistic household serving, entire plate visible, centered composition, no utensils, no hands, no napkin, no packaging, no logo, no text, no watermark, no decorative garnish unless part of the canonical recipe, no dramatic restaurant styling, no hard shadows. Only the amount of food should differ between portion variants. Square 1:1 composition, sRGB, production-quality mobile nutrition tracking reference image.","All three variants of Kiraz, kırmızı, Ziraat 0900 Napolyon çeşidi are the same scene, re-shot with a different amount of food. Identical across small/regular/large: the matte white plate and its diameter, the 85-degree overhead camera angle, the camera distance, the neutral light stone tabletop, the soft diffused daylight, the white balance, and the framing. The plate diameter is identical in all three renders; only the area, height and realistic volume of the food change. The food keeps the same color, cut and cooking state. Nothing is added or removed between variants — no sauce, oil, herb or side item appears in one variant and not another. Portion weights are 75 g / 150 g / 300 g and must read as visibly increasing at a 120-160 px thumbnail size. No weight, number or label may appear in the image itself.","TürKomp — Ulusal Gıda Kompozisyon Veri Tabanı","09.01.0028",,,,,,,"missing","","TÜBER 2022 Ek 2.3.1 — Besinlerin standart porsiyonlarının enerji ve besin ögesi içerikleri","Kiraz","https://hsgm.saglik.gov.tr/depo/birimler/saglikli-beslenme-ve-hareketli-hayat-db/Dokumanlar/Rehberler/Turkiye_Beslenme_Rehber_TUBER_2022_min.pdf","TÜBER 2022 (baskı tarihi 2023-08-08)","Ek 2.3.1 (s.283-284)","https://turkomp.tarimorman.gov.tr/food-kiraz-kirmizi-ziraat-0900-napolyon-cesidi-338","2026-08-18T20:30:00Z",,,"needs_review","regular = the published TÜBER Ek 2.3.1 standard portion for ""Kiraz"" (150 g). | small = APP-DERIVED as 0.5x the published unit weight (portion policy portion-policy-v2, category fruit_whole). Discrete foods are counted in units, not scaled by a factor. This is a product reference size, NOT published by TÜBER. | large = APP-DERIVED as 2.0x the published unit weight (portion policy portion-policy-v2, category fruit_whole). Discrete foods are counted in units, not scaled by a factor. This is a product reference size, NOT published by TÜBER. | Composition is the published TürKomp per-100 g record 09.01.0028; no scaling applied."
,"Kiraz, kırmızı, Ziraat 0900 Napolyon çeşidi",,"kiraz-kirmizi-ziraat-0900-napolyon-cesidi",,"large","300.0",,"food-portions/kiraz-kirmizi-ziraat-0900-napolyon-cesidi/kiraz-kirmizi-ziraat-0900-napolyon-cesidi--large--300g.webp","Photorealistic overhead food reference photograph of Kiraz, kırmızı, Ziraat 0900 Napolyon çeşidi, representing the LARGE controlled portion of 300 grams. Served on the exact same matte white plate used across the three portion variants. Fixed 85-degree overhead camera, fixed camera distance, neutral light stone tabletop, soft diffused daylight, natural appetizing food color, realistic household serving, entire plate visible, centered composition, no utensils, no hands, no napkin, no packaging, no logo, no text, no watermark, no decorative garnish unless part of the canonical recipe, no dramatic restaurant styling, no hard shadows. Only the amount of food should differ between portion variants. Square 1:1 composition, sRGB, production-quality mobile nutrition tracking reference image.","All three variants of Kiraz, kırmızı, Ziraat 0900 Napolyon çeşidi are the same scene, re-shot with a different amount of food. Identical across small/regular/large: the matte white plate and its diameter, the 85-degree overhead camera angle, the camera distance, the neutral light stone tabletop, the soft diffused daylight, the white balance, and the framing. The plate diameter is identical in all three renders; only the area, height and realistic volume of the food change. The food keeps the same color, cut and cooking state. Nothing is added or removed between variants — no sauce, oil, herb or side item appears in one variant and not another. Portion weights are 75 g / 150 g / 300 g and must read as visibly increasing at a 120-160 px thumbnail size. No weight, number or label may appear in the image itself.","TürKomp — Ulusal Gıda Kompozisyon Veri Tabanı","09.01.0028",,,,,,,"missing","","TÜBER 2022 Ek 2.3.1 — Besinlerin standart porsiyonlarının enerji ve besin ögesi içerikleri","Kiraz","https://hsgm.saglik.gov.tr/depo/birimler/saglikli-beslenme-ve-hareketli-hayat-db/Dokumanlar/Rehberler/Turkiye_Beslenme_Rehber_TUBER_2022_min.pdf","TÜBER 2022 (baskı tarihi 2023-08-08)","Ek 2.3.1 (s.283-284)","https://turkomp.tarimorman.gov.tr/food-kiraz-kirmizi-ziraat-0900-napolyon-cesidi-338","2026-08-18T20:30:00Z",,,"needs_review","regular = the published TÜBER Ek 2.3.1 standard portion for ""Kiraz"" (150 g). | small = APP-DERIVED as 0.5x the published unit weight (portion policy portion-policy-v2, category fruit_whole). Discrete foods are counted in units, not scaled by a factor. This is a product reference size, NOT published by TÜBER. | large = APP-DERIVED as 2.0x the published unit weight (portion policy portion-policy-v2, category fruit_whole). Discrete foods are counted in units, not scaled by a factor. This is a product reference size, NOT published by TÜBER. | Composition is the published TürKomp per-100 g record 09.01.0028; no scaling applied."
,"Trabzon hurması, meyve et rengi sarı, kararlı",,"trabzon-hurmasi-meyve-et-rengi-sari-kararli",,"small","40.0",,"food-portions/trabzon-hurmasi-meyve-et-rengi-sari-kararli/trabzon-hurmasi-meyve-et-rengi-sari-kararli--small--40g.webp","Photorealistic overhead food reference photograph of Trabzon hurması, meyve et rengi sarı, kararlı, representing the SMALL controlled portion of 40 grams. Served on the exact same matte white plate used across the three portion variants. Fixed 85-degree overhead camera, fixed camera distance, neutral light stone tabletop, soft diffused daylight, natural appetizing food color, realistic household serving, entire plate visible, centered composition, no utensils, no hands, no napkin, no packaging, no logo, no text, no watermark, no decorative garnish unless part of the canonical recipe, no dramatic restaurant styling, no hard shadows. Only the amount of food should differ between portion variants. Square 1:1 composition, sRGB, production-quality mobile nutrition tracking reference image.","All three variants of Trabzon hurması, meyve et rengi sarı, kararlı are the same scene, re-shot with a different amount of food. Identical across small/regular/large: the matte white plate and its diameter, the 85-degree overhead camera angle, the camera distance, the neutral light stone tabletop, the soft diffused daylight, the white balance, and the framing. The plate diameter is identical in all three renders; only the area, height and realistic volume of the food change. The food keeps the same color, cut and cooking state. Nothing is added or removed between variants — no sauce, oil, herb or side item appears in one variant and not another. Portion weights are 40 g / 80 g / 160 g and must read as visibly increasing at a 120-160 px thumbnail size. No weight, number or label may appear in the image itself.","TürKomp — Ulusal Gıda Kompozisyon Veri Tabanı","09.01.0046",,,,,,,"missing","","TÜBER 2022 Ek 2.3.1 — Besinlerin standart porsiyonlarının enerji ve besin ögesi içerikleri","Trabzon hurması","https://hsgm.saglik.gov.tr/depo/birimler/saglikli-beslenme-ve-hareketli-hayat-db/Dokumanlar/Rehberler/Turkiye_Beslenme_Rehber_TUBER_2022_min.pdf","TÜBER 2022 (baskı tarihi 2023-08-08)","Ek 2.3.1 (s.283-284)","https://turkomp.tarimorman.gov.tr/food-trabzon-hurmasi-meyve-et-rengi-sari-kararli-319","2026-08-18T20:30:00Z",,,"needs_review","regular = the published TÜBER Ek 2.3.1 standard portion for ""Trabzon hurması"" (80 g). | small = APP-DERIVED as 0.5x the published unit weight (portion policy portion-policy-v2, category fruit_whole). Discrete foods are counted in units, not scaled by a factor. This is a product reference size, NOT published by TÜBER. | large = APP-DERIVED as 2.0x the published unit weight (portion policy portion-policy-v2, category fruit_whole). Discrete foods are counted in units, not scaled by a factor. This is a product reference size, NOT published by TÜBER. | Composition is the published TürKomp per-100 g record 09.01.0046; no scaling applied."
,"Trabzon hurması, meyve et rengi sarı, kararlı",,"trabzon-hurmasi-meyve-et-rengi-sari-kararli",,"regular","80.0",,"food-portions/trabzon-hurmasi-meyve-et-rengi-sari-kararli/trabzon-hurmasi-meyve-et-rengi-sari-kararli--regular--80g.webp","Photorealistic overhead food reference photograph of Trabzon hurması, meyve et rengi sarı, kararlı, representing the REGULAR controlled portion of 80 grams. Served on the exact same matte white plate used across the three portion variants. Fixed 85-degree overhead camera, fixed camera distance, neutral light stone tabletop, soft diffused daylight, natural appetizing food color, realistic household serving, entire plate visible, centered composition, no utensils, no hands, no napkin, no packaging, no logo, no text, no watermark, no decorative garnish unless part of the canonical recipe, no dramatic restaurant styling, no hard shadows. Only the amount of food should differ between portion variants. Square 1:1 composition, sRGB, production-quality mobile nutrition tracking reference image.","All three variants of Trabzon hurması, meyve et rengi sarı, kararlı are the same scene, re-shot with a different amount of food. Identical across small/regular/large: the matte white plate and its diameter, the 85-degree overhead camera angle, the camera distance, the neutral light stone tabletop, the soft diffused daylight, the white balance, and the framing. The plate diameter is identical in all three renders; only the area, height and realistic volume of the food change. The food keeps the same color, cut and cooking state. Nothing is added or removed between variants — no sauce, oil, herb or side item appears in one variant and not another. Portion weights are 40 g / 80 g / 160 g and must read as visibly increasing at a 120-160 px thumbnail size. No weight, number or label may appear in the image itself.","TürKomp — Ulusal Gıda Kompozisyon Veri Tabanı","09.01.0046",,,,,,,"missing","","TÜBER 2022 Ek 2.3.1 — Besinlerin standart porsiyonlarının enerji ve besin ögesi içerikleri","Trabzon hurması","https://hsgm.saglik.gov.tr/depo/birimler/saglikli-beslenme-ve-hareketli-hayat-db/Dokumanlar/Rehberler/Turkiye_Beslenme_Rehber_TUBER_2022_min.pdf","TÜBER 2022 (baskı tarihi 2023-08-08)","Ek 2.3.1 (s.283-284)","https://turkomp.tarimorman.gov.tr/food-trabzon-hurmasi-meyve-et-rengi-sari-kararli-319","2026-08-18T20:30:00Z",,,"needs_review","regular = the published TÜBER Ek 2.3.1 standard portion for ""Trabzon hurması"" (80 g). | small = APP-DERIVED as 0.5x the published unit weight (portion policy portion-policy-v2, category fruit_whole). Discrete foods are counted in units, not scaled by a factor. This is a product reference size, NOT published by TÜBER. | large = APP-DERIVED as 2.0x the published unit weight (portion policy portion-policy-v2, category fruit_whole). Discrete foods are counted in units, not scaled by a factor. This is a product reference size, NOT published by TÜBER. | Composition is the published TürKomp per-100 g record 09.01.0046; no scaling applied."
,"Trabzon hurması, meyve et rengi sarı, kararlı",,"trabzon-hurmasi-meyve-et-rengi-sari-kararli",,"large","160.0",,"food-portions/trabzon-hurmasi-meyve-et-rengi-sari-kararli/trabzon-hurmasi-meyve-et-rengi-sari-kararli--large--160g.webp","Photorealistic overhead food reference photograph of Trabzon hurması, meyve et rengi sarı, kararlı, representing the LARGE controlled portion of 160 grams. Served on the exact same matte white plate used across the three portion variants. Fixed 85-degree overhead camera, fixed camera distance, neutral light stone tabletop, soft diffused daylight, natural appetizing food color, realistic household serving, entire plate visible, centered composition, no utensils, no hands, no napkin, no packaging, no logo, no text, no watermark, no decorative garnish unless part of the canonical recipe, no dramatic restaurant styling, no hard shadows. Only the amount of food should differ between portion variants. Square 1:1 composition, sRGB, production-quality mobile nutrition tracking reference image.","All three variants of Trabzon hurması, meyve et rengi sarı, kararlı are the same scene, re-shot with a different amount of food. Identical across small/regular/large: the matte white plate and its diameter, the 85-degree overhead camera angle, the camera distance, the neutral light stone tabletop, the soft diffused daylight, the white balance, and the framing. The plate diameter is identical in all three renders; only the area, height and realistic volume of the food change. The food keeps the same color, cut and cooking state. Nothing is added or removed between variants — no sauce, oil, herb or side item appears in one variant and not another. Portion weights are 40 g / 80 g / 160 g and must read as visibly increasing at a 120-160 px thumbnail size. No weight, number or label may appear in the image itself.","TürKomp — Ulusal Gıda Kompozisyon Veri Tabanı","09.01.0046",,,,,,,"missing","","TÜBER 2022 Ek 2.3.1 — Besinlerin standart porsiyonlarının enerji ve besin ögesi içerikleri","Trabzon hurması","https://hsgm.saglik.gov.tr/depo/birimler/saglikli-beslenme-ve-hareketli-hayat-db/Dokumanlar/Rehberler/Turkiye_Beslenme_Rehber_TUBER_2022_min.pdf","TÜBER 2022 (baskı tarihi 2023-08-08)","Ek 2.3.1 (s.283-284)","https://turkomp.tarimorman.gov.tr/food-trabzon-hurmasi-meyve-et-rengi-sari-kararli-319","2026-08-18T20:30:00Z",,,"needs_review","regular = the published TÜBER Ek 2.3.1 standard portion for ""Trabzon hurması"" (80 g). | small = APP-DERIVED as 0.5x the published unit weight (portion policy portion-policy-v2, category fruit_whole). Discrete foods are counted in units, not scaled by a factor. This is a product reference size, NOT published by TÜBER. | large = APP-DERIVED as 2.0x the published unit weight (portion policy portion-policy-v2, category fruit_whole). Discrete foods are counted in units, not scaled by a factor. This is a product reference size, NOT published by TÜBER. | Composition is the published TürKomp per-100 g record 09.01.0046; no scaling applied."
,"Trabzon hurması, meyve et rengi kahverengi, kararsız",,"trabzon-hurmasi-meyve-et-rengi-kahverengi-kararsiz",,"small","40.0",,"food-portions/trabzon-hurmasi-meyve-et-rengi-kahverengi-kararsiz/trabzon-hurmasi-meyve-et-rengi-kahverengi-kararsiz--small--40g.webp","Photorealistic overhead food reference photograph of Trabzon hurması, meyve et rengi kahverengi, kararsız, representing the SMALL controlled portion of 40 grams. Served on the exact same matte white plate used across the three portion variants. Fixed 85-degree overhead camera, fixed camera distance, neutral light stone tabletop, soft diffused daylight, natural appetizing food color, realistic household serving, entire plate visible, centered composition, no utensils, no hands, no napkin, no packaging, no logo, no text, no watermark, no decorative garnish unless part of the canonical recipe, no dramatic restaurant styling, no hard shadows. Only the amount of food should differ between portion variants. Square 1:1 composition, sRGB, production-quality mobile nutrition tracking reference image.","All three variants of Trabzon hurması, meyve et rengi kahverengi, kararsız are the same scene, re-shot with a different amount of food. Identical across small/regular/large: the matte white plate and its diameter, the 85-degree overhead camera angle, the camera distance, the neutral light stone tabletop, the soft diffused daylight, the white balance, and the framing. The plate diameter is identical in all three renders; only the area, height and realistic volume of the food change. The food keeps the same color, cut and cooking state. Nothing is added or removed between variants — no sauce, oil, herb or side item appears in one variant and not another. Portion weights are 40 g / 80 g / 160 g and must read as visibly increasing at a 120-160 px thumbnail size. No weight, number or label may appear in the image itself.","TürKomp — Ulusal Gıda Kompozisyon Veri Tabanı","09.01.0047",,,,,,,"missing","","TÜBER 2022 Ek 2.3.1 — Besinlerin standart porsiyonlarının enerji ve besin ögesi içerikleri","Trabzon hurması","https://hsgm.saglik.gov.tr/depo/birimler/saglikli-beslenme-ve-hareketli-hayat-db/Dokumanlar/Rehberler/Turkiye_Beslenme_Rehber_TUBER_2022_min.pdf","TÜBER 2022 (baskı tarihi 2023-08-08)","Ek 2.3.1 (s.283-284)","https://turkomp.tarimorman.gov.tr/food-trabzon-hurmasi-meyve-et-rengi-kahverengi-kararsiz-318","2026-08-18T20:30:00Z",,,"needs_review","regular = the published TÜBER Ek 2.3.1 standard portion for ""Trabzon hurması"" (80 g). | small = APP-DERIVED as 0.5x the published unit weight (portion policy portion-policy-v2, category fruit_whole). Discrete foods are counted in units, not scaled by a factor. This is a product reference size, NOT published by TÜBER. | large = APP-DERIVED as 2.0x the published unit weight (portion policy portion-policy-v2, category fruit_whole). Discrete foods are counted in units, not scaled by a factor. This is a product reference size, NOT published by TÜBER. | Composition is the published TürKomp per-100 g record 09.01.0047; no scaling applied."
,"Trabzon hurması, meyve et rengi kahverengi, kararsız",,"trabzon-hurmasi-meyve-et-rengi-kahverengi-kararsiz",,"regular","80.0",,"food-portions/trabzon-hurmasi-meyve-et-rengi-kahverengi-kararsiz/trabzon-hurmasi-meyve-et-rengi-kahverengi-kararsiz--regular--80g.webp","Photorealistic overhead food reference photograph of Trabzon hurması, meyve et rengi kahverengi, kararsız, representing the REGULAR controlled portion of 80 grams. Served on the exact same matte white plate used across the three portion variants. Fixed 85-degree overhead camera, fixed camera distance, neutral light stone tabletop, soft diffused daylight, natural appetizing food color, realistic household serving, entire plate visible, centered composition, no utensils, no hands, no napkin, no packaging, no logo, no text, no watermark, no decorative garnish unless part of the canonical recipe, no dramatic restaurant styling, no hard shadows. Only the amount of food should differ between portion variants. Square 1:1 composition, sRGB, production-quality mobile nutrition tracking reference image.","All three variants of Trabzon hurması, meyve et rengi kahverengi, kararsız are the same scene, re-shot with a different amount of food. Identical across small/regular/large: the matte white plate and its diameter, the 85-degree overhead camera angle, the camera distance, the neutral light stone tabletop, the soft diffused daylight, the white balance, and the framing. The plate diameter is identical in all three renders; only the area, height and realistic volume of the food change. The food keeps the same color, cut and cooking state. Nothing is added or removed between variants — no sauce, oil, herb or side item appears in one variant and not another. Portion weights are 40 g / 80 g / 160 g and must read as visibly increasing at a 120-160 px thumbnail size. No weight, number or label may appear in the image itself.","TürKomp — Ulusal Gıda Kompozisyon Veri Tabanı","09.01.0047",,,,,,,"missing","","TÜBER 2022 Ek 2.3.1 — Besinlerin standart porsiyonlarının enerji ve besin ögesi içerikleri","Trabzon hurması","https://hsgm.saglik.gov.tr/depo/birimler/saglikli-beslenme-ve-hareketli-hayat-db/Dokumanlar/Rehberler/Turkiye_Beslenme_Rehber_TUBER_2022_min.pdf","TÜBER 2022 (baskı tarihi 2023-08-08)","Ek 2.3.1 (s.283-284)","https://turkomp.tarimorman.gov.tr/food-trabzon-hurmasi-meyve-et-rengi-kahverengi-kararsiz-318","2026-08-18T20:30:00Z",,,"needs_review","regular = the published TÜBER Ek 2.3.1 standard portion for ""Trabzon hurması"" (80 g). | small = APP-DERIVED as 0.5x the published unit weight (portion policy portion-policy-v2, category fruit_whole). Discrete foods are counted in units, not scaled by a factor. This is a product reference size, NOT published by TÜBER. | large = APP-DERIVED as 2.0x the published unit weight (portion policy portion-policy-v2, category fruit_whole). Discrete foods are counted in units, not scaled by a factor. This is a product reference size, NOT published by TÜBER. | Composition is the published TürKomp per-100 g record 09.01.0047; no scaling applied."
,"Trabzon hurması, meyve et rengi kahverengi, kararsız",,"trabzon-hurmasi-meyve-et-rengi-kahverengi-kararsiz",,"large","160.0",,"food-portions/trabzon-hurmasi-meyve-et-rengi-kahverengi-kararsiz/trabzon-hurmasi-meyve-et-rengi-kahverengi-kararsiz--large--160g.webp","Photorealistic overhead food reference photograph of Trabzon hurması, meyve et rengi kahverengi, kararsız, representing the LARGE controlled portion of 160 grams. Served on the exact same matte white plate used across the three portion variants. Fixed 85-degree overhead camera, fixed camera distance, neutral light stone tabletop, soft diffused daylight, natural appetizing food color, realistic household serving, entire plate visible, centered composition, no utensils, no hands, no napkin, no packaging, no logo, no text, no watermark, no decorative garnish unless part of the canonical recipe, no dramatic restaurant styling, no hard shadows. Only the amount of food should differ between portion variants. Square 1:1 composition, sRGB, production-quality mobile nutrition tracking reference image.","All three variants of Trabzon hurması, meyve et rengi kahverengi, kararsız are the same scene, re-shot with a different amount of food. Identical across small/regular/large: the matte white plate and its diameter, the 85-degree overhead camera angle, the camera distance, the neutral light stone tabletop, the soft diffused daylight, the white balance, and the framing. The plate diameter is identical in all three renders; only the area, height and realistic volume of the food change. The food keeps the same color, cut and cooking state. Nothing is added or removed between variants — no sauce, oil, herb or side item appears in one variant and not another. Portion weights are 40 g / 80 g / 160 g and must read as visibly increasing at a 120-160 px thumbnail size. No weight, number or label may appear in the image itself.","TürKomp — Ulusal Gıda Kompozisyon Veri Tabanı","09.01.0047",,,,,,,"missing","","TÜBER 2022 Ek 2.3.1 — Besinlerin standart porsiyonlarının enerji ve besin ögesi içerikleri","Trabzon hurması","https://hsgm.saglik.gov.tr/depo/birimler/saglikli-beslenme-ve-hareketli-hayat-db/Dokumanlar/Rehberler/Turkiye_Beslenme_Rehber_TUBER_2022_min.pdf","TÜBER 2022 (baskı tarihi 2023-08-08)","Ek 2.3.1 (s.283-284)","https://turkomp.tarimorman.gov.tr/food-trabzon-hurmasi-meyve-et-rengi-kahverengi-kararsiz-318","2026-08-18T20:30:00Z",,,"needs_review","regular = the published TÜBER Ek 2.3.1 standard portion for ""Trabzon hurması"" (80 g). | small = APP-DERIVED as 0.5x the published unit weight (portion policy portion-policy-v2, category fruit_whole). Discrete foods are counted in units, not scaled by a factor. This is a product reference size, NOT published by TÜBER. | large = APP-DERIVED as 2.0x the published unit weight (portion policy portion-policy-v2, category fruit_whole). Discrete foods are counted in units, not scaled by a factor. This is a product reference size, NOT published by TÜBER. | Composition is the published TürKomp per-100 g record 09.01.0047; no scaling applied."
,"Üzüm, beyaz, erkenci, Yalova İncisi",,"uzum-beyaz-erkenci-yalova-incisi",,"small","75.0",,"food-portions/uzum-beyaz-erkenci-yalova-incisi/uzum-beyaz-erkenci-yalova-incisi--small--75g.webp","Photorealistic overhead food reference photograph of Üzüm, beyaz, erkenci, Yalova İncisi, representing the SMALL controlled portion of 75 grams. Served on the exact same matte white plate used across the three portion variants. Fixed 85-degree overhead camera, fixed camera distance, neutral light stone tabletop, soft diffused daylight, natural appetizing food color, realistic household serving, entire plate visible, centered composition, no utensils, no hands, no napkin, no packaging, no logo, no text, no watermark, no decorative garnish unless part of the canonical recipe, no dramatic restaurant styling, no hard shadows. Only the amount of food should differ between portion variants. Square 1:1 composition, sRGB, production-quality mobile nutrition tracking reference image.","All three variants of Üzüm, beyaz, erkenci, Yalova İncisi are the same scene, re-shot with a different amount of food. Identical across small/regular/large: the matte white plate and its diameter, the 85-degree overhead camera angle, the camera distance, the neutral light stone tabletop, the soft diffused daylight, the white balance, and the framing. The plate diameter is identical in all three renders; only the area, height and realistic volume of the food change. The food keeps the same color, cut and cooking state. Nothing is added or removed between variants — no sauce, oil, herb or side item appears in one variant and not another. Portion weights are 75 g / 150 g / 300 g and must read as visibly increasing at a 120-160 px thumbnail size. No weight, number or label may appear in the image itself.","TürKomp — Ulusal Gıda Kompozisyon Veri Tabanı","09.01.0048",,,,,,,"missing","","TÜBER 2022 Ek 2.3.1 — Besinlerin standart porsiyonlarının enerji ve besin ögesi içerikleri","Üzüm","https://hsgm.saglik.gov.tr/depo/birimler/saglikli-beslenme-ve-hareketli-hayat-db/Dokumanlar/Rehberler/Turkiye_Beslenme_Rehber_TUBER_2022_min.pdf","TÜBER 2022 (baskı tarihi 2023-08-08)","Ek 2.3.1 (s.283-284)","https://turkomp.tarimorman.gov.tr/food-uzum-beyaz-erkenci-yalova-incisi-322","2026-08-18T20:30:00Z",,,"needs_review","regular = the published TÜBER Ek 2.3.1 standard portion for ""Üzüm"" (150 g). | small = APP-DERIVED as 0.5x the published unit weight (portion policy portion-policy-v2, category fruit_whole). Discrete foods are counted in units, not scaled by a factor. This is a product reference size, NOT published by TÜBER. | large = APP-DERIVED as 2.0x the published unit weight (portion policy portion-policy-v2, category fruit_whole). Discrete foods are counted in units, not scaled by a factor. This is a product reference size, NOT published by TÜBER. | Composition is the published TürKomp per-100 g record 09.01.0048; no scaling applied."
,"Üzüm, beyaz, erkenci, Yalova İncisi",,"uzum-beyaz-erkenci-yalova-incisi",,"regular","150.0",,"food-portions/uzum-beyaz-erkenci-yalova-incisi/uzum-beyaz-erkenci-yalova-incisi--regular--150g.webp","Photorealistic overhead food reference photograph of Üzüm, beyaz, erkenci, Yalova İncisi, representing the REGULAR controlled portion of 150 grams. Served on the exact same matte white plate used across the three portion variants. Fixed 85-degree overhead camera, fixed camera distance, neutral light stone tabletop, soft diffused daylight, natural appetizing food color, realistic household serving, entire plate visible, centered composition, no utensils, no hands, no napkin, no packaging, no logo, no text, no watermark, no decorative garnish unless part of the canonical recipe, no dramatic restaurant styling, no hard shadows. Only the amount of food should differ between portion variants. Square 1:1 composition, sRGB, production-quality mobile nutrition tracking reference image.","All three variants of Üzüm, beyaz, erkenci, Yalova İncisi are the same scene, re-shot with a different amount of food. Identical across small/regular/large: the matte white plate and its diameter, the 85-degree overhead camera angle, the camera distance, the neutral light stone tabletop, the soft diffused daylight, the white balance, and the framing. The plate diameter is identical in all three renders; only the area, height and realistic volume of the food change. The food keeps the same color, cut and cooking state. Nothing is added or removed between variants — no sauce, oil, herb or side item appears in one variant and not another. Portion weights are 75 g / 150 g / 300 g and must read as visibly increasing at a 120-160 px thumbnail size. No weight, number or label may appear in the image itself.","TürKomp — Ulusal Gıda Kompozisyon Veri Tabanı","09.01.0048",,,,,,,"missing","","TÜBER 2022 Ek 2.3.1 — Besinlerin standart porsiyonlarının enerji ve besin ögesi içerikleri","Üzüm","https://hsgm.saglik.gov.tr/depo/birimler/saglikli-beslenme-ve-hareketli-hayat-db/Dokumanlar/Rehberler/Turkiye_Beslenme_Rehber_TUBER_2022_min.pdf","TÜBER 2022 (baskı tarihi 2023-08-08)","Ek 2.3.1 (s.283-284)","https://turkomp.tarimorman.gov.tr/food-uzum-beyaz-erkenci-yalova-incisi-322","2026-08-18T20:30:00Z",,,"needs_review","regular = the published TÜBER Ek 2.3.1 standard portion for ""Üzüm"" (150 g). | small = APP-DERIVED as 0.5x the published unit weight (portion policy portion-policy-v2, category fruit_whole). Discrete foods are counted in units, not scaled by a factor. This is a product reference size, NOT published by TÜBER. | large = APP-DERIVED as 2.0x the published unit weight (portion policy portion-policy-v2, category fruit_whole). Discrete foods are counted in units, not scaled by a factor. This is a product reference size, NOT published by TÜBER. | Composition is the published TürKomp per-100 g record 09.01.0048; no scaling applied."
,"Üzüm, beyaz, erkenci, Yalova İncisi",,"uzum-beyaz-erkenci-yalova-incisi",,"large","300.0",,"food-portions/uzum-beyaz-erkenci-yalova-incisi/uzum-beyaz-erkenci-yalova-incisi--large--300g.webp","Photorealistic overhead food reference photograph of Üzüm, beyaz, erkenci, Yalova İncisi, representing the LARGE controlled portion of 300 grams. Served on the exact same matte white plate used across the three portion variants. Fixed 85-degree overhead camera, fixed camera distance, neutral light stone tabletop, soft diffused daylight, natural appetizing food color, realistic household serving, entire plate visible, centered composition, no utensils, no hands, no napkin, no packaging, no logo, no text, no watermark, no decorative garnish unless part of the canonical recipe, no dramatic restaurant styling, no hard shadows. Only the amount of food should differ between portion variants. Square 1:1 composition, sRGB, production-quality mobile nutrition tracking reference image.","All three variants of Üzüm, beyaz, erkenci, Yalova İncisi are the same scene, re-shot with a different amount of food. Identical across small/regular/large: the matte white plate and its diameter, the 85-degree overhead camera angle, the camera distance, the neutral light stone tabletop, the soft diffused daylight, the white balance, and the framing. The plate diameter is identical in all three renders; only the area, height and realistic volume of the food change. The food keeps the same color, cut and cooking state. Nothing is added or removed between variants — no sauce, oil, herb or side item appears in one variant and not another. Portion weights are 75 g / 150 g / 300 g and must read as visibly increasing at a 120-160 px thumbnail size. No weight, number or label may appear in the image itself.","TürKomp — Ulusal Gıda Kompozisyon Veri Tabanı","09.01.0048",,,,,,,"missing","","TÜBER 2022 Ek 2.3.1 — Besinlerin standart porsiyonlarının enerji ve besin ögesi içerikleri","Üzüm","https://hsgm.saglik.gov.tr/depo/birimler/saglikli-beslenme-ve-hareketli-hayat-db/Dokumanlar/Rehberler/Turkiye_Beslenme_Rehber_TUBER_2022_min.pdf","TÜBER 2022 (baskı tarihi 2023-08-08)","Ek 2.3.1 (s.283-284)","https://turkomp.tarimorman.gov.tr/food-uzum-beyaz-erkenci-yalova-incisi-322","2026-08-18T20:30:00Z",,,"needs_review","regular = the published TÜBER Ek 2.3.1 standard portion for ""Üzüm"" (150 g). | small = APP-DERIVED as 0.5x the published unit weight (portion policy portion-policy-v2, category fruit_whole). Discrete foods are counted in units, not scaled by a factor. This is a product reference size, NOT published by TÜBER. | large = APP-DERIVED as 2.0x the published unit weight (portion policy portion-policy-v2, category fruit_whole). Discrete foods are counted in units, not scaled by a factor. This is a product reference size, NOT published by TÜBER. | Composition is the published TürKomp per-100 g record 09.01.0048; no scaling applied."
,"Üzüm, beyaz, geç mevsim, Müşküle çeşidi",,"uzum-beyaz-gec-mevsim-muskule-cesidi",,"small","75.0",,"food-portions/uzum-beyaz-gec-mevsim-muskule-cesidi/uzum-beyaz-gec-mevsim-muskule-cesidi--small--75g.webp","Photorealistic overhead food reference photograph of Üzüm, beyaz, geç mevsim, Müşküle çeşidi, representing the SMALL controlled portion of 75 grams. Served on the exact same matte white plate used across the three portion variants. Fixed 85-degree overhead camera, fixed camera distance, neutral light stone tabletop, soft diffused daylight, natural appetizing food color, realistic household serving, entire plate visible, centered composition, no utensils, no hands, no napkin, no packaging, no logo, no text, no watermark, no decorative garnish unless part of the canonical recipe, no dramatic restaurant styling, no hard shadows. Only the amount of food should differ between portion variants. Square 1:1 composition, sRGB, production-quality mobile nutrition tracking reference image.","All three variants of Üzüm, beyaz, geç mevsim, Müşküle çeşidi are the same scene, re-shot with a different amount of food. Identical across small/regular/large: the matte white plate and its diameter, the 85-degree overhead camera angle, the camera distance, the neutral light stone tabletop, the soft diffused daylight, the white balance, and the framing. The plate diameter is identical in all three renders; only the area, height and realistic volume of the food change. The food keeps the same color, cut and cooking state. Nothing is added or removed between variants — no sauce, oil, herb or side item appears in one variant and not another. Portion weights are 75 g / 150 g / 300 g and must read as visibly increasing at a 120-160 px thumbnail size. No weight, number or label may appear in the image itself.","TürKomp — Ulusal Gıda Kompozisyon Veri Tabanı","09.01.0049",,,,,,,"missing","","TÜBER 2022 Ek 2.3.1 — Besinlerin standart porsiyonlarının enerji ve besin ögesi içerikleri","Üzüm","https://hsgm.saglik.gov.tr/depo/birimler/saglikli-beslenme-ve-hareketli-hayat-db/Dokumanlar/Rehberler/Turkiye_Beslenme_Rehber_TUBER_2022_min.pdf","TÜBER 2022 (baskı tarihi 2023-08-08)","Ek 2.3.1 (s.283-284)","https://turkomp.tarimorman.gov.tr/food-uzum-beyaz-gec-mevsim-muskule-cesidi-328","2026-08-18T20:30:00Z",,,"needs_review","regular = the published TÜBER Ek 2.3.1 standard portion for ""Üzüm"" (150 g). | small = APP-DERIVED as 0.5x the published unit weight (portion policy portion-policy-v2, category fruit_whole). Discrete foods are counted in units, not scaled by a factor. This is a product reference size, NOT published by TÜBER. | large = APP-DERIVED as 2.0x the published unit weight (portion policy portion-policy-v2, category fruit_whole). Discrete foods are counted in units, not scaled by a factor. This is a product reference size, NOT published by TÜBER. | Composition is the published TürKomp per-100 g record 09.01.0049; no scaling applied."
,"Üzüm, beyaz, geç mevsim, Müşküle çeşidi",,"uzum-beyaz-gec-mevsim-muskule-cesidi",,"regular","150.0",,"food-portions/uzum-beyaz-gec-mevsim-muskule-cesidi/uzum-beyaz-gec-mevsim-muskule-cesidi--regular--150g.webp","Photorealistic overhead food reference photograph of Üzüm, beyaz, geç mevsim, Müşküle çeşidi, representing the REGULAR controlled portion of 150 grams. Served on the exact same matte white plate used across the three portion variants. Fixed 85-degree overhead camera, fixed camera distance, neutral light stone tabletop, soft diffused daylight, natural appetizing food color, realistic household serving, entire plate visible, centered composition, no utensils, no hands, no napkin, no packaging, no logo, no text, no watermark, no decorative garnish unless part of the canonical recipe, no dramatic restaurant styling, no hard shadows. Only the amount of food should differ between portion variants. Square 1:1 composition, sRGB, production-quality mobile nutrition tracking reference image.","All three variants of Üzüm, beyaz, geç mevsim, Müşküle çeşidi are the same scene, re-shot with a different amount of food. Identical across small/regular/large: the matte white plate and its diameter, the 85-degree overhead camera angle, the camera distance, the neutral light stone tabletop, the soft diffused daylight, the white balance, and the framing. The plate diameter is identical in all three renders; only the area, height and realistic volume of the food change. The food keeps the same color, cut and cooking state. Nothing is added or removed between variants — no sauce, oil, herb or side item appears in one variant and not another. Portion weights are 75 g / 150 g / 300 g and must read as visibly increasing at a 120-160 px thumbnail size. No weight, number or label may appear in the image itself.","TürKomp — Ulusal Gıda Kompozisyon Veri Tabanı","09.01.0049",,,,,,,"missing","","TÜBER 2022 Ek 2.3.1 — Besinlerin standart porsiyonlarının enerji ve besin ögesi içerikleri","Üzüm","https://hsgm.saglik.gov.tr/depo/birimler/saglikli-beslenme-ve-hareketli-hayat-db/Dokumanlar/Rehberler/Turkiye_Beslenme_Rehber_TUBER_2022_min.pdf","TÜBER 2022 (baskı tarihi 2023-08-08)","Ek 2.3.1 (s.283-284)","https://turkomp.tarimorman.gov.tr/food-uzum-beyaz-gec-mevsim-muskule-cesidi-328","2026-08-18T20:30:00Z",,,"needs_review","regular = the published TÜBER Ek 2.3.1 standard portion for ""Üzüm"" (150 g). | small = APP-DERIVED as 0.5x the published unit weight (portion policy portion-policy-v2, category fruit_whole). Discrete foods are counted in units, not scaled by a factor. This is a product reference size, NOT published by TÜBER. | large = APP-DERIVED as 2.0x the published unit weight (portion policy portion-policy-v2, category fruit_whole). Discrete foods are counted in units, not scaled by a factor. This is a product reference size, NOT published by TÜBER. | Composition is the published TürKomp per-100 g record 09.01.0049; no scaling applied."
,"Üzüm, beyaz, geç mevsim, Müşküle çeşidi",,"uzum-beyaz-gec-mevsim-muskule-cesidi",,"large","300.0",,"food-portions/uzum-beyaz-gec-mevsim-muskule-cesidi/uzum-beyaz-gec-mevsim-muskule-cesidi--large--300g.webp","Photorealistic overhead food reference photograph of Üzüm, beyaz, geç mevsim, Müşküle çeşidi, representing the LARGE controlled portion of 300 grams. Served on the exact same matte white plate used across the three portion variants. Fixed 85-degree overhead camera, fixed camera distance, neutral light stone tabletop, soft diffused daylight, natural appetizing food color, realistic household serving, entire plate visible, centered composition, no utensils, no hands, no napkin, no packaging, no logo, no text, no watermark, no decorative garnish unless part of the canonical recipe, no dramatic restaurant styling, no hard shadows. Only the amount of food should differ between portion variants. Square 1:1 composition, sRGB, production-quality mobile nutrition tracking reference image.","All three variants of Üzüm, beyaz, geç mevsim, Müşküle çeşidi are the same scene, re-shot with a different amount of food. Identical across small/regular/large: the matte white plate and its diameter, the 85-degree overhead camera angle, the camera distance, the neutral light stone tabletop, the soft diffused daylight, the white balance, and the framing. The plate diameter is identical in all three renders; only the area, height and realistic volume of the food change. The food keeps the same color, cut and cooking state. Nothing is added or removed between variants — no sauce, oil, herb or side item appears in one variant and not another. Portion weights are 75 g / 150 g / 300 g and must read as visibly increasing at a 120-160 px thumbnail size. No weight, number or label may appear in the image itself.","TürKomp — Ulusal Gıda Kompozisyon Veri Tabanı","09.01.0049",,,,,,,"missing","","TÜBER 2022 Ek 2.3.1 — Besinlerin standart porsiyonlarının enerji ve besin ögesi içerikleri","Üzüm","https://hsgm.saglik.gov.tr/depo/birimler/saglikli-beslenme-ve-hareketli-hayat-db/Dokumanlar/Rehberler/Turkiye_Beslenme_Rehber_TUBER_2022_min.pdf","TÜBER 2022 (baskı tarihi 2023-08-08)","Ek 2.3.1 (s.283-284)","https://turkomp.tarimorman.gov.tr/food-uzum-beyaz-gec-mevsim-muskule-cesidi-328","2026-08-18T20:30:00Z",,,"needs_review","regular = the published TÜBER Ek 2.3.1 standard portion for ""Üzüm"" (150 g). | small = APP-DERIVED as 0.5x the published unit weight (portion policy portion-policy-v2, category fruit_whole). Discrete foods are counted in units, not scaled by a factor. This is a product reference size, NOT published by TÜBER. | large = APP-DERIVED as 2.0x the published unit weight (portion policy portion-policy-v2, category fruit_whole). Discrete foods are counted in units, not scaled by a factor. This is a product reference size, NOT published by TÜBER. | Composition is the published TürKomp per-100 g record 09.01.0049; no scaling applied."
,"Üzüm, beyaz, orta mevsim, Razaki çeşidi",,"uzum-beyaz-orta-mevsim-razaki-cesidi",,"small","75.0",,"food-portions/uzum-beyaz-orta-mevsim-razaki-cesidi/uzum-beyaz-orta-mevsim-razaki-cesidi--small--75g.webp","Photorealistic overhead food reference photograph of Üzüm, beyaz, orta mevsim, Razaki çeşidi, representing the SMALL controlled portion of 75 grams. Served on the exact same matte white plate used across the three portion variants. Fixed 85-degree overhead camera, fixed camera distance, neutral light stone tabletop, soft diffused daylight, natural appetizing food color, realistic household serving, entire plate visible, centered composition, no utensils, no hands, no napkin, no packaging, no logo, no text, no watermark, no decorative garnish unless part of the canonical recipe, no dramatic restaurant styling, no hard shadows. Only the amount of food should differ between portion variants. Square 1:1 composition, sRGB, production-quality mobile nutrition tracking reference image.","All three variants of Üzüm, beyaz, orta mevsim, Razaki çeşidi are the same scene, re-shot with a different amount of food. Identical across small/regular/large: the matte white plate and its diameter, the 85-degree overhead camera angle, the camera distance, the neutral light stone tabletop, the soft diffused daylight, the white balance, and the framing. The plate diameter is identical in all three renders; only the area, height and realistic volume of the food change. The food keeps the same color, cut and cooking state. Nothing is added or removed between variants — no sauce, oil, herb or side item appears in one variant and not another. Portion weights are 75 g / 150 g / 300 g and must read as visibly increasing at a 120-160 px thumbnail size. No weight, number or label may appear in the image itself.","TürKomp — Ulusal Gıda Kompozisyon Veri Tabanı","09.01.0050",,,,,,,"missing","","TÜBER 2022 Ek 2.3.1 — Besinlerin standart porsiyonlarının enerji ve besin ögesi içerikleri","Üzüm","https://hsgm.saglik.gov.tr/depo/birimler/saglikli-beslenme-ve-hareketli-hayat-db/Dokumanlar/Rehberler/Turkiye_Beslenme_Rehber_TUBER_2022_min.pdf","TÜBER 2022 (baskı tarihi 2023-08-08)","Ek 2.3.1 (s.283-284)","https://turkomp.tarimorman.gov.tr/food-uzum-beyaz-orta-mevsim-razaki-cesidi-324","2026-08-18T20:30:00Z",,,"needs_review","regular = the published TÜBER Ek 2.3.1 standard portion for ""Üzüm"" (150 g). | small = APP-DERIVED as 0.5x the published unit weight (portion policy portion-policy-v2, category fruit_whole). Discrete foods are counted in units, not scaled by a factor. This is a product reference size, NOT published by TÜBER. | large = APP-DERIVED as 2.0x the published unit weight (portion policy portion-policy-v2, category fruit_whole). Discrete foods are counted in units, not scaled by a factor. This is a product reference size, NOT published by TÜBER. | Composition is the published TürKomp per-100 g record 09.01.0050; no scaling applied."
,"Üzüm, beyaz, orta mevsim, Razaki çeşidi",,"uzum-beyaz-orta-mevsim-razaki-cesidi",,"regular","150.0",,"food-portions/uzum-beyaz-orta-mevsim-razaki-cesidi/uzum-beyaz-orta-mevsim-razaki-cesidi--regular--150g.webp","Photorealistic overhead food reference photograph of Üzüm, beyaz, orta mevsim, Razaki çeşidi, representing the REGULAR controlled portion of 150 grams. Served on the exact same matte white plate used across the three portion variants. Fixed 85-degree overhead camera, fixed camera distance, neutral light stone tabletop, soft diffused daylight, natural appetizing food color, realistic household serving, entire plate visible, centered composition, no utensils, no hands, no napkin, no packaging, no logo, no text, no watermark, no decorative garnish unless part of the canonical recipe, no dramatic restaurant styling, no hard shadows. Only the amount of food should differ between portion variants. Square 1:1 composition, sRGB, production-quality mobile nutrition tracking reference image.","All three variants of Üzüm, beyaz, orta mevsim, Razaki çeşidi are the same scene, re-shot with a different amount of food. Identical across small/regular/large: the matte white plate and its diameter, the 85-degree overhead camera angle, the camera distance, the neutral light stone tabletop, the soft diffused daylight, the white balance, and the framing. The plate diameter is identical in all three renders; only the area, height and realistic volume of the food change. The food keeps the same color, cut and cooking state. Nothing is added or removed between variants — no sauce, oil, herb or side item appears in one variant and not another. Portion weights are 75 g / 150 g / 300 g and must read as visibly increasing at a 120-160 px thumbnail size. No weight, number or label may appear in the image itself.","TürKomp — Ulusal Gıda Kompozisyon Veri Tabanı","09.01.0050",,,,,,,"missing","","TÜBER 2022 Ek 2.3.1 — Besinlerin standart porsiyonlarının enerji ve besin ögesi içerikleri","Üzüm","https://hsgm.saglik.gov.tr/depo/birimler/saglikli-beslenme-ve-hareketli-hayat-db/Dokumanlar/Rehberler/Turkiye_Beslenme_Rehber_TUBER_2022_min.pdf","TÜBER 2022 (baskı tarihi 2023-08-08)","Ek 2.3.1 (s.283-284)","https://turkomp.tarimorman.gov.tr/food-uzum-beyaz-orta-mevsim-razaki-cesidi-324","2026-08-18T20:30:00Z",,,"needs_review","regular = the published TÜBER Ek 2.3.1 standard portion for ""Üzüm"" (150 g). | small = APP-DERIVED as 0.5x the published unit weight (portion policy portion-policy-v2, category fruit_whole). Discrete foods are counted in units, not scaled by a factor. This is a product reference size, NOT published by TÜBER. | large = APP-DERIVED as 2.0x the published unit weight (portion policy portion-policy-v2, category fruit_whole). Discrete foods are counted in units, not scaled by a factor. This is a product reference size, NOT published by TÜBER. | Composition is the published TürKomp per-100 g record 09.01.0050; no scaling applied."
,"Üzüm, beyaz, orta mevsim, Razaki çeşidi",,"uzum-beyaz-orta-mevsim-razaki-cesidi",,"large","300.0",,"food-portions/uzum-beyaz-orta-mevsim-razaki-cesidi/uzum-beyaz-orta-mevsim-razaki-cesidi--large--300g.webp","Photorealistic overhead food reference photograph of Üzüm, beyaz, orta mevsim, Razaki çeşidi, representing the LARGE controlled portion of 300 grams. Served on the exact same matte white plate used across the three portion variants. Fixed 85-degree overhead camera, fixed camera distance, neutral light stone tabletop, soft diffused daylight, natural appetizing food color, realistic household serving, entire plate visible, centered composition, no utensils, no hands, no napkin, no packaging, no logo, no text, no watermark, no decorative garnish unless part of the canonical recipe, no dramatic restaurant styling, no hard shadows. Only the amount of food should differ between portion variants. Square 1:1 composition, sRGB, production-quality mobile nutrition tracking reference image.","All three variants of Üzüm, beyaz, orta mevsim, Razaki çeşidi are the same scene, re-shot with a different amount of food. Identical across small/regular/large: the matte white plate and its diameter, the 85-degree overhead camera angle, the camera distance, the neutral light stone tabletop, the soft diffused daylight, the white balance, and the framing. The plate diameter is identical in all three renders; only the area, height and realistic volume of the food change. The food keeps the same color, cut and cooking state. Nothing is added or removed between variants — no sauce, oil, herb or side item appears in one variant and not another. Portion weights are 75 g / 150 g / 300 g and must read as visibly increasing at a 120-160 px thumbnail size. No weight, number or label may appear in the image itself.","TürKomp — Ulusal Gıda Kompozisyon Veri Tabanı","09.01.0050",,,,,,,"missing","","TÜBER 2022 Ek 2.3.1 — Besinlerin standart porsiyonlarının enerji ve besin ögesi içerikleri","Üzüm","https://hsgm.saglik.gov.tr/depo/birimler/saglikli-beslenme-ve-hareketli-hayat-db/Dokumanlar/Rehberler/Turkiye_Beslenme_Rehber_TUBER_2022_min.pdf","TÜBER 2022 (baskı tarihi 2023-08-08)","Ek 2.3.1 (s.283-284)","https://turkomp.tarimorman.gov.tr/food-uzum-beyaz-orta-mevsim-razaki-cesidi-324","2026-08-18T20:30:00Z",,,"needs_review","regular = the published TÜBER Ek 2.3.1 standard portion for ""Üzüm"" (150 g). | small = APP-DERIVED as 0.5x the published unit weight (portion policy portion-policy-v2, category fruit_whole). Discrete foods are counted in units, not scaled by a factor. This is a product reference size, NOT published by TÜBER. | large = APP-DERIVED as 2.0x the published unit weight (portion policy portion-policy-v2, category fruit_whole). Discrete foods are counted in units, not scaled by a factor. This is a product reference size, NOT published by TÜBER. | Composition is the published TürKomp per-100 g record 09.01.0050; no scaling applied."
,"Üzüm, renkli, erkenci, Kardinal çeşidi",,"uzum-renkli-erkenci-kardinal-cesidi",,"small","75.0",,"food-portions/uzum-renkli-erkenci-kardinal-cesidi/uzum-renkli-erkenci-kardinal-cesidi--small--75g.webp","Photorealistic overhead food reference photograph of Üzüm, renkli, erkenci, Kardinal çeşidi, representing the SMALL controlled portion of 75 grams. Served on the exact same matte white plate used across the three portion variants. Fixed 85-degree overhead camera, fixed camera distance, neutral light stone tabletop, soft diffused daylight, natural appetizing food color, realistic household serving, entire plate visible, centered composition, no utensils, no hands, no napkin, no packaging, no logo, no text, no watermark, no decorative garnish unless part of the canonical recipe, no dramatic restaurant styling, no hard shadows. Only the amount of food should differ between portion variants. Square 1:1 composition, sRGB, production-quality mobile nutrition tracking reference image.","All three variants of Üzüm, renkli, erkenci, Kardinal çeşidi are the same scene, re-shot with a different amount of food. Identical across small/regular/large: the matte white plate and its diameter, the 85-degree overhead camera angle, the camera distance, the neutral light stone tabletop, the soft diffused daylight, the white balance, and the framing. The plate diameter is identical in all three renders; only the area, height and realistic volume of the food change. The food keeps the same color, cut and cooking state. Nothing is added or removed between variants — no sauce, oil, herb or side item appears in one variant and not another. Portion weights are 75 g / 150 g / 300 g and must read as visibly increasing at a 120-160 px thumbnail size. No weight, number or label may appear in the image itself.","TürKomp — Ulusal Gıda Kompozisyon Veri Tabanı","09.01.0053",,,,,,,"missing","","TÜBER 2022 Ek 2.3.1 — Besinlerin standart porsiyonlarının enerji ve besin ögesi içerikleri","Üzüm","https://hsgm.saglik.gov.tr/depo/birimler/saglikli-beslenme-ve-hareketli-hayat-db/Dokumanlar/Rehberler/Turkiye_Beslenme_Rehber_TUBER_2022_min.pdf","TÜBER 2022 (baskı tarihi 2023-08-08)","Ek 2.3.1 (s.283-284)","https://turkomp.tarimorman.gov.tr/food-uzum-renkli-erkenci-kardinal-cesidi-323","2026-08-18T20:30:00Z",,,"needs_review","regular = the published TÜBER Ek 2.3.1 standard portion for ""Üzüm"" (150 g). | small = APP-DERIVED as 0.5x the published unit weight (portion policy portion-policy-v2, category fruit_whole). Discrete foods are counted in units, not scaled by a factor. This is a product reference size, NOT published by TÜBER. | large = APP-DERIVED as 2.0x the published unit weight (portion policy portion-policy-v2, category fruit_whole). Discrete foods are counted in units, not scaled by a factor. This is a product reference size, NOT published by TÜBER. | Composition is the published TürKomp per-100 g record 09.01.0053; no scaling applied."
,"Üzüm, renkli, erkenci, Kardinal çeşidi",,"uzum-renkli-erkenci-kardinal-cesidi",,"regular","150.0",,"food-portions/uzum-renkli-erkenci-kardinal-cesidi/uzum-renkli-erkenci-kardinal-cesidi--regular--150g.webp","Photorealistic overhead food reference photograph of Üzüm, renkli, erkenci, Kardinal çeşidi, representing the REGULAR controlled portion of 150 grams. Served on the exact same matte white plate used across the three portion variants. Fixed 85-degree overhead camera, fixed camera distance, neutral light stone tabletop, soft diffused daylight, natural appetizing food color, realistic household serving, entire plate visible, centered composition, no utensils, no hands, no napkin, no packaging, no logo, no text, no watermark, no decorative garnish unless part of the canonical recipe, no dramatic restaurant styling, no hard shadows. Only the amount of food should differ between portion variants. Square 1:1 composition, sRGB, production-quality mobile nutrition tracking reference image.","All three variants of Üzüm, renkli, erkenci, Kardinal çeşidi are the same scene, re-shot with a different amount of food. Identical across small/regular/large: the matte white plate and its diameter, the 85-degree overhead camera angle, the camera distance, the neutral light stone tabletop, the soft diffused daylight, the white balance, and the framing. The plate diameter is identical in all three renders; only the area, height and realistic volume of the food change. The food keeps the same color, cut and cooking state. Nothing is added or removed between variants — no sauce, oil, herb or side item appears in one variant and not another. Portion weights are 75 g / 150 g / 300 g and must read as visibly increasing at a 120-160 px thumbnail size. No weight, number or label may appear in the image itself.","TürKomp — Ulusal Gıda Kompozisyon Veri Tabanı","09.01.0053",,,,,,,"missing","","TÜBER 2022 Ek 2.3.1 — Besinlerin standart porsiyonlarının enerji ve besin ögesi içerikleri","Üzüm","https://hsgm.saglik.gov.tr/depo/birimler/saglikli-beslenme-ve-hareketli-hayat-db/Dokumanlar/Rehberler/Turkiye_Beslenme_Rehber_TUBER_2022_min.pdf","TÜBER 2022 (baskı tarihi 2023-08-08)","Ek 2.3.1 (s.283-284)","https://turkomp.tarimorman.gov.tr/food-uzum-renkli-erkenci-kardinal-cesidi-323","2026-08-18T20:30:00Z",,,"needs_review","regular = the published TÜBER Ek 2.3.1 standard portion for ""Üzüm"" (150 g). | small = APP-DERIVED as 0.5x the published unit weight (portion policy portion-policy-v2, category fruit_whole). Discrete foods are counted in units, not scaled by a factor. This is a product reference size, NOT published by TÜBER. | large = APP-DERIVED as 2.0x the published unit weight (portion policy portion-policy-v2, category fruit_whole). Discrete foods are counted in units, not scaled by a factor. This is a product reference size, NOT published by TÜBER. | Composition is the published TürKomp per-100 g record 09.01.0053; no scaling applied."
,"Üzüm, renkli, erkenci, Kardinal çeşidi",,"uzum-renkli-erkenci-kardinal-cesidi",,"large","300.0",,"food-portions/uzum-renkli-erkenci-kardinal-cesidi/uzum-renkli-erkenci-kardinal-cesidi--large--300g.webp","Photorealistic overhead food reference photograph of Üzüm, renkli, erkenci, Kardinal çeşidi, representing the LARGE controlled portion of 300 grams. Served on the exact same matte white plate used across the three portion variants. Fixed 85-degree overhead camera, fixed camera distance, neutral light stone tabletop, soft diffused daylight, natural appetizing food color, realistic household serving, entire plate visible, centered composition, no utensils, no hands, no napkin, no packaging, no logo, no text, no watermark, no decorative garnish unless part of the canonical recipe, no dramatic restaurant styling, no hard shadows. Only the amount of food should differ between portion variants. Square 1:1 composition, sRGB, production-quality mobile nutrition tracking reference image.","All three variants of Üzüm, renkli, erkenci, Kardinal çeşidi are the same scene, re-shot with a different amount of food. Identical across small/regular/large: the matte white plate and its diameter, the 85-degree overhead camera angle, the camera distance, the neutral light stone tabletop, the soft diffused daylight, the white balance, and the framing. The plate diameter is identical in all three renders; only the area, height and realistic volume of the food change. The food keeps the same color, cut and cooking state. Nothing is added or removed between variants — no sauce, oil, herb or side item appears in one variant and not another. Portion weights are 75 g / 150 g / 300 g and must read as visibly increasing at a 120-160 px thumbnail size. No weight, number or label may appear in the image itself.","TürKomp — Ulusal Gıda Kompozisyon Veri Tabanı","09.01.0053",,,,,,,"missing","","TÜBER 2022 Ek 2.3.1 — Besinlerin standart porsiyonlarının enerji ve besin ögesi içerikleri","Üzüm","https://hsgm.saglik.gov.tr/depo/birimler/saglikli-beslenme-ve-hareketli-hayat-db/Dokumanlar/Rehberler/Turkiye_Beslenme_Rehber_TUBER_2022_min.pdf","TÜBER 2022 (baskı tarihi 2023-08-08)","Ek 2.3.1 (s.283-284)","https://turkomp.tarimorman.gov.tr/food-uzum-renkli-erkenci-kardinal-cesidi-323","2026-08-18T20:30:00Z",,,"needs_review","regular = the published TÜBER Ek 2.3.1 standard portion for ""Üzüm"" (150 g). | small = APP-DERIVED as 0.5x the published unit weight (portion policy portion-policy-v2, category fruit_whole). Discrete foods are counted in units, not scaled by a factor. This is a product reference size, NOT published by TÜBER. | large = APP-DERIVED as 2.0x the published unit weight (portion policy portion-policy-v2, category fruit_whole). Discrete foods are counted in units, not scaled by a factor. This is a product reference size, NOT published by TÜBER. | Composition is the published TürKomp per-100 g record 09.01.0053; no scaling applied."
,"Üzüm, renkli, geç mevsim, Hönüsü çeşidi",,"uzum-renkli-gec-mevsim-honusu-cesidi",,"small","75.0",,"food-portions/uzum-renkli-gec-mevsim-honusu-cesidi/uzum-renkli-gec-mevsim-honusu-cesidi--small--75g.webp","Photorealistic overhead food reference photograph of Üzüm, renkli, geç mevsim, Hönüsü çeşidi, representing the SMALL controlled portion of 75 grams. Served on the exact same matte white plate used across the three portion variants. Fixed 85-degree overhead camera, fixed camera distance, neutral light stone tabletop, soft diffused daylight, natural appetizing food color, realistic household serving, entire plate visible, centered composition, no utensils, no hands, no napkin, no packaging, no logo, no text, no watermark, no decorative garnish unless part of the canonical recipe, no dramatic restaurant styling, no hard shadows. Only the amount of food should differ between portion variants. Square 1:1 composition, sRGB, production-quality mobile nutrition tracking reference image.","All three variants of Üzüm, renkli, geç mevsim, Hönüsü çeşidi are the same scene, re-shot with a different amount of food. Identical across small/regular/large: the matte white plate and its diameter, the 85-degree overhead camera angle, the camera distance, the neutral light stone tabletop, the soft diffused daylight, the white balance, and the framing. The plate diameter is identical in all three renders; only the area, height and realistic volume of the food change. The food keeps the same color, cut and cooking state. Nothing is added or removed between variants — no sauce, oil, herb or side item appears in one variant and not another. Portion weights are 75 g / 150 g / 300 g and must read as visibly increasing at a 120-160 px thumbnail size. No weight, number or label may appear in the image itself.","TürKomp — Ulusal Gıda Kompozisyon Veri Tabanı","09.01.0054",,,,,,,"missing","","TÜBER 2022 Ek 2.3.1 — Besinlerin standart porsiyonlarının enerji ve besin ögesi içerikleri","Üzüm","https://hsgm.saglik.gov.tr/depo/birimler/saglikli-beslenme-ve-hareketli-hayat-db/Dokumanlar/Rehberler/Turkiye_Beslenme_Rehber_TUBER_2022_min.pdf","TÜBER 2022 (baskı tarihi 2023-08-08)","Ek 2.3.1 (s.283-284)","https://turkomp.tarimorman.gov.tr/food-uzum-renkli-gec-mevsim-honusu-cesidi-329","2026-08-18T20:30:00Z",,,"needs_review","regular = the published TÜBER Ek 2.3.1 standard portion for ""Üzüm"" (150 g). | small = APP-DERIVED as 0.5x the published unit weight (portion policy portion-policy-v2, category fruit_whole). Discrete foods are counted in units, not scaled by a factor. This is a product reference size, NOT published by TÜBER. | large = APP-DERIVED as 2.0x the published unit weight (portion policy portion-policy-v2, category fruit_whole). Discrete foods are counted in units, not scaled by a factor. This is a product reference size, NOT published by TÜBER. | Composition is the published TürKomp per-100 g record 09.01.0054; no scaling applied."
,"Üzüm, renkli, geç mevsim, Hönüsü çeşidi",,"uzum-renkli-gec-mevsim-honusu-cesidi",,"regular","150.0",,"food-portions/uzum-renkli-gec-mevsim-honusu-cesidi/uzum-renkli-gec-mevsim-honusu-cesidi--regular--150g.webp","Photorealistic overhead food reference photograph of Üzüm, renkli, geç mevsim, Hönüsü çeşidi, representing the REGULAR controlled portion of 150 grams. Served on the exact same matte white plate used across the three portion variants. Fixed 85-degree overhead camera, fixed camera distance, neutral light stone tabletop, soft diffused daylight, natural appetizing food color, realistic household serving, entire plate visible, centered composition, no utensils, no hands, no napkin, no packaging, no logo, no text, no watermark, no decorative garnish unless part of the canonical recipe, no dramatic restaurant styling, no hard shadows. Only the amount of food should differ between portion variants. Square 1:1 composition, sRGB, production-quality mobile nutrition tracking reference image.","All three variants of Üzüm, renkli, geç mevsim, Hönüsü çeşidi are the same scene, re-shot with a different amount of food. Identical across small/regular/large: the matte white plate and its diameter, the 85-degree overhead camera angle, the camera distance, the neutral light stone tabletop, the soft diffused daylight, the white balance, and the framing. The plate diameter is identical in all three renders; only the area, height and realistic volume of the food change. The food keeps the same color, cut and cooking state. Nothing is added or removed between variants — no sauce, oil, herb or side item appears in one variant and not another. Portion weights are 75 g / 150 g / 300 g and must read as visibly increasing at a 120-160 px thumbnail size. No weight, number or label may appear in the image itself.","TürKomp — Ulusal Gıda Kompozisyon Veri Tabanı","09.01.0054",,,,,,,"missing","","TÜBER 2022 Ek 2.3.1 — Besinlerin standart porsiyonlarının enerji ve besin ögesi içerikleri","Üzüm","https://hsgm.saglik.gov.tr/depo/birimler/saglikli-beslenme-ve-hareketli-hayat-db/Dokumanlar/Rehberler/Turkiye_Beslenme_Rehber_TUBER_2022_min.pdf","TÜBER 2022 (baskı tarihi 2023-08-08)","Ek 2.3.1 (s.283-284)","https://turkomp.tarimorman.gov.tr/food-uzum-renkli-gec-mevsim-honusu-cesidi-329","2026-08-18T20:30:00Z",,,"needs_review","regular = the published TÜBER Ek 2.3.1 standard portion for ""Üzüm"" (150 g). | small = APP-DERIVED as 0.5x the published unit weight (portion policy portion-policy-v2, category fruit_whole). Discrete foods are counted in units, not scaled by a factor. This is a product reference size, NOT published by TÜBER. | large = APP-DERIVED as 2.0x the published unit weight (portion policy portion-policy-v2, category fruit_whole). Discrete foods are counted in units, not scaled by a factor. This is a product reference size, NOT published by TÜBER. | Composition is the published TürKomp per-100 g record 09.01.0054; no scaling applied."
,"Üzüm, renkli, geç mevsim, Hönüsü çeşidi",,"uzum-renkli-gec-mevsim-honusu-cesidi",,"large","300.0",,"food-portions/uzum-renkli-gec-mevsim-honusu-cesidi/uzum-renkli-gec-mevsim-honusu-cesidi--large--300g.webp","Photorealistic overhead food reference photograph of Üzüm, renkli, geç mevsim, Hönüsü çeşidi, representing the LARGE controlled portion of 300 grams. Served on the exact same matte white plate used across the three portion variants. Fixed 85-degree overhead camera, fixed camera distance, neutral light stone tabletop, soft diffused daylight, natural appetizing food color, realistic household serving, entire plate visible, centered composition, no utensils, no hands, no napkin, no packaging, no logo, no text, no watermark, no decorative garnish unless part of the canonical recipe, no dramatic restaurant styling, no hard shadows. Only the amount of food should differ between portion variants. Square 1:1 composition, sRGB, production-quality mobile nutrition tracking reference image.","All three variants of Üzüm, renkli, geç mevsim, Hönüsü çeşidi are the same scene, re-shot with a different amount of food. Identical across small/regular/large: the matte white plate and its diameter, the 85-degree overhead camera angle, the camera distance, the neutral light stone tabletop, the soft diffused daylight, the white balance, and the framing. The plate diameter is identical in all three renders; only the area, height and realistic volume of the food change. The food keeps the same color, cut and cooking state. Nothing is added or removed between variants — no sauce, oil, herb or side item appears in one variant and not another. Portion weights are 75 g / 150 g / 300 g and must read as visibly increasing at a 120-160 px thumbnail size. No weight, number or label may appear in the image itself.","TürKomp — Ulusal Gıda Kompozisyon Veri Tabanı","09.01.0054",,,,,,,"missing","","TÜBER 2022 Ek 2.3.1 — Besinlerin standart porsiyonlarının enerji ve besin ögesi içerikleri","Üzüm","https://hsgm.saglik.gov.tr/depo/birimler/saglikli-beslenme-ve-hareketli-hayat-db/Dokumanlar/Rehberler/Turkiye_Beslenme_Rehber_TUBER_2022_min.pdf","TÜBER 2022 (baskı tarihi 2023-08-08)","Ek 2.3.1 (s.283-284)","https://turkomp.tarimorman.gov.tr/food-uzum-renkli-gec-mevsim-honusu-cesidi-329","2026-08-18T20:30:00Z",,,"needs_review","regular = the published TÜBER Ek 2.3.1 standard portion for ""Üzüm"" (150 g). | small = APP-DERIVED as 0.5x the published unit weight (portion policy portion-policy-v2, category fruit_whole). Discrete foods are counted in units, not scaled by a factor. This is a product reference size, NOT published by TÜBER. | large = APP-DERIVED as 2.0x the published unit weight (portion policy portion-policy-v2, category fruit_whole). Discrete foods are counted in units, not scaled by a factor. This is a product reference size, NOT published by TÜBER. | Composition is the published TürKomp per-100 g record 09.01.0054; no scaling applied."
,"Üzüm, renkli, orta mevsim, Alphonse Lavalle çeşidi",,"uzum-renkli-orta-mevsim-alphonse-lavalle-cesidi",,"small","75.0",,"food-portions/uzum-renkli-orta-mevsim-alphonse-lavalle-cesidi/uzum-renkli-orta-mevsim-alphonse-lavalle-cesidi--small--75g.webp","Photorealistic overhead food reference photograph of Üzüm, renkli, orta mevsim, Alphonse Lavalle çeşidi, representing the SMALL controlled portion of 75 grams. Served on the exact same matte white plate used across the three portion variants. Fixed 85-degree overhead camera, fixed camera distance, neutral light stone tabletop, soft diffused daylight, natural appetizing food color, realistic household serving, entire plate visible, centered composition, no utensils, no hands, no napkin, no packaging, no logo, no text, no watermark, no decorative garnish unless part of the canonical recipe, no dramatic restaurant styling, no hard shadows. Only the amount of food should differ between portion variants. Square 1:1 composition, sRGB, production-quality mobile nutrition tracking reference image.","All three variants of Üzüm, renkli, orta mevsim, Alphonse Lavalle çeşidi are the same scene, re-shot with a different amount of food. Identical across small/regular/large: the matte white plate and its diameter, the 85-degree overhead camera angle, the camera distance, the neutral light stone tabletop, the soft diffused daylight, the white balance, and the framing. The plate diameter is identical in all three renders; only the area, height and realistic volume of the food change. The food keeps the same color, cut and cooking state. Nothing is added or removed between variants — no sauce, oil, herb or side item appears in one variant and not another. Portion weights are 75 g / 150 g / 300 g and must read as visibly increasing at a 120-160 px thumbnail size. No weight, number or label may appear in the image itself.","TürKomp — Ulusal Gıda Kompozisyon Veri Tabanı","09.01.0055",,,,,,,"missing","","TÜBER 2022 Ek 2.3.1 — Besinlerin standart porsiyonlarının enerji ve besin ögesi içerikleri","Üzüm","https://hsgm.saglik.gov.tr/depo/birimler/saglikli-beslenme-ve-hareketli-hayat-db/Dokumanlar/Rehberler/Turkiye_Beslenme_Rehber_TUBER_2022_min.pdf","TÜBER 2022 (baskı tarihi 2023-08-08)","Ek 2.3.1 (s.283-284)","https://turkomp.tarimorman.gov.tr/food-uzum-renkli-orta-mevsim-alphonse-lavalle-cesidi-325","2026-08-18T20:30:00Z",,,"needs_review","regular = the published TÜBER Ek 2.3.1 standard portion for ""Üzüm"" (150 g). | small = APP-DERIVED as 0.5x the published unit weight (portion policy portion-policy-v2, category fruit_whole). Discrete foods are counted in units, not scaled by a factor. This is a product reference size, NOT published by TÜBER. | large = APP-DERIVED as 2.0x the published unit weight (portion policy portion-policy-v2, category fruit_whole). Discrete foods are counted in units, not scaled by a factor. This is a product reference size, NOT published by TÜBER. | Composition is the published TürKomp per-100 g record 09.01.0055; no scaling applied."
,"Üzüm, renkli, orta mevsim, Alphonse Lavalle çeşidi",,"uzum-renkli-orta-mevsim-alphonse-lavalle-cesidi",,"regular","150.0",,"food-portions/uzum-renkli-orta-mevsim-alphonse-lavalle-cesidi/uzum-renkli-orta-mevsim-alphonse-lavalle-cesidi--regular--150g.webp","Photorealistic overhead food reference photograph of Üzüm, renkli, orta mevsim, Alphonse Lavalle çeşidi, representing the REGULAR controlled portion of 150 grams. Served on the exact same matte white plate used across the three portion variants. Fixed 85-degree overhead camera, fixed camera distance, neutral light stone tabletop, soft diffused daylight, natural appetizing food color, realistic household serving, entire plate visible, centered composition, no utensils, no hands, no napkin, no packaging, no logo, no text, no watermark, no decorative garnish unless part of the canonical recipe, no dramatic restaurant styling, no hard shadows. Only the amount of food should differ between portion variants. Square 1:1 composition, sRGB, production-quality mobile nutrition tracking reference image.","All three variants of Üzüm, renkli, orta mevsim, Alphonse Lavalle çeşidi are the same scene, re-shot with a different amount of food. Identical across small/regular/large: the matte white plate and its diameter, the 85-degree overhead camera angle, the camera distance, the neutral light stone tabletop, the soft diffused daylight, the white balance, and the framing. The plate diameter is identical in all three renders; only the area, height and realistic volume of the food change. The food keeps the same color, cut and cooking state. Nothing is added or removed between variants — no sauce, oil, herb or side item appears in one variant and not another. Portion weights are 75 g / 150 g / 300 g and must read as visibly increasing at a 120-160 px thumbnail size. No weight, number or label may appear in the image itself.","TürKomp — Ulusal Gıda Kompozisyon Veri Tabanı","09.01.0055",,,,,,,"missing","","TÜBER 2022 Ek 2.3.1 — Besinlerin standart porsiyonlarının enerji ve besin ögesi içerikleri","Üzüm","https://hsgm.saglik.gov.tr/depo/birimler/saglikli-beslenme-ve-hareketli-hayat-db/Dokumanlar/Rehberler/Turkiye_Beslenme_Rehber_TUBER_2022_min.pdf","TÜBER 2022 (baskı tarihi 2023-08-08)","Ek 2.3.1 (s.283-284)","https://turkomp.tarimorman.gov.tr/food-uzum-renkli-orta-mevsim-alphonse-lavalle-cesidi-325","2026-08-18T20:30:00Z",,,"needs_review","regular = the published TÜBER Ek 2.3.1 standard portion for ""Üzüm"" (150 g). | small = APP-DERIVED as 0.5x the published unit weight (portion policy portion-policy-v2, category fruit_whole). Discrete foods are counted in units, not scaled by a factor. This is a product reference size, NOT published by TÜBER. | large = APP-DERIVED as 2.0x the published unit weight (portion policy portion-policy-v2, category fruit_whole). Discrete foods are counted in units, not scaled by a factor. This is a product reference size, NOT published by TÜBER. | Composition is the published TürKomp per-100 g record 09.01.0055; no scaling applied."
,"Üzüm, renkli, orta mevsim, Alphonse Lavalle çeşidi",,"uzum-renkli-orta-mevsim-alphonse-lavalle-cesidi",,"large","300.0",,"food-portions/uzum-renkli-orta-mevsim-alphonse-lavalle-cesidi/uzum-renkli-orta-mevsim-alphonse-lavalle-cesidi--large--300g.webp","Photorealistic overhead food reference photograph of Üzüm, renkli, orta mevsim, Alphonse Lavalle çeşidi, representing the LARGE controlled portion of 300 grams. Served on the exact same matte white plate used across the three portion variants. Fixed 85-degree overhead camera, fixed camera distance, neutral light stone tabletop, soft diffused daylight, natural appetizing food color, realistic household serving, entire plate visible, centered composition, no utensils, no hands, no napkin, no packaging, no logo, no text, no watermark, no decorative garnish unless part of the canonical recipe, no dramatic restaurant styling, no hard shadows. Only the amount of food should differ between portion variants. Square 1:1 composition, sRGB, production-quality mobile nutrition tracking reference image.","All three variants of Üzüm, renkli, orta mevsim, Alphonse Lavalle çeşidi are the same scene, re-shot with a different amount of food. Identical across small/regular/large: the matte white plate and its diameter, the 85-degree overhead camera angle, the camera distance, the neutral light stone tabletop, the soft diffused daylight, the white balance, and the framing. The plate diameter is identical in all three renders; only the area, height and realistic volume of the food change. The food keeps the same color, cut and cooking state. Nothing is added or removed between variants — no sauce, oil, herb or side item appears in one variant and not another. Portion weights are 75 g / 150 g / 300 g and must read as visibly increasing at a 120-160 px thumbnail size. No weight, number or label may appear in the image itself.","TürKomp — Ulusal Gıda Kompozisyon Veri Tabanı","09.01.0055",,,,,,,"missing","","TÜBER 2022 Ek 2.3.1 — Besinlerin standart porsiyonlarının enerji ve besin ögesi içerikleri","Üzüm","https://hsgm.saglik.gov.tr/depo/birimler/saglikli-beslenme-ve-hareketli-hayat-db/Dokumanlar/Rehberler/Turkiye_Beslenme_Rehber_TUBER_2022_min.pdf","TÜBER 2022 (baskı tarihi 2023-08-08)","Ek 2.3.1 (s.283-284)","https://turkomp.tarimorman.gov.tr/food-uzum-renkli-orta-mevsim-alphonse-lavalle-cesidi-325","2026-08-18T20:30:00Z",,,"needs_review","regular = the published TÜBER Ek 2.3.1 standard portion for ""Üzüm"" (150 g). | small = APP-DERIVED as 0.5x the published unit weight (portion policy portion-policy-v2, category fruit_whole). Discrete foods are counted in units, not scaled by a factor. This is a product reference size, NOT published by TÜBER. | large = APP-DERIVED as 2.0x the published unit weight (portion policy portion-policy-v2, category fruit_whole). Discrete foods are counted in units, not scaled by a factor. This is a product reference size, NOT published by TÜBER. | Composition is the published TürKomp per-100 g record 09.01.0055; no scaling applied."
,"Elma, güzlük ve kışlık, Fuji çeşidi",,"elma-guzluk-ve-kislik-fuji-cesidi",,"small","75.0",,"food-portions/elma-guzluk-ve-kislik-fuji-cesidi/elma-guzluk-ve-kislik-fuji-cesidi--small--75g.webp","Photorealistic overhead food reference photograph of Elma, güzlük ve kışlık, Fuji çeşidi, representing the SMALL controlled portion of 75 grams. Served on the exact same matte white plate used across the three portion variants. Fixed 85-degree overhead camera, fixed camera distance, neutral light stone tabletop, soft diffused daylight, natural appetizing food color, realistic household serving, entire plate visible, centered composition, no utensils, no hands, no napkin, no packaging, no logo, no text, no watermark, no decorative garnish unless part of the canonical recipe, no dramatic restaurant styling, no hard shadows. Only the amount of food should differ between portion variants. Square 1:1 composition, sRGB, production-quality mobile nutrition tracking reference image.","All three variants of Elma, güzlük ve kışlık, Fuji çeşidi are the same scene, re-shot with a different amount of food. Identical across small/regular/large: the matte white plate and its diameter, the 85-degree overhead camera angle, the camera distance, the neutral light stone tabletop, the soft diffused daylight, the white balance, and the framing. The plate diameter is identical in all three renders; only the area, height and realistic volume of the food change. The food keeps the same color, cut and cooking state. Nothing is added or removed between variants — no sauce, oil, herb or side item appears in one variant and not another. Portion weights are 75 g / 150 g / 300 g and must read as visibly increasing at a 120-160 px thumbnail size. No weight, number or label may appear in the image itself.","TürKomp — Ulusal Gıda Kompozisyon Veri Tabanı","09.01.0064",,,,,,,"missing","","TÜBER 2022 Ek 2.3.1 — Besinlerin standart porsiyonlarının enerji ve besin ögesi içerikleri","Elma","https://hsgm.saglik.gov.tr/depo/birimler/saglikli-beslenme-ve-hareketli-hayat-db/Dokumanlar/Rehberler/Turkiye_Beslenme_Rehber_TUBER_2022_min.pdf","TÜBER 2022 (baskı tarihi 2023-08-08)","Ek 2.3.1 (s.283-284)","https://turkomp.tarimorman.gov.tr/food-elma-guzluk-ve-kislik-fuji-cesidi-333","2026-08-18T20:30:00Z",,,"needs_review","regular = the published TÜBER Ek 2.3.1 standard portion for ""Elma"" (150 g). | small = APP-DERIVED as 0.5x the published unit weight (portion policy portion-policy-v2, category fruit_whole). Discrete foods are counted in units, not scaled by a factor. This is a product reference size, NOT published by TÜBER. | large = APP-DERIVED as 2.0x the published unit weight (portion policy portion-policy-v2, category fruit_whole). Discrete foods are counted in units, not scaled by a factor. This is a product reference size, NOT published by TÜBER. | Composition is the published TürKomp per-100 g record 09.01.0064; no scaling applied."
,"Elma, güzlük ve kışlık, Fuji çeşidi",,"elma-guzluk-ve-kislik-fuji-cesidi",,"regular","150.0",,"food-portions/elma-guzluk-ve-kislik-fuji-cesidi/elma-guzluk-ve-kislik-fuji-cesidi--regular--150g.webp","Photorealistic overhead food reference photograph of Elma, güzlük ve kışlık, Fuji çeşidi, representing the REGULAR controlled portion of 150 grams. Served on the exact same matte white plate used across the three portion variants. Fixed 85-degree overhead camera, fixed camera distance, neutral light stone tabletop, soft diffused daylight, natural appetizing food color, realistic household serving, entire plate visible, centered composition, no utensils, no hands, no napkin, no packaging, no logo, no text, no watermark, no decorative garnish unless part of the canonical recipe, no dramatic restaurant styling, no hard shadows. Only the amount of food should differ between portion variants. Square 1:1 composition, sRGB, production-quality mobile nutrition tracking reference image.","All three variants of Elma, güzlük ve kışlık, Fuji çeşidi are the same scene, re-shot with a different amount of food. Identical across small/regular/large: the matte white plate and its diameter, the 85-degree overhead camera angle, the camera distance, the neutral light stone tabletop, the soft diffused daylight, the white balance, and the framing. The plate diameter is identical in all three renders; only the area, height and realistic volume of the food change. The food keeps the same color, cut and cooking state. Nothing is added or removed between variants — no sauce, oil, herb or side item appears in one variant and not another. Portion weights are 75 g / 150 g / 300 g and must read as visibly increasing at a 120-160 px thumbnail size. No weight, number or label may appear in the image itself.","TürKomp — Ulusal Gıda Kompozisyon Veri Tabanı","09.01.0064",,,,,,,"missing","","TÜBER 2022 Ek 2.3.1 — Besinlerin standart porsiyonlarının enerji ve besin ögesi içerikleri","Elma","https://hsgm.saglik.gov.tr/depo/birimler/saglikli-beslenme-ve-hareketli-hayat-db/Dokumanlar/Rehberler/Turkiye_Beslenme_Rehber_TUBER_2022_min.pdf","TÜBER 2022 (baskı tarihi 2023-08-08)","Ek 2.3.1 (s.283-284)","https://turkomp.tarimorman.gov.tr/food-elma-guzluk-ve-kislik-fuji-cesidi-333","2026-08-18T20:30:00Z",,,"needs_review","regular = the published TÜBER Ek 2.3.1 standard portion for ""Elma"" (150 g). | small = APP-DERIVED as 0.5x the published unit weight (portion policy portion-policy-v2, category fruit_whole). Discrete foods are counted in units, not scaled by a factor. This is a product reference size, NOT published by TÜBER. | large = APP-DERIVED as 2.0x the published unit weight (portion policy portion-policy-v2, category fruit_whole). Discrete foods are counted in units, not scaled by a factor. This is a product reference size, NOT published by TÜBER. | Composition is the published TürKomp per-100 g record 09.01.0064; no scaling applied."
,"Elma, güzlük ve kışlık, Fuji çeşidi",,"elma-guzluk-ve-kislik-fuji-cesidi",,"large","300.0",,"food-portions/elma-guzluk-ve-kislik-fuji-cesidi/elma-guzluk-ve-kislik-fuji-cesidi--large--300g.webp","Photorealistic overhead food reference photograph of Elma, güzlük ve kışlık, Fuji çeşidi, representing the LARGE controlled portion of 300 grams. Served on the exact same matte white plate used across the three portion variants. Fixed 85-degree overhead camera, fixed camera distance, neutral light stone tabletop, soft diffused daylight, natural appetizing food color, realistic household serving, entire plate visible, centered composition, no utensils, no hands, no napkin, no packaging, no logo, no text, no watermark, no decorative garnish unless part of the canonical recipe, no dramatic restaurant styling, no hard shadows. Only the amount of food should differ between portion variants. Square 1:1 composition, sRGB, production-quality mobile nutrition tracking reference image.","All three variants of Elma, güzlük ve kışlık, Fuji çeşidi are the same scene, re-shot with a different amount of food. Identical across small/regular/large: the matte white plate and its diameter, the 85-degree overhead camera angle, the camera distance, the neutral light stone tabletop, the soft diffused daylight, the white balance, and the framing. The plate diameter is identical in all three renders; only the area, height and realistic volume of the food change. The food keeps the same color, cut and cooking state. Nothing is added or removed between variants — no sauce, oil, herb or side item appears in one variant and not another. Portion weights are 75 g / 150 g / 300 g and must read as visibly increasing at a 120-160 px thumbnail size. No weight, number or label may appear in the image itself.","TürKomp — Ulusal Gıda Kompozisyon Veri Tabanı","09.01.0064",,,,,,,"missing","","TÜBER 2022 Ek 2.3.1 — Besinlerin standart porsiyonlarının enerji ve besin ögesi içerikleri","Elma","https://hsgm.saglik.gov.tr/depo/birimler/saglikli-beslenme-ve-hareketli-hayat-db/Dokumanlar/Rehberler/Turkiye_Beslenme_Rehber_TUBER_2022_min.pdf","TÜBER 2022 (baskı tarihi 2023-08-08)","Ek 2.3.1 (s.283-284)","https://turkomp.tarimorman.gov.tr/food-elma-guzluk-ve-kislik-fuji-cesidi-333","2026-08-18T20:30:00Z",,,"needs_review","regular = the published TÜBER Ek 2.3.1 standard portion for ""Elma"" (150 g). | small = APP-DERIVED as 0.5x the published unit weight (portion policy portion-policy-v2, category fruit_whole). Discrete foods are counted in units, not scaled by a factor. This is a product reference size, NOT published by TÜBER. | large = APP-DERIVED as 2.0x the published unit weight (portion policy portion-policy-v2, category fruit_whole). Discrete foods are counted in units, not scaled by a factor. This is a product reference size, NOT published by TÜBER. | Composition is the published TürKomp per-100 g record 09.01.0064; no scaling applied."
,"Erik, Avrupa erik grubu, kuru",,"erik-avrupa-erik-grubu-kuru",,"small","20.0",,"food-portions/erik-avrupa-erik-grubu-kuru/erik-avrupa-erik-grubu-kuru--small--20g.webp","Photorealistic overhead food reference photograph of Erik, Avrupa erik grubu, kuru, representing the SMALL controlled portion of 20 grams. Served on the exact same matte white small side plate used across the three portion variants. Fixed 85-degree overhead camera, fixed camera distance, neutral light stone tabletop, soft diffused daylight, natural appetizing food color, realistic household serving, entire small side plate visible, centered composition, no utensils, no hands, no napkin, no packaging, no logo, no text, no watermark, no decorative garnish unless part of the canonical recipe, no dramatic restaurant styling, no hard shadows. Only the amount of food should differ between portion variants. Square 1:1 composition, sRGB, production-quality mobile nutrition tracking reference image.","All three variants of Erik, Avrupa erik grubu, kuru are the same scene, re-shot with a different amount of food. Identical across small/regular/large: the matte white small side plate and its diameter, the 85-degree overhead camera angle, the camera distance, the neutral light stone tabletop, the soft diffused daylight, the white balance, and the framing. The small side plate diameter is identical in all three renders; only the area, height and realistic volume of the food change. The food keeps the same color, cut and cooking state. Nothing is added or removed between variants — no sauce, oil, herb or side item appears in one variant and not another. Portion weights are 20 g / 30 g / 45 g and must read as visibly increasing at a 120-160 px thumbnail size. No weight, number or label may appear in the image itself.","TürKomp — Ulusal Gıda Kompozisyon Veri Tabanı","09.02.0006",,,,,,,"missing","","TÜBER 2022 Ek 2.3.1 — Besinlerin standart porsiyonlarının enerji ve besin ögesi içerikleri","Erik (kuru)","https://hsgm.saglik.gov.tr/depo/birimler/saglikli-beslenme-ve-hareketli-hayat-db/Dokumanlar/Rehberler/Turkiye_Beslenme_Rehber_TUBER_2022_min.pdf","TÜBER 2022 (baskı tarihi 2023-08-08)","Ek 2.3.1 (s.283-284)","https://turkomp.tarimorman.gov.tr/food-erik-avrupa-erik-grubu-kuru-343","2026-08-18T20:30:00Z",,,"needs_review","regular = the published TÜBER Ek 2.3.1 standard portion for ""Erik (kuru)"" (30 g). | small = APP-DERIVED from regular using portion policy portion-policy-v2 (category dried_fruit), rounded to 5 g steps. This is a product reference size, NOT a value published by TÜBER. | large = APP-DERIVED from regular using portion policy portion-policy-v2 (category dried_fruit), rounded to 5 g steps. This is a product reference size, NOT a value published by TÜBER. | Composition is the published TürKomp per-100 g record 09.02.0006; no scaling applied."
,"Erik, Avrupa erik grubu, kuru",,"erik-avrupa-erik-grubu-kuru",,"regular","30.0",,"food-portions/erik-avrupa-erik-grubu-kuru/erik-avrupa-erik-grubu-kuru--regular--30g.webp","Photorealistic overhead food reference photograph of Erik, Avrupa erik grubu, kuru, representing the REGULAR controlled portion of 30 grams. Served on the exact same matte white small side plate used across the three portion variants. Fixed 85-degree overhead camera, fixed camera distance, neutral light stone tabletop, soft diffused daylight, natural appetizing food color, realistic household serving, entire small side plate visible, centered composition, no utensils, no hands, no napkin, no packaging, no logo, no text, no watermark, no decorative garnish unless part of the canonical recipe, no dramatic restaurant styling, no hard shadows. Only the amount of food should differ between portion variants. Square 1:1 composition, sRGB, production-quality mobile nutrition tracking reference image.","All three variants of Erik, Avrupa erik grubu, kuru are the same scene, re-shot with a different amount of food. Identical across small/regular/large: the matte white small side plate and its diameter, the 85-degree overhead camera angle, the camera distance, the neutral light stone tabletop, the soft diffused daylight, the white balance, and the framing. The small side plate diameter is identical in all three renders; only the area, height and realistic volume of the food change. The food keeps the same color, cut and cooking state. Nothing is added or removed between variants — no sauce, oil, herb or side item appears in one variant and not another. Portion weights are 20 g / 30 g / 45 g and must read as visibly increasing at a 120-160 px thumbnail size. No weight, number or label may appear in the image itself.","TürKomp — Ulusal Gıda Kompozisyon Veri Tabanı","09.02.0006",,,,,,,"missing","","TÜBER 2022 Ek 2.3.1 — Besinlerin standart porsiyonlarının enerji ve besin ögesi içerikleri","Erik (kuru)","https://hsgm.saglik.gov.tr/depo/birimler/saglikli-beslenme-ve-hareketli-hayat-db/Dokumanlar/Rehberler/Turkiye_Beslenme_Rehber_TUBER_2022_min.pdf","TÜBER 2022 (baskı tarihi 2023-08-08)","Ek 2.3.1 (s.283-284)","https://turkomp.tarimorman.gov.tr/food-erik-avrupa-erik-grubu-kuru-343","2026-08-18T20:30:00Z",,,"needs_review","regular = the published TÜBER Ek 2.3.1 standard portion for ""Erik (kuru)"" (30 g). | small = APP-DERIVED from regular using portion policy portion-policy-v2 (category dried_fruit), rounded to 5 g steps. This is a product reference size, NOT a value published by TÜBER. | large = APP-DERIVED from regular using portion policy portion-policy-v2 (category dried_fruit), rounded to 5 g steps. This is a product reference size, NOT a value published by TÜBER. | Composition is the published TürKomp per-100 g record 09.02.0006; no scaling applied."
,"Erik, Avrupa erik grubu, kuru",,"erik-avrupa-erik-grubu-kuru",,"large","45.0",,"food-portions/erik-avrupa-erik-grubu-kuru/erik-avrupa-erik-grubu-kuru--large--45g.webp","Photorealistic overhead food reference photograph of Erik, Avrupa erik grubu, kuru, representing the LARGE controlled portion of 45 grams. Served on the exact same matte white small side plate used across the three portion variants. Fixed 85-degree overhead camera, fixed camera distance, neutral light stone tabletop, soft diffused daylight, natural appetizing food color, realistic household serving, entire small side plate visible, centered composition, no utensils, no hands, no napkin, no packaging, no logo, no text, no watermark, no decorative garnish unless part of the canonical recipe, no dramatic restaurant styling, no hard shadows. Only the amount of food should differ between portion variants. Square 1:1 composition, sRGB, production-quality mobile nutrition tracking reference image.","All three variants of Erik, Avrupa erik grubu, kuru are the same scene, re-shot with a different amount of food. Identical across small/regular/large: the matte white small side plate and its diameter, the 85-degree overhead camera angle, the camera distance, the neutral light stone tabletop, the soft diffused daylight, the white balance, and the framing. The small side plate diameter is identical in all three renders; only the area, height and realistic volume of the food change. The food keeps the same color, cut and cooking state. Nothing is added or removed between variants — no sauce, oil, herb or side item appears in one variant and not another. Portion weights are 20 g / 30 g / 45 g and must read as visibly increasing at a 120-160 px thumbnail size. No weight, number or label may appear in the image itself.","TürKomp — Ulusal Gıda Kompozisyon Veri Tabanı","09.02.0006",,,,,,,"missing","","TÜBER 2022 Ek 2.3.1 — Besinlerin standart porsiyonlarının enerji ve besin ögesi içerikleri","Erik (kuru)","https://hsgm.saglik.gov.tr/depo/birimler/saglikli-beslenme-ve-hareketli-hayat-db/Dokumanlar/Rehberler/Turkiye_Beslenme_Rehber_TUBER_2022_min.pdf","TÜBER 2022 (baskı tarihi 2023-08-08)","Ek 2.3.1 (s.283-284)","https://turkomp.tarimorman.gov.tr/food-erik-avrupa-erik-grubu-kuru-343","2026-08-18T20:30:00Z",,,"needs_review","regular = the published TÜBER Ek 2.3.1 standard portion for ""Erik (kuru)"" (30 g). | small = APP-DERIVED from regular using portion policy portion-policy-v2 (category dried_fruit), rounded to 5 g steps. This is a product reference size, NOT a value published by TÜBER. | large = APP-DERIVED from regular using portion policy portion-policy-v2 (category dried_fruit), rounded to 5 g steps. This is a product reference size, NOT a value published by TÜBER. | Composition is the published TürKomp per-100 g record 09.02.0006; no scaling applied."
,"Kayısı, Hacıhaliloğlu, günkurusu",,"kayisi-hacihaliloglu-gunkurusu",,"small","20.0",,"food-portions/kayisi-hacihaliloglu-gunkurusu/kayisi-hacihaliloglu-gunkurusu--small--20g.webp","Photorealistic overhead food reference photograph of Kayısı, Hacıhaliloğlu, günkurusu, representing the SMALL controlled portion of 20 grams. Served on the exact same matte white small side plate used across the three portion variants. Fixed 85-degree overhead camera, fixed camera distance, neutral light stone tabletop, soft diffused daylight, natural appetizing food color, realistic household serving, entire small side plate visible, centered composition, no utensils, no hands, no napkin, no packaging, no logo, no text, no watermark, no decorative garnish unless part of the canonical recipe, no dramatic restaurant styling, no hard shadows. Only the amount of food should differ between portion variants. Square 1:1 composition, sRGB, production-quality mobile nutrition tracking reference image.","All three variants of Kayısı, Hacıhaliloğlu, günkurusu are the same scene, re-shot with a different amount of food. Identical across small/regular/large: the matte white small side plate and its diameter, the 85-degree overhead camera angle, the camera distance, the neutral light stone tabletop, the soft diffused daylight, the white balance, and the framing. The small side plate diameter is identical in all three renders; only the area, height and realistic volume of the food change. The food keeps the same color, cut and cooking state. Nothing is added or removed between variants — no sauce, oil, herb or side item appears in one variant and not another. Portion weights are 20 g / 30 g / 45 g and must read as visibly increasing at a 120-160 px thumbnail size. No weight, number or label may appear in the image itself.","TürKomp — Ulusal Gıda Kompozisyon Veri Tabanı","09.02.0027",,,,,,,"missing","","TÜBER 2022 Ek 2.3.1 — Besinlerin standart porsiyonlarının enerji ve besin ögesi içerikleri","Kayısı (kuru)","https://hsgm.saglik.gov.tr/depo/birimler/saglikli-beslenme-ve-hareketli-hayat-db/Dokumanlar/Rehberler/Turkiye_Beslenme_Rehber_TUBER_2022_min.pdf","TÜBER 2022 (baskı tarihi 2023-08-08)","Ek 2.3.1 (s.283-284)","https://turkomp.tarimorman.gov.tr/food-kayisi-hacihaliloglu-gunkurusu-347","2026-08-18T20:30:00Z",,,"needs_review","regular = the published TÜBER Ek 2.3.1 standard portion for ""Kayısı (kuru)"" (30 g). | small = APP-DERIVED from regular using portion policy portion-policy-v2 (category dried_fruit), rounded to 5 g steps. This is a product reference size, NOT a value published by TÜBER. | large = APP-DERIVED from regular using portion policy portion-policy-v2 (category dried_fruit), rounded to 5 g steps. This is a product reference size, NOT a value published by TÜBER. | Composition is the published TürKomp per-100 g record 09.02.0027; no scaling applied."
,"Kayısı, Hacıhaliloğlu, günkurusu",,"kayisi-hacihaliloglu-gunkurusu",,"regular","30.0",,"food-portions/kayisi-hacihaliloglu-gunkurusu/kayisi-hacihaliloglu-gunkurusu--regular--30g.webp","Photorealistic overhead food reference photograph of Kayısı, Hacıhaliloğlu, günkurusu, representing the REGULAR controlled portion of 30 grams. Served on the exact same matte white small side plate used across the three portion variants. Fixed 85-degree overhead camera, fixed camera distance, neutral light stone tabletop, soft diffused daylight, natural appetizing food color, realistic household serving, entire small side plate visible, centered composition, no utensils, no hands, no napkin, no packaging, no logo, no text, no watermark, no decorative garnish unless part of the canonical recipe, no dramatic restaurant styling, no hard shadows. Only the amount of food should differ between portion variants. Square 1:1 composition, sRGB, production-quality mobile nutrition tracking reference image.","All three variants of Kayısı, Hacıhaliloğlu, günkurusu are the same scene, re-shot with a different amount of food. Identical across small/regular/large: the matte white small side plate and its diameter, the 85-degree overhead camera angle, the camera distance, the neutral light stone tabletop, the soft diffused daylight, the white balance, and the framing. The small side plate diameter is identical in all three renders; only the area, height and realistic volume of the food change. The food keeps the same color, cut and cooking state. Nothing is added or removed between variants — no sauce, oil, herb or side item appears in one variant and not another. Portion weights are 20 g / 30 g / 45 g and must read as visibly increasing at a 120-160 px thumbnail size. No weight, number or label may appear in the image itself.","TürKomp — Ulusal Gıda Kompozisyon Veri Tabanı","09.02.0027",,,,,,,"missing","","TÜBER 2022 Ek 2.3.1 — Besinlerin standart porsiyonlarının enerji ve besin ögesi içerikleri","Kayısı (kuru)","https://hsgm.saglik.gov.tr/depo/birimler/saglikli-beslenme-ve-hareketli-hayat-db/Dokumanlar/Rehberler/Turkiye_Beslenme_Rehber_TUBER_2022_min.pdf","TÜBER 2022 (baskı tarihi 2023-08-08)","Ek 2.3.1 (s.283-284)","https://turkomp.tarimorman.gov.tr/food-kayisi-hacihaliloglu-gunkurusu-347","2026-08-18T20:30:00Z",,,"needs_review","regular = the published TÜBER Ek 2.3.1 standard portion for ""Kayısı (kuru)"" (30 g). | small = APP-DERIVED from regular using portion policy portion-policy-v2 (category dried_fruit), rounded to 5 g steps. This is a product reference size, NOT a value published by TÜBER. | large = APP-DERIVED from regular using portion policy portion-policy-v2 (category dried_fruit), rounded to 5 g steps. This is a product reference size, NOT a value published by TÜBER. | Composition is the published TürKomp per-100 g record 09.02.0027; no scaling applied."
,"Kayısı, Hacıhaliloğlu, günkurusu",,"kayisi-hacihaliloglu-gunkurusu",,"large","45.0",,"food-portions/kayisi-hacihaliloglu-gunkurusu/kayisi-hacihaliloglu-gunkurusu--large--45g.webp","Photorealistic overhead food reference photograph of Kayısı, Hacıhaliloğlu, günkurusu, representing the LARGE controlled portion of 45 grams. Served on the exact same matte white small side plate used across the three portion variants. Fixed 85-degree overhead camera, fixed camera distance, neutral light stone tabletop, soft diffused daylight, natural appetizing food color, realistic household serving, entire small side plate visible, centered composition, no utensils, no hands, no napkin, no packaging, no logo, no text, no watermark, no decorative garnish unless part of the canonical recipe, no dramatic restaurant styling, no hard shadows. Only the amount of food should differ between portion variants. Square 1:1 composition, sRGB, production-quality mobile nutrition tracking reference image.","All three variants of Kayısı, Hacıhaliloğlu, günkurusu are the same scene, re-shot with a different amount of food. Identical across small/regular/large: the matte white small side plate and its diameter, the 85-degree overhead camera angle, the camera distance, the neutral light stone tabletop, the soft diffused daylight, the white balance, and the framing. The small side plate diameter is identical in all three renders; only the area, height and realistic volume of the food change. The food keeps the same color, cut and cooking state. Nothing is added or removed between variants — no sauce, oil, herb or side item appears in one variant and not another. Portion weights are 20 g / 30 g / 45 g and must read as visibly increasing at a 120-160 px thumbnail size. No weight, number or label may appear in the image itself.","TürKomp — Ulusal Gıda Kompozisyon Veri Tabanı","09.02.0027",,,,,,,"missing","","TÜBER 2022 Ek 2.3.1 — Besinlerin standart porsiyonlarının enerji ve besin ögesi içerikleri","Kayısı (kuru)","https://hsgm.saglik.gov.tr/depo/birimler/saglikli-beslenme-ve-hareketli-hayat-db/Dokumanlar/Rehberler/Turkiye_Beslenme_Rehber_TUBER_2022_min.pdf","TÜBER 2022 (baskı tarihi 2023-08-08)","Ek 2.3.1 (s.283-284)","https://turkomp.tarimorman.gov.tr/food-kayisi-hacihaliloglu-gunkurusu-347","2026-08-18T20:30:00Z",,,"needs_review","regular = the published TÜBER Ek 2.3.1 standard portion for ""Kayısı (kuru)"" (30 g). | small = APP-DERIVED from regular using portion policy portion-policy-v2 (category dried_fruit), rounded to 5 g steps. This is a product reference size, NOT a value published by TÜBER. | large = APP-DERIVED from regular using portion policy portion-policy-v2 (category dried_fruit), rounded to 5 g steps. This is a product reference size, NOT a value published by TÜBER. | Composition is the published TürKomp per-100 g record 09.02.0027; no scaling applied."
,"Kayısı, Hacıhaliloğlu, kükürtlü, kuru",,"kayisi-hacihaliloglu-kukurtlu-kuru",,"small","20.0",,"food-portions/kayisi-hacihaliloglu-kukurtlu-kuru/kayisi-hacihaliloglu-kukurtlu-kuru--small--20g.webp","Photorealistic overhead food reference photograph of Kayısı, Hacıhaliloğlu, kükürtlü, kuru, representing the SMALL controlled portion of 20 grams. Served on the exact same matte white small side plate used across the three portion variants. Fixed 85-degree overhead camera, fixed camera distance, neutral light stone tabletop, soft diffused daylight, natural appetizing food color, realistic household serving, entire small side plate visible, centered composition, no utensils, no hands, no napkin, no packaging, no logo, no text, no watermark, no decorative garnish unless part of the canonical recipe, no dramatic restaurant styling, no hard shadows. Only the amount of food should differ between portion variants. Square 1:1 composition, sRGB, production-quality mobile nutrition tracking reference image.","All three variants of Kayısı, Hacıhaliloğlu, kükürtlü, kuru are the same scene, re-shot with a different amount of food. Identical across small/regular/large: the matte white small side plate and its diameter, the 85-degree overhead camera angle, the camera distance, the neutral light stone tabletop, the soft diffused daylight, the white balance, and the framing. The small side plate diameter is identical in all three renders; only the area, height and realistic volume of the food change. The food keeps the same color, cut and cooking state. Nothing is added or removed between variants — no sauce, oil, herb or side item appears in one variant and not another. Portion weights are 20 g / 30 g / 45 g and must read as visibly increasing at a 120-160 px thumbnail size. No weight, number or label may appear in the image itself.","TürKomp — Ulusal Gıda Kompozisyon Veri Tabanı","09.02.0028",,,,,,,"missing","","TÜBER 2022 Ek 2.3.1 — Besinlerin standart porsiyonlarının enerji ve besin ögesi içerikleri","Kayısı (kuru)","https://hsgm.saglik.gov.tr/depo/birimler/saglikli-beslenme-ve-hareketli-hayat-db/Dokumanlar/Rehberler/Turkiye_Beslenme_Rehber_TUBER_2022_min.pdf","TÜBER 2022 (baskı tarihi 2023-08-08)","Ek 2.3.1 (s.283-284)","https://turkomp.tarimorman.gov.tr/food-kayisi-hacihaliloglu-kukurtlu-kuru-348","2026-08-18T20:30:00Z",,,"needs_review","regular = the published TÜBER Ek 2.3.1 standard portion for ""Kayısı (kuru)"" (30 g). | small = APP-DERIVED from regular using portion policy portion-policy-v2 (category dried_fruit), rounded to 5 g steps. This is a product reference size, NOT a value published by TÜBER. | large = APP-DERIVED from regular using portion policy portion-policy-v2 (category dried_fruit), rounded to 5 g steps. This is a product reference size, NOT a value published by TÜBER. | Composition is the published TürKomp per-100 g record 09.02.0028; no scaling applied."
,"Kayısı, Hacıhaliloğlu, kükürtlü, kuru",,"kayisi-hacihaliloglu-kukurtlu-kuru",,"regular","30.0",,"food-portions/kayisi-hacihaliloglu-kukurtlu-kuru/kayisi-hacihaliloglu-kukurtlu-kuru--regular--30g.webp","Photorealistic overhead food reference photograph of Kayısı, Hacıhaliloğlu, kükürtlü, kuru, representing the REGULAR controlled portion of 30 grams. Served on the exact same matte white small side plate used across the three portion variants. Fixed 85-degree overhead camera, fixed camera distance, neutral light stone tabletop, soft diffused daylight, natural appetizing food color, realistic household serving, entire small side plate visible, centered composition, no utensils, no hands, no napkin, no packaging, no logo, no text, no watermark, no decorative garnish unless part of the canonical recipe, no dramatic restaurant styling, no hard shadows. Only the amount of food should differ between portion variants. Square 1:1 composition, sRGB, production-quality mobile nutrition tracking reference image.","All three variants of Kayısı, Hacıhaliloğlu, kükürtlü, kuru are the same scene, re-shot with a different amount of food. Identical across small/regular/large: the matte white small side plate and its diameter, the 85-degree overhead camera angle, the camera distance, the neutral light stone tabletop, the soft diffused daylight, the white balance, and the framing. The small side plate diameter is identical in all three renders; only the area, height and realistic volume of the food change. The food keeps the same color, cut and cooking state. Nothing is added or removed between variants — no sauce, oil, herb or side item appears in one variant and not another. Portion weights are 20 g / 30 g / 45 g and must read as visibly increasing at a 120-160 px thumbnail size. No weight, number or label may appear in the image itself.","TürKomp — Ulusal Gıda Kompozisyon Veri Tabanı","09.02.0028",,,,,,,"missing","","TÜBER 2022 Ek 2.3.1 — Besinlerin standart porsiyonlarının enerji ve besin ögesi içerikleri","Kayısı (kuru)","https://hsgm.saglik.gov.tr/depo/birimler/saglikli-beslenme-ve-hareketli-hayat-db/Dokumanlar/Rehberler/Turkiye_Beslenme_Rehber_TUBER_2022_min.pdf","TÜBER 2022 (baskı tarihi 2023-08-08)","Ek 2.3.1 (s.283-284)","https://turkomp.tarimorman.gov.tr/food-kayisi-hacihaliloglu-kukurtlu-kuru-348","2026-08-18T20:30:00Z",,,"needs_review","regular = the published TÜBER Ek 2.3.1 standard portion for ""Kayısı (kuru)"" (30 g). | small = APP-DERIVED from regular using portion policy portion-policy-v2 (category dried_fruit), rounded to 5 g steps. This is a product reference size, NOT a value published by TÜBER. | large = APP-DERIVED from regular using portion policy portion-policy-v2 (category dried_fruit), rounded to 5 g steps. This is a product reference size, NOT a value published by TÜBER. | Composition is the published TürKomp per-100 g record 09.02.0028; no scaling applied."
,"Kayısı, Hacıhaliloğlu, kükürtlü, kuru",,"kayisi-hacihaliloglu-kukurtlu-kuru",,"large","45.0",,"food-portions/kayisi-hacihaliloglu-kukurtlu-kuru/kayisi-hacihaliloglu-kukurtlu-kuru--large--45g.webp","Photorealistic overhead food reference photograph of Kayısı, Hacıhaliloğlu, kükürtlü, kuru, representing the LARGE controlled portion of 45 grams. Served on the exact same matte white small side plate used across the three portion variants. Fixed 85-degree overhead camera, fixed camera distance, neutral light stone tabletop, soft diffused daylight, natural appetizing food color, realistic household serving, entire small side plate visible, centered composition, no utensils, no hands, no napkin, no packaging, no logo, no text, no watermark, no decorative garnish unless part of the canonical recipe, no dramatic restaurant styling, no hard shadows. Only the amount of food should differ between portion variants. Square 1:1 composition, sRGB, production-quality mobile nutrition tracking reference image.","All three variants of Kayısı, Hacıhaliloğlu, kükürtlü, kuru are the same scene, re-shot with a different amount of food. Identical across small/regular/large: the matte white small side plate and its diameter, the 85-degree overhead camera angle, the camera distance, the neutral light stone tabletop, the soft diffused daylight, the white balance, and the framing. The small side plate diameter is identical in all three renders; only the area, height and realistic volume of the food change. The food keeps the same color, cut and cooking state. Nothing is added or removed between variants — no sauce, oil, herb or side item appears in one variant and not another. Portion weights are 20 g / 30 g / 45 g and must read as visibly increasing at a 120-160 px thumbnail size. No weight, number or label may appear in the image itself.","TürKomp — Ulusal Gıda Kompozisyon Veri Tabanı","09.02.0028",,,,,,,"missing","","TÜBER 2022 Ek 2.3.1 — Besinlerin standart porsiyonlarının enerji ve besin ögesi içerikleri","Kayısı (kuru)","https://hsgm.saglik.gov.tr/depo/birimler/saglikli-beslenme-ve-hareketli-hayat-db/Dokumanlar/Rehberler/Turkiye_Beslenme_Rehber_TUBER_2022_min.pdf","TÜBER 2022 (baskı tarihi 2023-08-08)","Ek 2.3.1 (s.283-284)","https://turkomp.tarimorman.gov.tr/food-kayisi-hacihaliloglu-kukurtlu-kuru-348","2026-08-18T20:30:00Z",,,"needs_review","regular = the published TÜBER Ek 2.3.1 standard portion for ""Kayısı (kuru)"" (30 g). | small = APP-DERIVED from regular using portion policy portion-policy-v2 (category dried_fruit), rounded to 5 g steps. This is a product reference size, NOT a value published by TÜBER. | large = APP-DERIVED from regular using portion policy portion-policy-v2 (category dried_fruit), rounded to 5 g steps. This is a product reference size, NOT a value published by TÜBER. | Composition is the published TürKomp per-100 g record 09.02.0028; no scaling applied."
,"İncir, kuru, Aydın, ovalık kesim",,"incir-kuru-aydin-ovalik-kesim",,"small","20.0",,"food-portions/incir-kuru-aydin-ovalik-kesim/incir-kuru-aydin-ovalik-kesim--small--20g.webp","Photorealistic overhead food reference photograph of İncir, kuru, Aydın, ovalık kesim, representing the SMALL controlled portion of 20 grams. Served on the exact same matte white small side plate used across the three portion variants. Fixed 85-degree overhead camera, fixed camera distance, neutral light stone tabletop, soft diffused daylight, natural appetizing food color, realistic household serving, entire small side plate visible, centered composition, no utensils, no hands, no napkin, no packaging, no logo, no text, no watermark, no decorative garnish unless part of the canonical recipe, no dramatic restaurant styling, no hard shadows. Only the amount of food should differ between portion variants. Square 1:1 composition, sRGB, production-quality mobile nutrition tracking reference image.","All three variants of İncir, kuru, Aydın, ovalık kesim are the same scene, re-shot with a different amount of food. Identical across small/regular/large: the matte white small side plate and its diameter, the 85-degree overhead camera angle, the camera distance, the neutral light stone tabletop, the soft diffused daylight, the white balance, and the framing. The small side plate diameter is identical in all three renders; only the area, height and realistic volume of the food change. The food keeps the same color, cut and cooking state. Nothing is added or removed between variants — no sauce, oil, herb or side item appears in one variant and not another. Portion weights are 20 g / 30 g / 45 g and must read as visibly increasing at a 120-160 px thumbnail size. No weight, number or label may appear in the image itself.","TürKomp — Ulusal Gıda Kompozisyon Veri Tabanı","12.02.0059",,,,,,,"missing","","TÜBER 2022 Ek 2.3.1 — Besinlerin standart porsiyonlarının enerji ve besin ögesi içerikleri","İncir (kuru)","https://hsgm.saglik.gov.tr/depo/birimler/saglikli-beslenme-ve-hareketli-hayat-db/Dokumanlar/Rehberler/Turkiye_Beslenme_Rehber_TUBER_2022_min.pdf","TÜBER 2022 (baskı tarihi 2023-08-08)","Ek 2.3.1 (s.283-284)","https://turkomp.tarimorman.gov.tr/food-incir-kuru-aydin-ovalik-kesim-461","2026-08-18T20:30:00Z",,,"needs_review","regular = the published TÜBER Ek 2.3.1 standard portion for ""İncir (kuru)"" (30 g). | small = APP-DERIVED from regular using portion policy portion-policy-v2 (category dried_fruit), rounded to 5 g steps. This is a product reference size, NOT a value published by TÜBER. | large = APP-DERIVED from regular using portion policy portion-policy-v2 (category dried_fruit), rounded to 5 g steps. This is a product reference size, NOT a value published by TÜBER. | Composition is the published TürKomp per-100 g record 12.02.0059; no scaling applied."
,"İncir, kuru, Aydın, ovalık kesim",,"incir-kuru-aydin-ovalik-kesim",,"regular","30.0",,"food-portions/incir-kuru-aydin-ovalik-kesim/incir-kuru-aydin-ovalik-kesim--regular--30g.webp","Photorealistic overhead food reference photograph of İncir, kuru, Aydın, ovalık kesim, representing the REGULAR controlled portion of 30 grams. Served on the exact same matte white small side plate used across the three portion variants. Fixed 85-degree overhead camera, fixed camera distance, neutral light stone tabletop, soft diffused daylight, natural appetizing food color, realistic household serving, entire small side plate visible, centered composition, no utensils, no hands, no napkin, no packaging, no logo, no text, no watermark, no decorative garnish unless part of the canonical recipe, no dramatic restaurant styling, no hard shadows. Only the amount of food should differ between portion variants. Square 1:1 composition, sRGB, production-quality mobile nutrition tracking reference image.","All three variants of İncir, kuru, Aydın, ovalık kesim are the same scene, re-shot with a different amount of food. Identical across small/regular/large: the matte white small side plate and its diameter, the 85-degree overhead camera angle, the camera distance, the neutral light stone tabletop, the soft diffused daylight, the white balance, and the framing. The small side plate diameter is identical in all three renders; only the area, height and realistic volume of the food change. The food keeps the same color, cut and cooking state. Nothing is added or removed between variants — no sauce, oil, herb or side item appears in one variant and not another. Portion weights are 20 g / 30 g / 45 g and must read as visibly increasing at a 120-160 px thumbnail size. No weight, number or label may appear in the image itself.","TürKomp — Ulusal Gıda Kompozisyon Veri Tabanı","12.02.0059",,,,,,,"missing","","TÜBER 2022 Ek 2.3.1 — Besinlerin standart porsiyonlarının enerji ve besin ögesi içerikleri","İncir (kuru)","https://hsgm.saglik.gov.tr/depo/birimler/saglikli-beslenme-ve-hareketli-hayat-db/Dokumanlar/Rehberler/Turkiye_Beslenme_Rehber_TUBER_2022_min.pdf","TÜBER 2022 (baskı tarihi 2023-08-08)","Ek 2.3.1 (s.283-284)","https://turkomp.tarimorman.gov.tr/food-incir-kuru-aydin-ovalik-kesim-461","2026-08-18T20:30:00Z",,,"needs_review","regular = the published TÜBER Ek 2.3.1 standard portion for ""İncir (kuru)"" (30 g). | small = APP-DERIVED from regular using portion policy portion-policy-v2 (category dried_fruit), rounded to 5 g steps. This is a product reference size, NOT a value published by TÜBER. | large = APP-DERIVED from regular using portion policy portion-policy-v2 (category dried_fruit), rounded to 5 g steps. This is a product reference size, NOT a value published by TÜBER. | Composition is the published TürKomp per-100 g record 12.02.0059; no scaling applied."
,"İncir, kuru, Aydın, ovalık kesim",,"incir-kuru-aydin-ovalik-kesim",,"large","45.0",,"food-portions/incir-kuru-aydin-ovalik-kesim/incir-kuru-aydin-ovalik-kesim--large--45g.webp","Photorealistic overhead food reference photograph of İncir, kuru, Aydın, ovalık kesim, representing the LARGE controlled portion of 45 grams. Served on the exact same matte white small side plate used across the three portion variants. Fixed 85-degree overhead camera, fixed camera distance, neutral light stone tabletop, soft diffused daylight, natural appetizing food color, realistic household serving, entire small side plate visible, centered composition, no utensils, no hands, no napkin, no packaging, no logo, no text, no watermark, no decorative garnish unless part of the canonical recipe, no dramatic restaurant styling, no hard shadows. Only the amount of food should differ between portion variants. Square 1:1 composition, sRGB, production-quality mobile nutrition tracking reference image.","All three variants of İncir, kuru, Aydın, ovalık kesim are the same scene, re-shot with a different amount of food. Identical across small/regular/large: the matte white small side plate and its diameter, the 85-degree overhead camera angle, the camera distance, the neutral light stone tabletop, the soft diffused daylight, the white balance, and the framing. The small side plate diameter is identical in all three renders; only the area, height and realistic volume of the food change. The food keeps the same color, cut and cooking state. Nothing is added or removed between variants — no sauce, oil, herb or side item appears in one variant and not another. Portion weights are 20 g / 30 g / 45 g and must read as visibly increasing at a 120-160 px thumbnail size. No weight, number or label may appear in the image itself.","TürKomp — Ulusal Gıda Kompozisyon Veri Tabanı","12.02.0059",,,,,,,"missing","","TÜBER 2022 Ek 2.3.1 — Besinlerin standart porsiyonlarının enerji ve besin ögesi içerikleri","İncir (kuru)","https://hsgm.saglik.gov.tr/depo/birimler/saglikli-beslenme-ve-hareketli-hayat-db/Dokumanlar/Rehberler/Turkiye_Beslenme_Rehber_TUBER_2022_min.pdf","TÜBER 2022 (baskı tarihi 2023-08-08)","Ek 2.3.1 (s.283-284)","https://turkomp.tarimorman.gov.tr/food-incir-kuru-aydin-ovalik-kesim-461","2026-08-18T20:30:00Z",,,"needs_review","regular = the published TÜBER Ek 2.3.1 standard portion for ""İncir (kuru)"" (30 g). | small = APP-DERIVED from regular using portion policy portion-policy-v2 (category dried_fruit), rounded to 5 g steps. This is a product reference size, NOT a value published by TÜBER. | large = APP-DERIVED from regular using portion policy portion-policy-v2 (category dried_fruit), rounded to 5 g steps. This is a product reference size, NOT a value published by TÜBER. | Composition is the published TürKomp per-100 g record 12.02.0059; no scaling applied."
,"Ayran, yayık, Bursa",,"ayran-yayik-bursa",,"small","220.0",,"food-portions/ayran-yayik-bursa/ayran-yayik-bursa--small--220g.webp","Photorealistic overhead food reference photograph of Ayran, yayık, Bursa, representing the SMALL controlled portion of 220 grams. Served on the exact same matte white plate used across the three portion variants. Fixed 85-degree overhead camera, fixed camera distance, neutral light stone tabletop, soft diffused daylight, natural appetizing food color, realistic household serving, entire plate visible, centered composition, no utensils, no hands, no napkin, no packaging, no logo, no text, no watermark, no decorative garnish unless part of the canonical recipe, no dramatic restaurant styling, no hard shadows. Only the amount of food should differ between portion variants. Square 1:1 composition, sRGB, production-quality mobile nutrition tracking reference image.","All three variants of Ayran, yayık, Bursa are the same scene, re-shot with a different amount of food. Identical across small/regular/large: the matte white plate and its diameter, the 85-degree overhead camera angle, the camera distance, the neutral light stone tabletop, the soft diffused daylight, the white balance, and the framing. The plate diameter is identical in all three renders; only the area, height and realistic volume of the food change. The food keeps the same color, cut and cooking state. Nothing is added or removed between variants — no sauce, oil, herb or side item appears in one variant and not another. Portion weights are 220 g / 350 g / 530 g and must read as visibly increasing at a 120-160 px thumbnail size. No weight, number or label may appear in the image itself.","TürKomp — Ulusal Gıda Kompozisyon Veri Tabanı","12.02.0060",,,,,,,"missing","","TÜBER 2022 Ek 2.3.1 — Besinlerin standart porsiyonlarının enerji ve besin ögesi içerikleri","Ayran","https://hsgm.saglik.gov.tr/depo/birimler/saglikli-beslenme-ve-hareketli-hayat-db/Dokumanlar/Rehberler/Turkiye_Beslenme_Rehber_TUBER_2022_min.pdf","TÜBER 2022 (baskı tarihi 2023-08-08)","Ek 2.3.1 (s.283-284)","https://turkomp.tarimorman.gov.tr/food-ayran-yayik-bursa-462","2026-08-18T20:30:00Z",,,"needs_review","regular = the published TÜBER Ek 2.3.1 standard portion for ""Ayran"" (350 g). | small = APP-DERIVED from regular using portion policy portion-policy-v2 (category dairy_yogurt), rounded to 10 g steps. This is a product reference size, NOT a value published by TÜBER. | large = APP-DERIVED from regular using portion policy portion-policy-v2 (category dairy_yogurt), rounded to 10 g steps. This is a product reference size, NOT a value published by TÜBER. | Composition is the published TürKomp per-100 g record 12.02.0060; no scaling applied."
,"Ayran, yayık, Bursa",,"ayran-yayik-bursa",,"regular","350.0",,"food-portions/ayran-yayik-bursa/ayran-yayik-bursa--regular--350g.webp","Photorealistic overhead food reference photograph of Ayran, yayık, Bursa, representing the REGULAR controlled portion of 350 grams. Served on the exact same matte white plate used across the three portion variants. Fixed 85-degree overhead camera, fixed camera distance, neutral light stone tabletop, soft diffused daylight, natural appetizing food color, realistic household serving, entire plate visible, centered composition, no utensils, no hands, no napkin, no packaging, no logo, no text, no watermark, no decorative garnish unless part of the canonical recipe, no dramatic restaurant styling, no hard shadows. Only the amount of food should differ between portion variants. Square 1:1 composition, sRGB, production-quality mobile nutrition tracking reference image.","All three variants of Ayran, yayık, Bursa are the same scene, re-shot with a different amount of food. Identical across small/regular/large: the matte white plate and its diameter, the 85-degree overhead camera angle, the camera distance, the neutral light stone tabletop, the soft diffused daylight, the white balance, and the framing. The plate diameter is identical in all three renders; only the area, height and realistic volume of the food change. The food keeps the same color, cut and cooking state. Nothing is added or removed between variants — no sauce, oil, herb or side item appears in one variant and not another. Portion weights are 220 g / 350 g / 530 g and must read as visibly increasing at a 120-160 px thumbnail size. No weight, number or label may appear in the image itself.","TürKomp — Ulusal Gıda Kompozisyon Veri Tabanı","12.02.0060",,,,,,,"missing","","TÜBER 2022 Ek 2.3.1 — Besinlerin standart porsiyonlarının enerji ve besin ögesi içerikleri","Ayran","https://hsgm.saglik.gov.tr/depo/birimler/saglikli-beslenme-ve-hareketli-hayat-db/Dokumanlar/Rehberler/Turkiye_Beslenme_Rehber_TUBER_2022_min.pdf","TÜBER 2022 (baskı tarihi 2023-08-08)","Ek 2.3.1 (s.283-284)","https://turkomp.tarimorman.gov.tr/food-ayran-yayik-bursa-462","2026-08-18T20:30:00Z",,,"needs_review","regular = the published TÜBER Ek 2.3.1 standard portion for ""Ayran"" (350 g). | small = APP-DERIVED from regular using portion policy portion-policy-v2 (category dairy_yogurt), rounded to 10 g steps. This is a product reference size, NOT a value published by TÜBER. | large = APP-DERIVED from regular using portion policy portion-policy-v2 (category dairy_yogurt), rounded to 10 g steps. This is a product reference size, NOT a value published by TÜBER. | Composition is the published TürKomp per-100 g record 12.02.0060; no scaling applied."
,"Ayran, yayık, Bursa",,"ayran-yayik-bursa",,"large","530.0",,"food-portions/ayran-yayik-bursa/ayran-yayik-bursa--large--530g.webp","Photorealistic overhead food reference photograph of Ayran, yayık, Bursa, representing the LARGE controlled portion of 530 grams. Served on the exact same matte white plate used across the three portion variants. Fixed 85-degree overhead camera, fixed camera distance, neutral light stone tabletop, soft diffused daylight, natural appetizing food color, realistic household serving, entire plate visible, centered composition, no utensils, no hands, no napkin, no packaging, no logo, no text, no watermark, no decorative garnish unless part of the canonical recipe, no dramatic restaurant styling, no hard shadows. Only the amount of food should differ between portion variants. Square 1:1 composition, sRGB, production-quality mobile nutrition tracking reference image.","All three variants of Ayran, yayık, Bursa are the same scene, re-shot with a different amount of food. Identical across small/regular/large: the matte white plate and its diameter, the 85-degree overhead camera angle, the camera distance, the neutral light stone tabletop, the soft diffused daylight, the white balance, and the framing. The plate diameter is identical in all three renders; only the area, height and realistic volume of the food change. The food keeps the same color, cut and cooking state. Nothing is added or removed between variants — no sauce, oil, herb or side item appears in one variant and not another. Portion weights are 220 g / 350 g / 530 g and must read as visibly increasing at a 120-160 px thumbnail size. No weight, number or label may appear in the image itself.","TürKomp — Ulusal Gıda Kompozisyon Veri Tabanı","12.02.0060",,,,,,,"missing","","TÜBER 2022 Ek 2.3.1 — Besinlerin standart porsiyonlarının enerji ve besin ögesi içerikleri","Ayran","https://hsgm.saglik.gov.tr/depo/birimler/saglikli-beslenme-ve-hareketli-hayat-db/Dokumanlar/Rehberler/Turkiye_Beslenme_Rehber_TUBER_2022_min.pdf","TÜBER 2022 (baskı tarihi 2023-08-08)","Ek 2.3.1 (s.283-284)","https://turkomp.tarimorman.gov.tr/food-ayran-yayik-bursa-462","2026-08-18T20:30:00Z",,,"needs_review","regular = the published TÜBER Ek 2.3.1 standard portion for ""Ayran"" (350 g). | small = APP-DERIVED from regular using portion policy portion-policy-v2 (category dairy_yogurt), rounded to 10 g steps. This is a product reference size, NOT a value published by TÜBER. | large = APP-DERIVED from regular using portion policy portion-policy-v2 (category dairy_yogurt), rounded to 10 g steps. This is a product reference size, NOT a value published by TÜBER. | Composition is the published TürKomp per-100 g record 12.02.0060; no scaling applied."
,"Yoğurt, Silifke, Mersin",,"yogurt-silifke-mersin",,"small","150.0",,"food-portions/yogurt-silifke-mersin/yogurt-silifke-mersin--small--150g.webp","Photorealistic overhead food reference photograph of Yoğurt, Silifke, Mersin, representing the SMALL controlled portion of 150 grams. Served on the exact same matte white plate used across the three portion variants. Fixed 85-degree overhead camera, fixed camera distance, neutral light stone tabletop, soft diffused daylight, natural appetizing food color, realistic household serving, entire plate visible, centered composition, no utensils, no hands, no napkin, no packaging, no logo, no text, no watermark, no decorative garnish unless part of the canonical recipe, no dramatic restaurant styling, no hard shadows. Only the amount of food should differ between portion variants. Square 1:1 composition, sRGB, production-quality mobile nutrition tracking reference image.","All three variants of Yoğurt, Silifke, Mersin are the same scene, re-shot with a different amount of food. Identical across small/regular/large: the matte white plate and its diameter, the 85-degree overhead camera angle, the camera distance, the neutral light stone tabletop, the soft diffused daylight, the white balance, and the framing. The plate diameter is identical in all three renders; only the area, height and realistic volume of the food change. The food keeps the same color, cut and cooking state. Nothing is added or removed between variants — no sauce, oil, herb or side item appears in one variant and not another. Portion weights are 150 g / 240 g / 360 g and must read as visibly increasing at a 120-160 px thumbnail size. No weight, number or label may appear in the image itself.","TürKomp — Ulusal Gıda Kompozisyon Veri Tabanı","12.02.0068",,,,,,,"missing","","TÜBER 2022 Ek 2.3.1 — Besinlerin standart porsiyonlarının enerji ve besin ögesi içerikleri","Yoğurt, tam yağlı","https://hsgm.saglik.gov.tr/depo/birimler/saglikli-beslenme-ve-hareketli-hayat-db/Dokumanlar/Rehberler/Turkiye_Beslenme_Rehber_TUBER_2022_min.pdf","TÜBER 2022 (baskı tarihi 2023-08-08)","Ek 2.3.1 (s.283-284)","https://turkomp.tarimorman.gov.tr/food-yogurt-silifke-mersin-489","2026-08-18T20:30:00Z",,,"needs_review","regular = the published TÜBER Ek 2.3.1 standard portion for ""Yoğurt, tam yağlı"" (240 g). | small = APP-DERIVED from regular using portion policy portion-policy-v2 (category dairy_yogurt), rounded to 10 g steps. This is a product reference size, NOT a value published by TÜBER. | large = APP-DERIVED from regular using portion policy portion-policy-v2 (category dairy_yogurt), rounded to 10 g steps. This is a product reference size, NOT a value published by TÜBER. | Composition is the published TürKomp per-100 g record 12.02.0068; no scaling applied."
,"Yoğurt, Silifke, Mersin",,"yogurt-silifke-mersin",,"regular","240.0",,"food-portions/yogurt-silifke-mersin/yogurt-silifke-mersin--regular--240g.webp","Photorealistic overhead food reference photograph of Yoğurt, Silifke, Mersin, representing the REGULAR controlled portion of 240 grams. Served on the exact same matte white plate used across the three portion variants. Fixed 85-degree overhead camera, fixed camera distance, neutral light stone tabletop, soft diffused daylight, natural appetizing food color, realistic household serving, entire plate visible, centered composition, no utensils, no hands, no napkin, no packaging, no logo, no text, no watermark, no decorative garnish unless part of the canonical recipe, no dramatic restaurant styling, no hard shadows. Only the amount of food should differ between portion variants. Square 1:1 composition, sRGB, production-quality mobile nutrition tracking reference image.","All three variants of Yoğurt, Silifke, Mersin are the same scene, re-shot with a different amount of food. Identical across small/regular/large: the matte white plate and its diameter, the 85-degree overhead camera angle, the camera distance, the neutral light stone tabletop, the soft diffused daylight, the white balance, and the framing. The plate diameter is identical in all three renders; only the area, height and realistic volume of the food change. The food keeps the same color, cut and cooking state. Nothing is added or removed between variants — no sauce, oil, herb or side item appears in one variant and not another. Portion weights are 150 g / 240 g / 360 g and must read as visibly increasing at a 120-160 px thumbnail size. No weight, number or label may appear in the image itself.","TürKomp — Ulusal Gıda Kompozisyon Veri Tabanı","12.02.0068",,,,,,,"missing","","TÜBER 2022 Ek 2.3.1 — Besinlerin standart porsiyonlarının enerji ve besin ögesi içerikleri","Yoğurt, tam yağlı","https://hsgm.saglik.gov.tr/depo/birimler/saglikli-beslenme-ve-hareketli-hayat-db/Dokumanlar/Rehberler/Turkiye_Beslenme_Rehber_TUBER_2022_min.pdf","TÜBER 2022 (baskı tarihi 2023-08-08)","Ek 2.3.1 (s.283-284)","https://turkomp.tarimorman.gov.tr/food-yogurt-silifke-mersin-489","2026-08-18T20:30:00Z",,,"needs_review","regular = the published TÜBER Ek 2.3.1 standard portion for ""Yoğurt, tam yağlı"" (240 g). | small = APP-DERIVED from regular using portion policy portion-policy-v2 (category dairy_yogurt), rounded to 10 g steps. This is a product reference size, NOT a value published by TÜBER. | large = APP-DERIVED from regular using portion policy portion-policy-v2 (category dairy_yogurt), rounded to 10 g steps. This is a product reference size, NOT a value published by TÜBER. | Composition is the published TürKomp per-100 g record 12.02.0068; no scaling applied."
,"Yoğurt, Silifke, Mersin",,"yogurt-silifke-mersin",,"large","360.0",,"food-portions/yogurt-silifke-mersin/yogurt-silifke-mersin--large--360g.webp","Photorealistic overhead food reference photograph of Yoğurt, Silifke, Mersin, representing the LARGE controlled portion of 360 grams. Served on the exact same matte white plate used across the three portion variants. Fixed 85-degree overhead camera, fixed camera distance, neutral light stone tabletop, soft diffused daylight, natural appetizing food color, realistic household serving, entire plate visible, centered composition, no utensils, no hands, no napkin, no packaging, no logo, no text, no watermark, no decorative garnish unless part of the canonical recipe, no dramatic restaurant styling, no hard shadows. Only the amount of food should differ between portion variants. Square 1:1 composition, sRGB, production-quality mobile nutrition tracking reference image.","All three variants of Yoğurt, Silifke, Mersin are the same scene, re-shot with a different amount of food. Identical across small/regular/large: the matte white plate and its diameter, the 85-degree overhead camera angle, the camera distance, the neutral light stone tabletop, the soft diffused daylight, the white balance, and the framing. The plate diameter is identical in all three renders; only the area, height and realistic volume of the food change. The food keeps the same color, cut and cooking state. Nothing is added or removed between variants — no sauce, oil, herb or side item appears in one variant and not another. Portion weights are 150 g / 240 g / 360 g and must read as visibly increasing at a 120-160 px thumbnail size. No weight, number or label may appear in the image itself.","TürKomp — Ulusal Gıda Kompozisyon Veri Tabanı","12.02.0068",,,,,,,"missing","","TÜBER 2022 Ek 2.3.1 — Besinlerin standart porsiyonlarının enerji ve besin ögesi içerikleri","Yoğurt, tam yağlı","https://hsgm.saglik.gov.tr/depo/birimler/saglikli-beslenme-ve-hareketli-hayat-db/Dokumanlar/Rehberler/Turkiye_Beslenme_Rehber_TUBER_2022_min.pdf","TÜBER 2022 (baskı tarihi 2023-08-08)","Ek 2.3.1 (s.283-284)","https://turkomp.tarimorman.gov.tr/food-yogurt-silifke-mersin-489","2026-08-18T20:30:00Z",,,"needs_review","regular = the published TÜBER Ek 2.3.1 standard portion for ""Yoğurt, tam yağlı"" (240 g). | small = APP-DERIVED from regular using portion policy portion-policy-v2 (category dairy_yogurt), rounded to 10 g steps. This is a product reference size, NOT a value published by TÜBER. | large = APP-DERIVED from regular using portion policy portion-policy-v2 (category dairy_yogurt), rounded to 10 g steps. This is a product reference size, NOT a value published by TÜBER. | Composition is the published TürKomp per-100 g record 12.02.0068; no scaling applied."
,"İncir, kuru, İzmir",,"incir-kuru-izmir",,"small","20.0",,"food-portions/incir-kuru-izmir/incir-kuru-izmir--small--20g.webp","Photorealistic overhead food reference photograph of İncir, kuru, İzmir, representing the SMALL controlled portion of 20 grams. Served on the exact same matte white small side plate used across the three portion variants. Fixed 85-degree overhead camera, fixed camera distance, neutral light stone tabletop, soft diffused daylight, natural appetizing food color, realistic household serving, entire small side plate visible, centered composition, no utensils, no hands, no napkin, no packaging, no logo, no text, no watermark, no decorative garnish unless part of the canonical recipe, no dramatic restaurant styling, no hard shadows. Only the amount of food should differ between portion variants. Square 1:1 composition, sRGB, production-quality mobile nutrition tracking reference image.","All three variants of İncir, kuru, İzmir are the same scene, re-shot with a different amount of food. Identical across small/regular/large: the matte white small side plate and its diameter, the 85-degree overhead camera angle, the camera distance, the neutral light stone tabletop, the soft diffused daylight, the white balance, and the framing. The small side plate diameter is identical in all three renders; only the area, height and realistic volume of the food change. The food keeps the same color, cut and cooking state. Nothing is added or removed between variants — no sauce, oil, herb or side item appears in one variant and not another. Portion weights are 20 g / 30 g / 45 g and must read as visibly increasing at a 120-160 px thumbnail size. No weight, number or label may appear in the image itself.","TürKomp — Ulusal Gıda Kompozisyon Veri Tabanı","12.02.0082",,,,,,,"missing","","TÜBER 2022 Ek 2.3.1 — Besinlerin standart porsiyonlarının enerji ve besin ögesi içerikleri","İncir (kuru)","https://hsgm.saglik.gov.tr/depo/birimler/saglikli-beslenme-ve-hareketli-hayat-db/Dokumanlar/Rehberler/Turkiye_Beslenme_Rehber_TUBER_2022_min.pdf","TÜBER 2022 (baskı tarihi 2023-08-08)","Ek 2.3.1 (s.283-284)","https://turkomp.tarimorman.gov.tr/food-incir-kuru-izmir-529","2026-08-18T20:30:00Z",,,"needs_review","regular = the published TÜBER Ek 2.3.1 standard portion for ""İncir (kuru)"" (30 g). | small = APP-DERIVED from regular using portion policy portion-policy-v2 (category dried_fruit), rounded to 5 g steps. This is a product reference size, NOT a value published by TÜBER. | large = APP-DERIVED from regular using portion policy portion-policy-v2 (category dried_fruit), rounded to 5 g steps. This is a product reference size, NOT a value published by TÜBER. | Composition is the published TürKomp per-100 g record 12.02.0082; no scaling applied."
,"İncir, kuru, İzmir",,"incir-kuru-izmir",,"regular","30.0",,"food-portions/incir-kuru-izmir/incir-kuru-izmir--regular--30g.webp","Photorealistic overhead food reference photograph of İncir, kuru, İzmir, representing the REGULAR controlled portion of 30 grams. Served on the exact same matte white small side plate used across the three portion variants. Fixed 85-degree overhead camera, fixed camera distance, neutral light stone tabletop, soft diffused daylight, natural appetizing food color, realistic household serving, entire small side plate visible, centered composition, no utensils, no hands, no napkin, no packaging, no logo, no text, no watermark, no decorative garnish unless part of the canonical recipe, no dramatic restaurant styling, no hard shadows. Only the amount of food should differ between portion variants. Square 1:1 composition, sRGB, production-quality mobile nutrition tracking reference image.","All three variants of İncir, kuru, İzmir are the same scene, re-shot with a different amount of food. Identical across small/regular/large: the matte white small side plate and its diameter, the 85-degree overhead camera angle, the camera distance, the neutral light stone tabletop, the soft diffused daylight, the white balance, and the framing. The small side plate diameter is identical in all three renders; only the area, height and realistic volume of the food change. The food keeps the same color, cut and cooking state. Nothing is added or removed between variants — no sauce, oil, herb or side item appears in one variant and not another. Portion weights are 20 g / 30 g / 45 g and must read as visibly increasing at a 120-160 px thumbnail size. No weight, number or label may appear in the image itself.","TürKomp — Ulusal Gıda Kompozisyon Veri Tabanı","12.02.0082",,,,,,,"missing","","TÜBER 2022 Ek 2.3.1 — Besinlerin standart porsiyonlarının enerji ve besin ögesi içerikleri","İncir (kuru)","https://hsgm.saglik.gov.tr/depo/birimler/saglikli-beslenme-ve-hareketli-hayat-db/Dokumanlar/Rehberler/Turkiye_Beslenme_Rehber_TUBER_2022_min.pdf","TÜBER 2022 (baskı tarihi 2023-08-08)","Ek 2.3.1 (s.283-284)","https://turkomp.tarimorman.gov.tr/food-incir-kuru-izmir-529","2026-08-18T20:30:00Z",,,"needs_review","regular = the published TÜBER Ek 2.3.1 standard portion for ""İncir (kuru)"" (30 g). | small = APP-DERIVED from regular using portion policy portion-policy-v2 (category dried_fruit), rounded to 5 g steps. This is a product reference size, NOT a value published by TÜBER. | large = APP-DERIVED from regular using portion policy portion-policy-v2 (category dried_fruit), rounded to 5 g steps. This is a product reference size, NOT a value published by TÜBER. | Composition is the published TürKomp per-100 g record 12.02.0082; no scaling applied."
,"İncir, kuru, İzmir",,"incir-kuru-izmir",,"large","45.0",,"food-portions/incir-kuru-izmir/incir-kuru-izmir--large--45g.webp","Photorealistic overhead food reference photograph of İncir, kuru, İzmir, representing the LARGE controlled portion of 45 grams. Served on the exact same matte white small side plate used across the three portion variants. Fixed 85-degree overhead camera, fixed camera distance, neutral light stone tabletop, soft diffused daylight, natural appetizing food color, realistic household serving, entire small side plate visible, centered composition, no utensils, no hands, no napkin, no packaging, no logo, no text, no watermark, no decorative garnish unless part of the canonical recipe, no dramatic restaurant styling, no hard shadows. Only the amount of food should differ between portion variants. Square 1:1 composition, sRGB, production-quality mobile nutrition tracking reference image.","All three variants of İncir, kuru, İzmir are the same scene, re-shot with a different amount of food. Identical across small/regular/large: the matte white small side plate and its diameter, the 85-degree overhead camera angle, the camera distance, the neutral light stone tabletop, the soft diffused daylight, the white balance, and the framing. The small side plate diameter is identical in all three renders; only the area, height and realistic volume of the food change. The food keeps the same color, cut and cooking state. Nothing is added or removed between variants — no sauce, oil, herb or side item appears in one variant and not another. Portion weights are 20 g / 30 g / 45 g and must read as visibly increasing at a 120-160 px thumbnail size. No weight, number or label may appear in the image itself.","TürKomp — Ulusal Gıda Kompozisyon Veri Tabanı","12.02.0082",,,,,,,"missing","","TÜBER 2022 Ek 2.3.1 — Besinlerin standart porsiyonlarının enerji ve besin ögesi içerikleri","İncir (kuru)","https://hsgm.saglik.gov.tr/depo/birimler/saglikli-beslenme-ve-hareketli-hayat-db/Dokumanlar/Rehberler/Turkiye_Beslenme_Rehber_TUBER_2022_min.pdf","TÜBER 2022 (baskı tarihi 2023-08-08)","Ek 2.3.1 (s.283-284)","https://turkomp.tarimorman.gov.tr/food-incir-kuru-izmir-529","2026-08-18T20:30:00Z",,,"needs_review","regular = the published TÜBER Ek 2.3.1 standard portion for ""İncir (kuru)"" (30 g). | small = APP-DERIVED from regular using portion policy portion-policy-v2 (category dried_fruit), rounded to 5 g steps. This is a product reference size, NOT a value published by TÜBER. | large = APP-DERIVED from regular using portion policy portion-policy-v2 (category dried_fruit), rounded to 5 g steps. This is a product reference size, NOT a value published by TÜBER. | Composition is the published TürKomp per-100 g record 12.02.0082; no scaling applied."
,"İncir, kuru, Aydın, dağlık kesim",,"incir-kuru-aydin-daglik-kesim",,"small","20.0",,"food-portions/incir-kuru-aydin-daglik-kesim/incir-kuru-aydin-daglik-kesim--small--20g.webp","Photorealistic overhead food reference photograph of İncir, kuru, Aydın, dağlık kesim, representing the SMALL controlled portion of 20 grams. Served on the exact same matte white small side plate used across the three portion variants. Fixed 85-degree overhead camera, fixed camera distance, neutral light stone tabletop, soft diffused daylight, natural appetizing food color, realistic household serving, entire small side plate visible, centered composition, no utensils, no hands, no napkin, no packaging, no logo, no text, no watermark, no decorative garnish unless part of the canonical recipe, no dramatic restaurant styling, no hard shadows. Only the amount of food should differ between portion variants. Square 1:1 composition, sRGB, production-quality mobile nutrition tracking reference image.","All three variants of İncir, kuru, Aydın, dağlık kesim are the same scene, re-shot with a different amount of food. Identical across small/regular/large: the matte white small side plate and its diameter, the 85-degree overhead camera angle, the camera distance, the neutral light stone tabletop, the soft diffused daylight, the white balance, and the framing. The small side plate diameter is identical in all three renders; only the area, height and realistic volume of the food change. The food keeps the same color, cut and cooking state. Nothing is added or removed between variants — no sauce, oil, herb or side item appears in one variant and not another. Portion weights are 20 g / 30 g / 45 g and must read as visibly increasing at a 120-160 px thumbnail size. No weight, number or label may appear in the image itself.","TürKomp — Ulusal Gıda Kompozisyon Veri Tabanı","12.02.0083",,,,,,,"missing","","TÜBER 2022 Ek 2.3.1 — Besinlerin standart porsiyonlarının enerji ve besin ögesi içerikleri","İncir (kuru)","https://hsgm.saglik.gov.tr/depo/birimler/saglikli-beslenme-ve-hareketli-hayat-db/Dokumanlar/Rehberler/Turkiye_Beslenme_Rehber_TUBER_2022_min.pdf","TÜBER 2022 (baskı tarihi 2023-08-08)","Ek 2.3.1 (s.283-284)","https://turkomp.tarimorman.gov.tr/food-incir-kuru-aydin-daglik-kesim-530","2026-08-18T20:30:00Z",,,"needs_review","regular = the published TÜBER Ek 2.3.1 standard portion for ""İncir (kuru)"" (30 g). | small = APP-DERIVED from regular using portion policy portion-policy-v2 (category dried_fruit), rounded to 5 g steps. This is a product reference size, NOT a value published by TÜBER. | large = APP-DERIVED from regular using portion policy portion-policy-v2 (category dried_fruit), rounded to 5 g steps. This is a product reference size, NOT a value published by TÜBER. | Composition is the published TürKomp per-100 g record 12.02.0083; no scaling applied."
,"İncir, kuru, Aydın, dağlık kesim",,"incir-kuru-aydin-daglik-kesim",,"regular","30.0",,"food-portions/incir-kuru-aydin-daglik-kesim/incir-kuru-aydin-daglik-kesim--regular--30g.webp","Photorealistic overhead food reference photograph of İncir, kuru, Aydın, dağlık kesim, representing the REGULAR controlled portion of 30 grams. Served on the exact same matte white small side plate used across the three portion variants. Fixed 85-degree overhead camera, fixed camera distance, neutral light stone tabletop, soft diffused daylight, natural appetizing food color, realistic household serving, entire small side plate visible, centered composition, no utensils, no hands, no napkin, no packaging, no logo, no text, no watermark, no decorative garnish unless part of the canonical recipe, no dramatic restaurant styling, no hard shadows. Only the amount of food should differ between portion variants. Square 1:1 composition, sRGB, production-quality mobile nutrition tracking reference image.","All three variants of İncir, kuru, Aydın, dağlık kesim are the same scene, re-shot with a different amount of food. Identical across small/regular/large: the matte white small side plate and its diameter, the 85-degree overhead camera angle, the camera distance, the neutral light stone tabletop, the soft diffused daylight, the white balance, and the framing. The small side plate diameter is identical in all three renders; only the area, height and realistic volume of the food change. The food keeps the same color, cut and cooking state. Nothing is added or removed between variants — no sauce, oil, herb or side item appears in one variant and not another. Portion weights are 20 g / 30 g / 45 g and must read as visibly increasing at a 120-160 px thumbnail size. No weight, number or label may appear in the image itself.","TürKomp — Ulusal Gıda Kompozisyon Veri Tabanı","12.02.0083",,,,,,,"missing","","TÜBER 2022 Ek 2.3.1 — Besinlerin standart porsiyonlarının enerji ve besin ögesi içerikleri","İncir (kuru)","https://hsgm.saglik.gov.tr/depo/birimler/saglikli-beslenme-ve-hareketli-hayat-db/Dokumanlar/Rehberler/Turkiye_Beslenme_Rehber_TUBER_2022_min.pdf","TÜBER 2022 (baskı tarihi 2023-08-08)","Ek 2.3.1 (s.283-284)","https://turkomp.tarimorman.gov.tr/food-incir-kuru-aydin-daglik-kesim-530","2026-08-18T20:30:00Z",,,"needs_review","regular = the published TÜBER Ek 2.3.1 standard portion for ""İncir (kuru)"" (30 g). | small = APP-DERIVED from regular using portion policy portion-policy-v2 (category dried_fruit), rounded to 5 g steps. This is a product reference size, NOT a value published by TÜBER. | large = APP-DERIVED from regular using portion policy portion-policy-v2 (category dried_fruit), rounded to 5 g steps. This is a product reference size, NOT a value published by TÜBER. | Composition is the published TürKomp per-100 g record 12.02.0083; no scaling applied."
,"İncir, kuru, Aydın, dağlık kesim",,"incir-kuru-aydin-daglik-kesim",,"large","45.0",,"food-portions/incir-kuru-aydin-daglik-kesim/incir-kuru-aydin-daglik-kesim--large--45g.webp","Photorealistic overhead food reference photograph of İncir, kuru, Aydın, dağlık kesim, representing the LARGE controlled portion of 45 grams. Served on the exact same matte white small side plate used across the three portion variants. Fixed 85-degree overhead camera, fixed camera distance, neutral light stone tabletop, soft diffused daylight, natural appetizing food color, realistic household serving, entire small side plate visible, centered composition, no utensils, no hands, no napkin, no packaging, no logo, no text, no watermark, no decorative garnish unless part of the canonical recipe, no dramatic restaurant styling, no hard shadows. Only the amount of food should differ between portion variants. Square 1:1 composition, sRGB, production-quality mobile nutrition tracking reference image.","All three variants of İncir, kuru, Aydın, dağlık kesim are the same scene, re-shot with a different amount of food. Identical across small/regular/large: the matte white small side plate and its diameter, the 85-degree overhead camera angle, the camera distance, the neutral light stone tabletop, the soft diffused daylight, the white balance, and the framing. The small side plate diameter is identical in all three renders; only the area, height and realistic volume of the food change. The food keeps the same color, cut and cooking state. Nothing is added or removed between variants — no sauce, oil, herb or side item appears in one variant and not another. Portion weights are 20 g / 30 g / 45 g and must read as visibly increasing at a 120-160 px thumbnail size. No weight, number or label may appear in the image itself.","TürKomp — Ulusal Gıda Kompozisyon Veri Tabanı","12.02.0083",,,,,,,"missing","","TÜBER 2022 Ek 2.3.1 — Besinlerin standart porsiyonlarının enerji ve besin ögesi içerikleri","İncir (kuru)","https://hsgm.saglik.gov.tr/depo/birimler/saglikli-beslenme-ve-hareketli-hayat-db/Dokumanlar/Rehberler/Turkiye_Beslenme_Rehber_TUBER_2022_min.pdf","TÜBER 2022 (baskı tarihi 2023-08-08)","Ek 2.3.1 (s.283-284)","https://turkomp.tarimorman.gov.tr/food-incir-kuru-aydin-daglik-kesim-530","2026-08-18T20:30:00Z",,,"needs_review","regular = the published TÜBER Ek 2.3.1 standard portion for ""İncir (kuru)"" (30 g). | small = APP-DERIVED from regular using portion policy portion-policy-v2 (category dried_fruit), rounded to 5 g steps. This is a product reference size, NOT a value published by TÜBER. | large = APP-DERIVED from regular using portion policy portion-policy-v2 (category dried_fruit), rounded to 5 g steps. This is a product reference size, NOT a value published by TÜBER. | Composition is the published TürKomp per-100 g record 12.02.0083; no scaling applied."
,"Ayran, yayık, Mersin",,"ayran-yayik-mersin",,"small","220.0",,"food-portions/ayran-yayik-mersin/ayran-yayik-mersin--small--220g.webp","Photorealistic overhead food reference photograph of Ayran, yayık, Mersin, representing the SMALL controlled portion of 220 grams. Served on the exact same matte white plate used across the three portion variants. Fixed 85-degree overhead camera, fixed camera distance, neutral light stone tabletop, soft diffused daylight, natural appetizing food color, realistic household serving, entire plate visible, centered composition, no utensils, no hands, no napkin, no packaging, no logo, no text, no watermark, no decorative garnish unless part of the canonical recipe, no dramatic restaurant styling, no hard shadows. Only the amount of food should differ between portion variants. Square 1:1 composition, sRGB, production-quality mobile nutrition tracking reference image.","All three variants of Ayran, yayık, Mersin are the same scene, re-shot with a different amount of food. Identical across small/regular/large: the matte white plate and its diameter, the 85-degree overhead camera angle, the camera distance, the neutral light stone tabletop, the soft diffused daylight, the white balance, and the framing. The plate diameter is identical in all three renders; only the area, height and realistic volume of the food change. The food keeps the same color, cut and cooking state. Nothing is added or removed between variants — no sauce, oil, herb or side item appears in one variant and not another. Portion weights are 220 g / 350 g / 530 g and must read as visibly increasing at a 120-160 px thumbnail size. No weight, number or label may appear in the image itself.","TürKomp — Ulusal Gıda Kompozisyon Veri Tabanı","12.02.0094",,,,,,,"missing","","TÜBER 2022 Ek 2.3.1 — Besinlerin standart porsiyonlarının enerji ve besin ögesi içerikleri","Ayran","https://hsgm.saglik.gov.tr/depo/birimler/saglikli-beslenme-ve-hareketli-hayat-db/Dokumanlar/Rehberler/Turkiye_Beslenme_Rehber_TUBER_2022_min.pdf","TÜBER 2022 (baskı tarihi 2023-08-08)","Ek 2.3.1 (s.283-284)","https://turkomp.tarimorman.gov.tr/food-ayran-yayik-mersin-553","2026-08-18T20:30:00Z",,,"needs_review","regular = the published TÜBER Ek 2.3.1 standard portion for ""Ayran"" (350 g). | small = APP-DERIVED from regular using portion policy portion-policy-v2 (category dairy_yogurt), rounded to 10 g steps. This is a product reference size, NOT a value published by TÜBER. | large = APP-DERIVED from regular using portion policy portion-policy-v2 (category dairy_yogurt), rounded to 10 g steps. This is a product reference size, NOT a value published by TÜBER. | Composition is the published TürKomp per-100 g record 12.02.0094; no scaling applied."
,"Ayran, yayık, Mersin",,"ayran-yayik-mersin",,"regular","350.0",,"food-portions/ayran-yayik-mersin/ayran-yayik-mersin--regular--350g.webp","Photorealistic overhead food reference photograph of Ayran, yayık, Mersin, representing the REGULAR controlled portion of 350 grams. Served on the exact same matte white plate used across the three portion variants. Fixed 85-degree overhead camera, fixed camera distance, neutral light stone tabletop, soft diffused daylight, natural appetizing food color, realistic household serving, entire plate visible, centered composition, no utensils, no hands, no napkin, no packaging, no logo, no text, no watermark, no decorative garnish unless part of the canonical recipe, no dramatic restaurant styling, no hard shadows. Only the amount of food should differ between portion variants. Square 1:1 composition, sRGB, production-quality mobile nutrition tracking reference image.","All three variants of Ayran, yayık, Mersin are the same scene, re-shot with a different amount of food. Identical across small/regular/large: the matte white plate and its diameter, the 85-degree overhead camera angle, the camera distance, the neutral light stone tabletop, the soft diffused daylight, the white balance, and the framing. The plate diameter is identical in all three renders; only the area, height and realistic volume of the food change. The food keeps the same color, cut and cooking state. Nothing is added or removed between variants — no sauce, oil, herb or side item appears in one variant and not another. Portion weights are 220 g / 350 g / 530 g and must read as visibly increasing at a 120-160 px thumbnail size. No weight, number or label may appear in the image itself.","TürKomp — Ulusal Gıda Kompozisyon Veri Tabanı","12.02.0094",,,,,,,"missing","","TÜBER 2022 Ek 2.3.1 — Besinlerin standart porsiyonlarının enerji ve besin ögesi içerikleri","Ayran","https://hsgm.saglik.gov.tr/depo/birimler/saglikli-beslenme-ve-hareketli-hayat-db/Dokumanlar/Rehberler/Turkiye_Beslenme_Rehber_TUBER_2022_min.pdf","TÜBER 2022 (baskı tarihi 2023-08-08)","Ek 2.3.1 (s.283-284)","https://turkomp.tarimorman.gov.tr/food-ayran-yayik-mersin-553","2026-08-18T20:30:00Z",,,"needs_review","regular = the published TÜBER Ek 2.3.1 standard portion for ""Ayran"" (350 g). | small = APP-DERIVED from regular using portion policy portion-policy-v2 (category dairy_yogurt), rounded to 10 g steps. This is a product reference size, NOT a value published by TÜBER. | large = APP-DERIVED from regular using portion policy portion-policy-v2 (category dairy_yogurt), rounded to 10 g steps. This is a product reference size, NOT a value published by TÜBER. | Composition is the published TürKomp per-100 g record 12.02.0094; no scaling applied."
,"Ayran, yayık, Mersin",,"ayran-yayik-mersin",,"large","530.0",,"food-portions/ayran-yayik-mersin/ayran-yayik-mersin--large--530g.webp","Photorealistic overhead food reference photograph of Ayran, yayık, Mersin, representing the LARGE controlled portion of 530 grams. Served on the exact same matte white plate used across the three portion variants. Fixed 85-degree overhead camera, fixed camera distance, neutral light stone tabletop, soft diffused daylight, natural appetizing food color, realistic household serving, entire plate visible, centered composition, no utensils, no hands, no napkin, no packaging, no logo, no text, no watermark, no decorative garnish unless part of the canonical recipe, no dramatic restaurant styling, no hard shadows. Only the amount of food should differ between portion variants. Square 1:1 composition, sRGB, production-quality mobile nutrition tracking reference image.","All three variants of Ayran, yayık, Mersin are the same scene, re-shot with a different amount of food. Identical across small/regular/large: the matte white plate and its diameter, the 85-degree overhead camera angle, the camera distance, the neutral light stone tabletop, the soft diffused daylight, the white balance, and the framing. The plate diameter is identical in all three renders; only the area, height and realistic volume of the food change. The food keeps the same color, cut and cooking state. Nothing is added or removed between variants — no sauce, oil, herb or side item appears in one variant and not another. Portion weights are 220 g / 350 g / 530 g and must read as visibly increasing at a 120-160 px thumbnail size. No weight, number or label may appear in the image itself.","TürKomp — Ulusal Gıda Kompozisyon Veri Tabanı","12.02.0094",,,,,,,"missing","","TÜBER 2022 Ek 2.3.1 — Besinlerin standart porsiyonlarının enerji ve besin ögesi içerikleri","Ayran","https://hsgm.saglik.gov.tr/depo/birimler/saglikli-beslenme-ve-hareketli-hayat-db/Dokumanlar/Rehberler/Turkiye_Beslenme_Rehber_TUBER_2022_min.pdf","TÜBER 2022 (baskı tarihi 2023-08-08)","Ek 2.3.1 (s.283-284)","https://turkomp.tarimorman.gov.tr/food-ayran-yayik-mersin-553","2026-08-18T20:30:00Z",,,"needs_review","regular = the published TÜBER Ek 2.3.1 standard portion for ""Ayran"" (350 g). | small = APP-DERIVED from regular using portion policy portion-policy-v2 (category dairy_yogurt), rounded to 10 g steps. This is a product reference size, NOT a value published by TÜBER. | large = APP-DERIVED from regular using portion policy portion-policy-v2 (category dairy_yogurt), rounded to 10 g steps. This is a product reference size, NOT a value published by TÜBER. | Composition is the published TürKomp per-100 g record 12.02.0094; no scaling applied."
,"Yoğurt, süzme, Burdur",,"yogurt-suzme-burdur",,"small","150.0",,"food-portions/yogurt-suzme-burdur/yogurt-suzme-burdur--small--150g.webp","Photorealistic overhead food reference photograph of Yoğurt, süzme, Burdur, representing the SMALL controlled portion of 150 grams. Served on the exact same matte white plate used across the three portion variants. Fixed 85-degree overhead camera, fixed camera distance, neutral light stone tabletop, soft diffused daylight, natural appetizing food color, realistic household serving, entire plate visible, centered composition, no utensils, no hands, no napkin, no packaging, no logo, no text, no watermark, no decorative garnish unless part of the canonical recipe, no dramatic restaurant styling, no hard shadows. Only the amount of food should differ between portion variants. Square 1:1 composition, sRGB, production-quality mobile nutrition tracking reference image.","All three variants of Yoğurt, süzme, Burdur are the same scene, re-shot with a different amount of food. Identical across small/regular/large: the matte white plate and its diameter, the 85-degree overhead camera angle, the camera distance, the neutral light stone tabletop, the soft diffused daylight, the white balance, and the framing. The plate diameter is identical in all three renders; only the area, height and realistic volume of the food change. The food keeps the same color, cut and cooking state. Nothing is added or removed between variants — no sauce, oil, herb or side item appears in one variant and not another. Portion weights are 150 g / 240 g / 360 g and must read as visibly increasing at a 120-160 px thumbnail size. No weight, number or label may appear in the image itself.","TürKomp — Ulusal Gıda Kompozisyon Veri Tabanı","12.02.0097",,,,,,,"missing","","TÜBER 2022 Ek 2.3.1 — Besinlerin standart porsiyonlarının enerji ve besin ögesi içerikleri","Yoğurt, tam yağlı","https://hsgm.saglik.gov.tr/depo/birimler/saglikli-beslenme-ve-hareketli-hayat-db/Dokumanlar/Rehberler/Turkiye_Beslenme_Rehber_TUBER_2022_min.pdf","TÜBER 2022 (baskı tarihi 2023-08-08)","Ek 2.3.1 (s.283-284)","https://turkomp.tarimorman.gov.tr/food-yogurt-suzme-burdur-559","2026-08-18T20:30:00Z",,,"needs_review","regular = the published TÜBER Ek 2.3.1 standard portion for ""Yoğurt, tam yağlı"" (240 g). | small = APP-DERIVED from regular using portion policy portion-policy-v2 (category dairy_yogurt), rounded to 10 g steps. This is a product reference size, NOT a value published by TÜBER. | large = APP-DERIVED from regular using portion policy portion-policy-v2 (category dairy_yogurt), rounded to 10 g steps. This is a product reference size, NOT a value published by TÜBER. | Composition is the published TürKomp per-100 g record 12.02.0097; no scaling applied."
,"Yoğurt, süzme, Burdur",,"yogurt-suzme-burdur",,"regular","240.0",,"food-portions/yogurt-suzme-burdur/yogurt-suzme-burdur--regular--240g.webp","Photorealistic overhead food reference photograph of Yoğurt, süzme, Burdur, representing the REGULAR controlled portion of 240 grams. Served on the exact same matte white plate used across the three portion variants. Fixed 85-degree overhead camera, fixed camera distance, neutral light stone tabletop, soft diffused daylight, natural appetizing food color, realistic household serving, entire plate visible, centered composition, no utensils, no hands, no napkin, no packaging, no logo, no text, no watermark, no decorative garnish unless part of the canonical recipe, no dramatic restaurant styling, no hard shadows. Only the amount of food should differ between portion variants. Square 1:1 composition, sRGB, production-quality mobile nutrition tracking reference image.","All three variants of Yoğurt, süzme, Burdur are the same scene, re-shot with a different amount of food. Identical across small/regular/large: the matte white plate and its diameter, the 85-degree overhead camera angle, the camera distance, the neutral light stone tabletop, the soft diffused daylight, the white balance, and the framing. The plate diameter is identical in all three renders; only the area, height and realistic volume of the food change. The food keeps the same color, cut and cooking state. Nothing is added or removed between variants — no sauce, oil, herb or side item appears in one variant and not another. Portion weights are 150 g / 240 g / 360 g and must read as visibly increasing at a 120-160 px thumbnail size. No weight, number or label may appear in the image itself.","TürKomp — Ulusal Gıda Kompozisyon Veri Tabanı","12.02.0097",,,,,,,"missing","","TÜBER 2022 Ek 2.3.1 — Besinlerin standart porsiyonlarının enerji ve besin ögesi içerikleri","Yoğurt, tam yağlı","https://hsgm.saglik.gov.tr/depo/birimler/saglikli-beslenme-ve-hareketli-hayat-db/Dokumanlar/Rehberler/Turkiye_Beslenme_Rehber_TUBER_2022_min.pdf","TÜBER 2022 (baskı tarihi 2023-08-08)","Ek 2.3.1 (s.283-284)","https://turkomp.tarimorman.gov.tr/food-yogurt-suzme-burdur-559","2026-08-18T20:30:00Z",,,"needs_review","regular = the published TÜBER Ek 2.3.1 standard portion for ""Yoğurt, tam yağlı"" (240 g). | small = APP-DERIVED from regular using portion policy portion-policy-v2 (category dairy_yogurt), rounded to 10 g steps. This is a product reference size, NOT a value published by TÜBER. | large = APP-DERIVED from regular using portion policy portion-policy-v2 (category dairy_yogurt), rounded to 10 g steps. This is a product reference size, NOT a value published by TÜBER. | Composition is the published TürKomp per-100 g record 12.02.0097; no scaling applied."
,"Yoğurt, süzme, Burdur",,"yogurt-suzme-burdur",,"large","360.0",,"food-portions/yogurt-suzme-burdur/yogurt-suzme-burdur--large--360g.webp","Photorealistic overhead food reference photograph of Yoğurt, süzme, Burdur, representing the LARGE controlled portion of 360 grams. Served on the exact same matte white plate used across the three portion variants. Fixed 85-degree overhead camera, fixed camera distance, neutral light stone tabletop, soft diffused daylight, natural appetizing food color, realistic household serving, entire plate visible, centered composition, no utensils, no hands, no napkin, no packaging, no logo, no text, no watermark, no decorative garnish unless part of the canonical recipe, no dramatic restaurant styling, no hard shadows. Only the amount of food should differ between portion variants. Square 1:1 composition, sRGB, production-quality mobile nutrition tracking reference image.","All three variants of Yoğurt, süzme, Burdur are the same scene, re-shot with a different amount of food. Identical across small/regular/large: the matte white plate and its diameter, the 85-degree overhead camera angle, the camera distance, the neutral light stone tabletop, the soft diffused daylight, the white balance, and the framing. The plate diameter is identical in all three renders; only the area, height and realistic volume of the food change. The food keeps the same color, cut and cooking state. Nothing is added or removed between variants — no sauce, oil, herb or side item appears in one variant and not another. Portion weights are 150 g / 240 g / 360 g and must read as visibly increasing at a 120-160 px thumbnail size. No weight, number or label may appear in the image itself.","TürKomp — Ulusal Gıda Kompozisyon Veri Tabanı","12.02.0097",,,,,,,"missing","","TÜBER 2022 Ek 2.3.1 — Besinlerin standart porsiyonlarının enerji ve besin ögesi içerikleri","Yoğurt, tam yağlı","https://hsgm.saglik.gov.tr/depo/birimler/saglikli-beslenme-ve-hareketli-hayat-db/Dokumanlar/Rehberler/Turkiye_Beslenme_Rehber_TUBER_2022_min.pdf","TÜBER 2022 (baskı tarihi 2023-08-08)","Ek 2.3.1 (s.283-284)","https://turkomp.tarimorman.gov.tr/food-yogurt-suzme-burdur-559","2026-08-18T20:30:00Z",,,"needs_review","regular = the published TÜBER Ek 2.3.1 standard portion for ""Yoğurt, tam yağlı"" (240 g). | small = APP-DERIVED from regular using portion policy portion-policy-v2 (category dairy_yogurt), rounded to 10 g steps. This is a product reference size, NOT a value published by TÜBER. | large = APP-DERIVED from regular using portion policy portion-policy-v2 (category dairy_yogurt), rounded to 10 g steps. This is a product reference size, NOT a value published by TÜBER. | Composition is the published TürKomp per-100 g record 12.02.0097; no scaling applied."
,"Ayran, yayık, Cevizli, Antalya",,"ayran-yayik-cevizli-antalya",,"small","220.0",,"food-portions/ayran-yayik-cevizli-antalya/ayran-yayik-cevizli-antalya--small--220g.webp","Photorealistic overhead food reference photograph of Ayran, yayık, Cevizli, Antalya, representing the SMALL controlled portion of 220 grams. Served on the exact same matte white plate used across the three portion variants. Fixed 85-degree overhead camera, fixed camera distance, neutral light stone tabletop, soft diffused daylight, natural appetizing food color, realistic household serving, entire plate visible, centered composition, no utensils, no hands, no napkin, no packaging, no logo, no text, no watermark, no decorative garnish unless part of the canonical recipe, no dramatic restaurant styling, no hard shadows. Only the amount of food should differ between portion variants. Square 1:1 composition, sRGB, production-quality mobile nutrition tracking reference image.","All three variants of Ayran, yayık, Cevizli, Antalya are the same scene, re-shot with a different amount of food. Identical across small/regular/large: the matte white plate and its diameter, the 85-degree overhead camera angle, the camera distance, the neutral light stone tabletop, the soft diffused daylight, the white balance, and the framing. The plate diameter is identical in all three renders; only the area, height and realistic volume of the food change. The food keeps the same color, cut and cooking state. Nothing is added or removed between variants — no sauce, oil, herb or side item appears in one variant and not another. Portion weights are 220 g / 350 g / 530 g and must read as visibly increasing at a 120-160 px thumbnail size. No weight, number or label may appear in the image itself.","TürKomp — Ulusal Gıda Kompozisyon Veri Tabanı","12.02.0111",,,,,,,"missing","","TÜBER 2022 Ek 2.3.1 — Besinlerin standart porsiyonlarının enerji ve besin ögesi içerikleri","Ayran","https://hsgm.saglik.gov.tr/depo/birimler/saglikli-beslenme-ve-hareketli-hayat-db/Dokumanlar/Rehberler/Turkiye_Beslenme_Rehber_TUBER_2022_min.pdf","TÜBER 2022 (baskı tarihi 2023-08-08)","Ek 2.3.1 (s.283-284)","https://turkomp.tarimorman.gov.tr/food-ayran-yayik-cevizli-antalya-577","2026-08-18T20:30:00Z",,,"needs_review","regular = the published TÜBER Ek 2.3.1 standard portion for ""Ayran"" (350 g). | small = APP-DERIVED from regular using portion policy portion-policy-v2 (category dairy_yogurt), rounded to 10 g steps. This is a product reference size, NOT a value published by TÜBER. | large = APP-DERIVED from regular using portion policy portion-policy-v2 (category dairy_yogurt), rounded to 10 g steps. This is a product reference size, NOT a value published by TÜBER. | Composition is the published TürKomp per-100 g record 12.02.0111; no scaling applied."
,"Ayran, yayık, Cevizli, Antalya",,"ayran-yayik-cevizli-antalya",,"regular","350.0",,"food-portions/ayran-yayik-cevizli-antalya/ayran-yayik-cevizli-antalya--regular--350g.webp","Photorealistic overhead food reference photograph of Ayran, yayık, Cevizli, Antalya, representing the REGULAR controlled portion of 350 grams. Served on the exact same matte white plate used across the three portion variants. Fixed 85-degree overhead camera, fixed camera distance, neutral light stone tabletop, soft diffused daylight, natural appetizing food color, realistic household serving, entire plate visible, centered composition, no utensils, no hands, no napkin, no packaging, no logo, no text, no watermark, no decorative garnish unless part of the canonical recipe, no dramatic restaurant styling, no hard shadows. Only the amount of food should differ between portion variants. Square 1:1 composition, sRGB, production-quality mobile nutrition tracking reference image.","All three variants of Ayran, yayık, Cevizli, Antalya are the same scene, re-shot with a different amount of food. Identical across small/regular/large: the matte white plate and its diameter, the 85-degree overhead camera angle, the camera distance, the neutral light stone tabletop, the soft diffused daylight, the white balance, and the framing. The plate diameter is identical in all three renders; only the area, height and realistic volume of the food change. The food keeps the same color, cut and cooking state. Nothing is added or removed between variants — no sauce, oil, herb or side item appears in one variant and not another. Portion weights are 220 g / 350 g / 530 g and must read as visibly increasing at a 120-160 px thumbnail size. No weight, number or label may appear in the image itself.","TürKomp — Ulusal Gıda Kompozisyon Veri Tabanı","12.02.0111",,,,,,,"missing","","TÜBER 2022 Ek 2.3.1 — Besinlerin standart porsiyonlarının enerji ve besin ögesi içerikleri","Ayran","https://hsgm.saglik.gov.tr/depo/birimler/saglikli-beslenme-ve-hareketli-hayat-db/Dokumanlar/Rehberler/Turkiye_Beslenme_Rehber_TUBER_2022_min.pdf","TÜBER 2022 (baskı tarihi 2023-08-08)","Ek 2.3.1 (s.283-284)","https://turkomp.tarimorman.gov.tr/food-ayran-yayik-cevizli-antalya-577","2026-08-18T20:30:00Z",,,"needs_review","regular = the published TÜBER Ek 2.3.1 standard portion for ""Ayran"" (350 g). | small = APP-DERIVED from regular using portion policy portion-policy-v2 (category dairy_yogurt), rounded to 10 g steps. This is a product reference size, NOT a value published by TÜBER. | large = APP-DERIVED from regular using portion policy portion-policy-v2 (category dairy_yogurt), rounded to 10 g steps. This is a product reference size, NOT a value published by TÜBER. | Composition is the published TürKomp per-100 g record 12.02.0111; no scaling applied."
,"Ayran, yayık, Cevizli, Antalya",,"ayran-yayik-cevizli-antalya",,"large","530.0",,"food-portions/ayran-yayik-cevizli-antalya/ayran-yayik-cevizli-antalya--large--530g.webp","Photorealistic overhead food reference photograph of Ayran, yayık, Cevizli, Antalya, representing the LARGE controlled portion of 530 grams. Served on the exact same matte white plate used across the three portion variants. Fixed 85-degree overhead camera, fixed camera distance, neutral light stone tabletop, soft diffused daylight, natural appetizing food color, realistic household serving, entire plate visible, centered composition, no utensils, no hands, no napkin, no packaging, no logo, no text, no watermark, no decorative garnish unless part of the canonical recipe, no dramatic restaurant styling, no hard shadows. Only the amount of food should differ between portion variants. Square 1:1 composition, sRGB, production-quality mobile nutrition tracking reference image.","All three variants of Ayran, yayık, Cevizli, Antalya are the same scene, re-shot with a different amount of food. Identical across small/regular/large: the matte white plate and its diameter, the 85-degree overhead camera angle, the camera distance, the neutral light stone tabletop, the soft diffused daylight, the white balance, and the framing. The plate diameter is identical in all three renders; only the area, height and realistic volume of the food change. The food keeps the same color, cut and cooking state. Nothing is added or removed between variants — no sauce, oil, herb or side item appears in one variant and not another. Portion weights are 220 g / 350 g / 530 g and must read as visibly increasing at a 120-160 px thumbnail size. No weight, number or label may appear in the image itself.","TürKomp — Ulusal Gıda Kompozisyon Veri Tabanı","12.02.0111",,,,,,,"missing","","TÜBER 2022 Ek 2.3.1 — Besinlerin standart porsiyonlarının enerji ve besin ögesi içerikleri","Ayran","https://hsgm.saglik.gov.tr/depo/birimler/saglikli-beslenme-ve-hareketli-hayat-db/Dokumanlar/Rehberler/Turkiye_Beslenme_Rehber_TUBER_2022_min.pdf","TÜBER 2022 (baskı tarihi 2023-08-08)","Ek 2.3.1 (s.283-284)","https://turkomp.tarimorman.gov.tr/food-ayran-yayik-cevizli-antalya-577","2026-08-18T20:30:00Z",,,"needs_review","regular = the published TÜBER Ek 2.3.1 standard portion for ""Ayran"" (350 g). | small = APP-DERIVED from regular using portion policy portion-policy-v2 (category dairy_yogurt), rounded to 10 g steps. This is a product reference size, NOT a value published by TÜBER. | large = APP-DERIVED from regular using portion policy portion-policy-v2 (category dairy_yogurt), rounded to 10 g steps. This is a product reference size, NOT a value published by TÜBER. | Composition is the published TürKomp per-100 g record 12.02.0111; no scaling applied."
,"Yoğurt, Silivri, İstanbul",,"yogurt-silivri-istanbul",,"small","150.0",,"food-portions/yogurt-silivri-istanbul/yogurt-silivri-istanbul--small--150g.webp","Photorealistic overhead food reference photograph of Yoğurt, Silivri, İstanbul, representing the SMALL controlled portion of 150 grams. Served on the exact same matte white plate used across the three portion variants. Fixed 85-degree overhead camera, fixed camera distance, neutral light stone tabletop, soft diffused daylight, natural appetizing food color, realistic household serving, entire plate visible, centered composition, no utensils, no hands, no napkin, no packaging, no logo, no text, no watermark, no decorative garnish unless part of the canonical recipe, no dramatic restaurant styling, no hard shadows. Only the amount of food should differ between portion variants. Square 1:1 composition, sRGB, production-quality mobile nutrition tracking reference image.","All three variants of Yoğurt, Silivri, İstanbul are the same scene, re-shot with a different amount of food. Identical across small/regular/large: the matte white plate and its diameter, the 85-degree overhead camera angle, the camera distance, the neutral light stone tabletop, the soft diffused daylight, the white balance, and the framing. The plate diameter is identical in all three renders; only the area, height and realistic volume of the food change. The food keeps the same color, cut and cooking state. Nothing is added or removed between variants — no sauce, oil, herb or side item appears in one variant and not another. Portion weights are 150 g / 240 g / 360 g and must read as visibly increasing at a 120-160 px thumbnail size. No weight, number or label may appear in the image itself.","TürKomp — Ulusal Gıda Kompozisyon Veri Tabanı","12.02.0121",,,,,,,"missing","","TÜBER 2022 Ek 2.3.1 — Besinlerin standart porsiyonlarının enerji ve besin ögesi içerikleri","Yoğurt, tam yağlı","https://hsgm.saglik.gov.tr/depo/birimler/saglikli-beslenme-ve-hareketli-hayat-db/Dokumanlar/Rehberler/Turkiye_Beslenme_Rehber_TUBER_2022_min.pdf","TÜBER 2022 (baskı tarihi 2023-08-08)","Ek 2.3.1 (s.283-284)","https://turkomp.tarimorman.gov.tr/food-yogurt-silivri-istanbul-592","2026-08-18T20:30:00Z",,,"needs_review","regular = the published TÜBER Ek 2.3.1 standard portion for ""Yoğurt, tam yağlı"" (240 g). | small = APP-DERIVED from regular using portion policy portion-policy-v2 (category dairy_yogurt), rounded to 10 g steps. This is a product reference size, NOT a value published by TÜBER. | large = APP-DERIVED from regular using portion policy portion-policy-v2 (category dairy_yogurt), rounded to 10 g steps. This is a product reference size, NOT a value published by TÜBER. | Composition is the published TürKomp per-100 g record 12.02.0121; no scaling applied."
,"Yoğurt, Silivri, İstanbul",,"yogurt-silivri-istanbul",,"regular","240.0",,"food-portions/yogurt-silivri-istanbul/yogurt-silivri-istanbul--regular--240g.webp","Photorealistic overhead food reference photograph of Yoğurt, Silivri, İstanbul, representing the REGULAR controlled portion of 240 grams. Served on the exact same matte white plate used across the three portion variants. Fixed 85-degree overhead camera, fixed camera distance, neutral light stone tabletop, soft diffused daylight, natural appetizing food color, realistic household serving, entire plate visible, centered composition, no utensils, no hands, no napkin, no packaging, no logo, no text, no watermark, no decorative garnish unless part of the canonical recipe, no dramatic restaurant styling, no hard shadows. Only the amount of food should differ between portion variants. Square 1:1 composition, sRGB, production-quality mobile nutrition tracking reference image.","All three variants of Yoğurt, Silivri, İstanbul are the same scene, re-shot with a different amount of food. Identical across small/regular/large: the matte white plate and its diameter, the 85-degree overhead camera angle, the camera distance, the neutral light stone tabletop, the soft diffused daylight, the white balance, and the framing. The plate diameter is identical in all three renders; only the area, height and realistic volume of the food change. The food keeps the same color, cut and cooking state. Nothing is added or removed between variants — no sauce, oil, herb or side item appears in one variant and not another. Portion weights are 150 g / 240 g / 360 g and must read as visibly increasing at a 120-160 px thumbnail size. No weight, number or label may appear in the image itself.","TürKomp — Ulusal Gıda Kompozisyon Veri Tabanı","12.02.0121",,,,,,,"missing","","TÜBER 2022 Ek 2.3.1 — Besinlerin standart porsiyonlarının enerji ve besin ögesi içerikleri","Yoğurt, tam yağlı","https://hsgm.saglik.gov.tr/depo/birimler/saglikli-beslenme-ve-hareketli-hayat-db/Dokumanlar/Rehberler/Turkiye_Beslenme_Rehber_TUBER_2022_min.pdf","TÜBER 2022 (baskı tarihi 2023-08-08)","Ek 2.3.1 (s.283-284)","https://turkomp.tarimorman.gov.tr/food-yogurt-silivri-istanbul-592","2026-08-18T20:30:00Z",,,"needs_review","regular = the published TÜBER Ek 2.3.1 standard portion for ""Yoğurt, tam yağlı"" (240 g). | small = APP-DERIVED from regular using portion policy portion-policy-v2 (category dairy_yogurt), rounded to 10 g steps. This is a product reference size, NOT a value published by TÜBER. | large = APP-DERIVED from regular using portion policy portion-policy-v2 (category dairy_yogurt), rounded to 10 g steps. This is a product reference size, NOT a value published by TÜBER. | Composition is the published TürKomp per-100 g record 12.02.0121; no scaling applied."
,"Yoğurt, Silivri, İstanbul",,"yogurt-silivri-istanbul",,"large","360.0",,"food-portions/yogurt-silivri-istanbul/yogurt-silivri-istanbul--large--360g.webp","Photorealistic overhead food reference photograph of Yoğurt, Silivri, İstanbul, representing the LARGE controlled portion of 360 grams. Served on the exact same matte white plate used across the three portion variants. Fixed 85-degree overhead camera, fixed camera distance, neutral light stone tabletop, soft diffused daylight, natural appetizing food color, realistic household serving, entire plate visible, centered composition, no utensils, no hands, no napkin, no packaging, no logo, no text, no watermark, no decorative garnish unless part of the canonical recipe, no dramatic restaurant styling, no hard shadows. Only the amount of food should differ between portion variants. Square 1:1 composition, sRGB, production-quality mobile nutrition tracking reference image.","All three variants of Yoğurt, Silivri, İstanbul are the same scene, re-shot with a different amount of food. Identical across small/regular/large: the matte white plate and its diameter, the 85-degree overhead camera angle, the camera distance, the neutral light stone tabletop, the soft diffused daylight, the white balance, and the framing. The plate diameter is identical in all three renders; only the area, height and realistic volume of the food change. The food keeps the same color, cut and cooking state. Nothing is added or removed between variants — no sauce, oil, herb or side item appears in one variant and not another. Portion weights are 150 g / 240 g / 360 g and must read as visibly increasing at a 120-160 px thumbnail size. No weight, number or label may appear in the image itself.","TürKomp — Ulusal Gıda Kompozisyon Veri Tabanı","12.02.0121",,,,,,,"missing","","TÜBER 2022 Ek 2.3.1 — Besinlerin standart porsiyonlarının enerji ve besin ögesi içerikleri","Yoğurt, tam yağlı","https://hsgm.saglik.gov.tr/depo/birimler/saglikli-beslenme-ve-hareketli-hayat-db/Dokumanlar/Rehberler/Turkiye_Beslenme_Rehber_TUBER_2022_min.pdf","TÜBER 2022 (baskı tarihi 2023-08-08)","Ek 2.3.1 (s.283-284)","https://turkomp.tarimorman.gov.tr/food-yogurt-silivri-istanbul-592","2026-08-18T20:30:00Z",,,"needs_review","regular = the published TÜBER Ek 2.3.1 standard portion for ""Yoğurt, tam yağlı"" (240 g). | small = APP-DERIVED from regular using portion policy portion-policy-v2 (category dairy_yogurt), rounded to 10 g steps. This is a product reference size, NOT a value published by TÜBER. | large = APP-DERIVED from regular using portion policy portion-policy-v2 (category dairy_yogurt), rounded to 10 g steps. This is a product reference size, NOT a value published by TÜBER. | Composition is the published TürKomp per-100 g record 12.02.0121; no scaling applied."
,"Ayran, yayık, Diyarbakır",,"ayran-yayik-diyarbakir",,"small","220.0",,"food-portions/ayran-yayik-diyarbakir/ayran-yayik-diyarbakir--small--220g.webp","Photorealistic overhead food reference photograph of Ayran, yayık, Diyarbakır, representing the SMALL controlled portion of 220 grams. Served on the exact same matte white plate used across the three portion variants. Fixed 85-degree overhead camera, fixed camera distance, neutral light stone tabletop, soft diffused daylight, natural appetizing food color, realistic household serving, entire plate visible, centered composition, no utensils, no hands, no napkin, no packaging, no logo, no text, no watermark, no decorative garnish unless part of the canonical recipe, no dramatic restaurant styling, no hard shadows. Only the amount of food should differ between portion variants. Square 1:1 composition, sRGB, production-quality mobile nutrition tracking reference image.","All three variants of Ayran, yayık, Diyarbakır are the same scene, re-shot with a different amount of food. Identical across small/regular/large: the matte white plate and its diameter, the 85-degree overhead camera angle, the camera distance, the neutral light stone tabletop, the soft diffused daylight, the white balance, and the framing. The plate diameter is identical in all three renders; only the area, height and realistic volume of the food change. The food keeps the same color, cut and cooking state. Nothing is added or removed between variants — no sauce, oil, herb or side item appears in one variant and not another. Portion weights are 220 g / 350 g / 530 g and must read as visibly increasing at a 120-160 px thumbnail size. No weight, number or label may appear in the image itself.","TürKomp — Ulusal Gıda Kompozisyon Veri Tabanı","12.02.0122",,,,,,,"missing","","TÜBER 2022 Ek 2.3.1 — Besinlerin standart porsiyonlarının enerji ve besin ögesi içerikleri","Ayran","https://hsgm.saglik.gov.tr/depo/birimler/saglikli-beslenme-ve-hareketli-hayat-db/Dokumanlar/Rehberler/Turkiye_Beslenme_Rehber_TUBER_2022_min.pdf","TÜBER 2022 (baskı tarihi 2023-08-08)","Ek 2.3.1 (s.283-284)","https://turkomp.tarimorman.gov.tr/food-ayran-yayik-diyarbakir-595","2026-08-18T20:30:00Z",,,"needs_review","regular = the published TÜBER Ek 2.3.1 standard portion for ""Ayran"" (350 g). | small = APP-DERIVED from regular using portion policy portion-policy-v2 (category dairy_yogurt), rounded to 10 g steps. This is a product reference size, NOT a value published by TÜBER. | large = APP-DERIVED from regular using portion policy portion-policy-v2 (category dairy_yogurt), rounded to 10 g steps. This is a product reference size, NOT a value published by TÜBER. | Composition is the published TürKomp per-100 g record 12.02.0122; no scaling applied."
,"Ayran, yayık, Diyarbakır",,"ayran-yayik-diyarbakir",,"regular","350.0",,"food-portions/ayran-yayik-diyarbakir/ayran-yayik-diyarbakir--regular--350g.webp","Photorealistic overhead food reference photograph of Ayran, yayık, Diyarbakır, representing the REGULAR controlled portion of 350 grams. Served on the exact same matte white plate used across the three portion variants. Fixed 85-degree overhead camera, fixed camera distance, neutral light stone tabletop, soft diffused daylight, natural appetizing food color, realistic household serving, entire plate visible, centered composition, no utensils, no hands, no napkin, no packaging, no logo, no text, no watermark, no decorative garnish unless part of the canonical recipe, no dramatic restaurant styling, no hard shadows. Only the amount of food should differ between portion variants. Square 1:1 composition, sRGB, production-quality mobile nutrition tracking reference image.","All three variants of Ayran, yayık, Diyarbakır are the same scene, re-shot with a different amount of food. Identical across small/regular/large: the matte white plate and its diameter, the 85-degree overhead camera angle, the camera distance, the neutral light stone tabletop, the soft diffused daylight, the white balance, and the framing. The plate diameter is identical in all three renders; only the area, height and realistic volume of the food change. The food keeps the same color, cut and cooking state. Nothing is added or removed between variants — no sauce, oil, herb or side item appears in one variant and not another. Portion weights are 220 g / 350 g / 530 g and must read as visibly increasing at a 120-160 px thumbnail size. No weight, number or label may appear in the image itself.","TürKomp — Ulusal Gıda Kompozisyon Veri Tabanı","12.02.0122",,,,,,,"missing","","TÜBER 2022 Ek 2.3.1 — Besinlerin standart porsiyonlarının enerji ve besin ögesi içerikleri","Ayran","https://hsgm.saglik.gov.tr/depo/birimler/saglikli-beslenme-ve-hareketli-hayat-db/Dokumanlar/Rehberler/Turkiye_Beslenme_Rehber_TUBER_2022_min.pdf","TÜBER 2022 (baskı tarihi 2023-08-08)","Ek 2.3.1 (s.283-284)","https://turkomp.tarimorman.gov.tr/food-ayran-yayik-diyarbakir-595","2026-08-18T20:30:00Z",,,"needs_review","regular = the published TÜBER Ek 2.3.1 standard portion for ""Ayran"" (350 g). | small = APP-DERIVED from regular using portion policy portion-policy-v2 (category dairy_yogurt), rounded to 10 g steps. This is a product reference size, NOT a value published by TÜBER. | large = APP-DERIVED from regular using portion policy portion-policy-v2 (category dairy_yogurt), rounded to 10 g steps. This is a product reference size, NOT a value published by TÜBER. | Composition is the published TürKomp per-100 g record 12.02.0122; no scaling applied."
,"Ayran, yayık, Diyarbakır",,"ayran-yayik-diyarbakir",,"large","530.0",,"food-portions/ayran-yayik-diyarbakir/ayran-yayik-diyarbakir--large--530g.webp","Photorealistic overhead food reference photograph of Ayran, yayık, Diyarbakır, representing the LARGE controlled portion of 530 grams. Served on the exact same matte white plate used across the three portion variants. Fixed 85-degree overhead camera, fixed camera distance, neutral light stone tabletop, soft diffused daylight, natural appetizing food color, realistic household serving, entire plate visible, centered composition, no utensils, no hands, no napkin, no packaging, no logo, no text, no watermark, no decorative garnish unless part of the canonical recipe, no dramatic restaurant styling, no hard shadows. Only the amount of food should differ between portion variants. Square 1:1 composition, sRGB, production-quality mobile nutrition tracking reference image.","All three variants of Ayran, yayık, Diyarbakır are the same scene, re-shot with a different amount of food. Identical across small/regular/large: the matte white plate and its diameter, the 85-degree overhead camera angle, the camera distance, the neutral light stone tabletop, the soft diffused daylight, the white balance, and the framing. The plate diameter is identical in all three renders; only the area, height and realistic volume of the food change. The food keeps the same color, cut and cooking state. Nothing is added or removed between variants — no sauce, oil, herb or side item appears in one variant and not another. Portion weights are 220 g / 350 g / 530 g and must read as visibly increasing at a 120-160 px thumbnail size. No weight, number or label may appear in the image itself.","TürKomp — Ulusal Gıda Kompozisyon Veri Tabanı","12.02.0122",,,,,,,"missing","","TÜBER 2022 Ek 2.3.1 — Besinlerin standart porsiyonlarının enerji ve besin ögesi içerikleri","Ayran","https://hsgm.saglik.gov.tr/depo/birimler/saglikli-beslenme-ve-hareketli-hayat-db/Dokumanlar/Rehberler/Turkiye_Beslenme_Rehber_TUBER_2022_min.pdf","TÜBER 2022 (baskı tarihi 2023-08-08)","Ek 2.3.1 (s.283-284)","https://turkomp.tarimorman.gov.tr/food-ayran-yayik-diyarbakir-595","2026-08-18T20:30:00Z",,,"needs_review","regular = the published TÜBER Ek 2.3.1 standard portion for ""Ayran"" (350 g). | small = APP-DERIVED from regular using portion policy portion-policy-v2 (category dairy_yogurt), rounded to 10 g steps. This is a product reference size, NOT a value published by TÜBER. | large = APP-DERIVED from regular using portion policy portion-policy-v2 (category dairy_yogurt), rounded to 10 g steps. This is a product reference size, NOT a value published by TÜBER. | Composition is the published TürKomp per-100 g record 12.02.0122; no scaling applied."
,"Yoğurt, süzme, Konya",,"yogurt-suzme-konya",,"small","150.0",,"food-portions/yogurt-suzme-konya/yogurt-suzme-konya--small--150g.webp","Photorealistic overhead food reference photograph of Yoğurt, süzme, Konya, representing the SMALL controlled portion of 150 grams. Served on the exact same matte white plate used across the three portion variants. Fixed 85-degree overhead camera, fixed camera distance, neutral light stone tabletop, soft diffused daylight, natural appetizing food color, realistic household serving, entire plate visible, centered composition, no utensils, no hands, no napkin, no packaging, no logo, no text, no watermark, no decorative garnish unless part of the canonical recipe, no dramatic restaurant styling, no hard shadows. Only the amount of food should differ between portion variants. Square 1:1 composition, sRGB, production-quality mobile nutrition tracking reference image.","All three variants of Yoğurt, süzme, Konya are the same scene, re-shot with a different amount of food. Identical across small/regular/large: the matte white plate and its diameter, the 85-degree overhead camera angle, the camera distance, the neutral light stone tabletop, the soft diffused daylight, the white balance, and the framing. The plate diameter is identical in all three renders; only the area, height and realistic volume of the food change. The food keeps the same color, cut and cooking state. Nothing is added or removed between variants — no sauce, oil, herb or side item appears in one variant and not another. Portion weights are 150 g / 240 g / 360 g and must read as visibly increasing at a 120-160 px thumbnail size. No weight, number or label may appear in the image itself.","TürKomp — Ulusal Gıda Kompozisyon Veri Tabanı","12.02.0152",,,,,,,"missing","","TÜBER 2022 Ek 2.3.1 — Besinlerin standart porsiyonlarının enerji ve besin ögesi içerikleri","Yoğurt, tam yağlı","https://hsgm.saglik.gov.tr/depo/birimler/saglikli-beslenme-ve-hareketli-hayat-db/Dokumanlar/Rehberler/Turkiye_Beslenme_Rehber_TUBER_2022_min.pdf","TÜBER 2022 (baskı tarihi 2023-08-08)","Ek 2.3.1 (s.283-284)","https://turkomp.tarimorman.gov.tr/food-yogurt-suzme-konya-642","2026-08-18T20:30:00Z",,,"needs_review","regular = the published TÜBER Ek 2.3.1 standard portion for ""Yoğurt, tam yağlı"" (240 g). | small = APP-DERIVED from regular using portion policy portion-policy-v2 (category dairy_yogurt), rounded to 10 g steps. This is a product reference size, NOT a value published by TÜBER. | large = APP-DERIVED from regular using portion policy portion-policy-v2 (category dairy_yogurt), rounded to 10 g steps. This is a product reference size, NOT a value published by TÜBER. | Composition is the published TürKomp per-100 g record 12.02.0152; no scaling applied."
,"Yoğurt, süzme, Konya",,"yogurt-suzme-konya",,"regular","240.0",,"food-portions/yogurt-suzme-konya/yogurt-suzme-konya--regular--240g.webp","Photorealistic overhead food reference photograph of Yoğurt, süzme, Konya, representing the REGULAR controlled portion of 240 grams. Served on the exact same matte white plate used across the three portion variants. Fixed 85-degree overhead camera, fixed camera distance, neutral light stone tabletop, soft diffused daylight, natural appetizing food color, realistic household serving, entire plate visible, centered composition, no utensils, no hands, no napkin, no packaging, no logo, no text, no watermark, no decorative garnish unless part of the canonical recipe, no dramatic restaurant styling, no hard shadows. Only the amount of food should differ between portion variants. Square 1:1 composition, sRGB, production-quality mobile nutrition tracking reference image.","All three variants of Yoğurt, süzme, Konya are the same scene, re-shot with a different amount of food. Identical across small/regular/large: the matte white plate and its diameter, the 85-degree overhead camera angle, the camera distance, the neutral light stone tabletop, the soft diffused daylight, the white balance, and the framing. The plate diameter is identical in all three renders; only the area, height and realistic volume of the food change. The food keeps the same color, cut and cooking state. Nothing is added or removed between variants — no sauce, oil, herb or side item appears in one variant and not another. Portion weights are 150 g / 240 g / 360 g and must read as visibly increasing at a 120-160 px thumbnail size. No weight, number or label may appear in the image itself.","TürKomp — Ulusal Gıda Kompozisyon Veri Tabanı","12.02.0152",,,,,,,"missing","","TÜBER 2022 Ek 2.3.1 — Besinlerin standart porsiyonlarının enerji ve besin ögesi içerikleri","Yoğurt, tam yağlı","https://hsgm.saglik.gov.tr/depo/birimler/saglikli-beslenme-ve-hareketli-hayat-db/Dokumanlar/Rehberler/Turkiye_Beslenme_Rehber_TUBER_2022_min.pdf","TÜBER 2022 (baskı tarihi 2023-08-08)","Ek 2.3.1 (s.283-284)","https://turkomp.tarimorman.gov.tr/food-yogurt-suzme-konya-642","2026-08-18T20:30:00Z",,,"needs_review","regular = the published TÜBER Ek 2.3.1 standard portion for ""Yoğurt, tam yağlı"" (240 g). | small = APP-DERIVED from regular using portion policy portion-policy-v2 (category dairy_yogurt), rounded to 10 g steps. This is a product reference size, NOT a value published by TÜBER. | large = APP-DERIVED from regular using portion policy portion-policy-v2 (category dairy_yogurt), rounded to 10 g steps. This is a product reference size, NOT a value published by TÜBER. | Composition is the published TürKomp per-100 g record 12.02.0152; no scaling applied."
,"Yoğurt, süzme, Konya",,"yogurt-suzme-konya",,"large","360.0",,"food-portions/yogurt-suzme-konya/yogurt-suzme-konya--large--360g.webp","Photorealistic overhead food reference photograph of Yoğurt, süzme, Konya, representing the LARGE controlled portion of 360 grams. Served on the exact same matte white plate used across the three portion variants. Fixed 85-degree overhead camera, fixed camera distance, neutral light stone tabletop, soft diffused daylight, natural appetizing food color, realistic household serving, entire plate visible, centered composition, no utensils, no hands, no napkin, no packaging, no logo, no text, no watermark, no decorative garnish unless part of the canonical recipe, no dramatic restaurant styling, no hard shadows. Only the amount of food should differ between portion variants. Square 1:1 composition, sRGB, production-quality mobile nutrition tracking reference image.","All three variants of Yoğurt, süzme, Konya are the same scene, re-shot with a different amount of food. Identical across small/regular/large: the matte white plate and its diameter, the 85-degree overhead camera angle, the camera distance, the neutral light stone tabletop, the soft diffused daylight, the white balance, and the framing. The plate diameter is identical in all three renders; only the area, height and realistic volume of the food change. The food keeps the same color, cut and cooking state. Nothing is added or removed between variants — no sauce, oil, herb or side item appears in one variant and not another. Portion weights are 150 g / 240 g / 360 g and must read as visibly increasing at a 120-160 px thumbnail size. No weight, number or label may appear in the image itself.","TürKomp — Ulusal Gıda Kompozisyon Veri Tabanı","12.02.0152",,,,,,,"missing","","TÜBER 2022 Ek 2.3.1 — Besinlerin standart porsiyonlarının enerji ve besin ögesi içerikleri","Yoğurt, tam yağlı","https://hsgm.saglik.gov.tr/depo/birimler/saglikli-beslenme-ve-hareketli-hayat-db/Dokumanlar/Rehberler/Turkiye_Beslenme_Rehber_TUBER_2022_min.pdf","TÜBER 2022 (baskı tarihi 2023-08-08)","Ek 2.3.1 (s.283-284)","https://turkomp.tarimorman.gov.tr/food-yogurt-suzme-konya-642","2026-08-18T20:30:00Z",,,"needs_review","regular = the published TÜBER Ek 2.3.1 standard portion for ""Yoğurt, tam yağlı"" (240 g). | small = APP-DERIVED from regular using portion policy portion-policy-v2 (category dairy_yogurt), rounded to 10 g steps. This is a product reference size, NOT a value published by TÜBER. | large = APP-DERIVED from regular using portion policy portion-policy-v2 (category dairy_yogurt), rounded to 10 g steps. This is a product reference size, NOT a value published by TÜBER. | Composition is the published TürKomp per-100 g record 12.02.0152; no scaling applied."
,"Müsli, meyveli",,"musli-meyveli",,"small","15.0",,"food-portions/musli-meyveli/musli-meyveli--small--15g.webp","Photorealistic overhead food reference photograph of Müsli, meyveli, representing the SMALL controlled portion of 15 grams. Served on the exact same matte white plate used across the three portion variants. Fixed 85-degree overhead camera, fixed camera distance, neutral light stone tabletop, soft diffused daylight, natural appetizing food color, realistic household serving, entire plate visible, centered composition, no utensils, no hands, no napkin, no packaging, no logo, no text, no watermark, no decorative garnish unless part of the canonical recipe, no dramatic restaurant styling, no hard shadows. Only the amount of food should differ between portion variants. Square 1:1 composition, sRGB, production-quality mobile nutrition tracking reference image.","All three variants of Müsli, meyveli are the same scene, re-shot with a different amount of food. Identical across small/regular/large: the matte white plate and its diameter, the 85-degree overhead camera angle, the camera distance, the neutral light stone tabletop, the soft diffused daylight, the white balance, and the framing. The plate diameter is identical in all three renders; only the area, height and realistic volume of the food change. The food keeps the same color, cut and cooking state. Nothing is added or removed between variants — no sauce, oil, herb or side item appears in one variant and not another. Portion weights are 15 g / 30 g / 60 g and must read as visibly increasing at a 120-160 px thumbnail size. No weight, number or label may appear in the image itself.","TürKomp — Ulusal Gıda Kompozisyon Veri Tabanı","13.02.0008",,,,,,,"missing","","TÜBER 2022 Ek 2.1 — Standart porsiyon ölçüleri ve miktarları","Yulaf ezmesi/Müsli","https://hsgm.saglik.gov.tr/depo/birimler/saglikli-beslenme-ve-hareketli-hayat-db/Dokumanlar/Rehberler/Turkiye_Beslenme_Rehber_TUBER_2022_min.pdf","TÜBER 2022 (baskı tarihi 2023-08-08)","Ek 2.1.1 (s.262), Ek 2.1.3 (s.264), Ek 2.1.5 (s.266)","https://turkomp.tarimorman.gov.tr/food-musli-meyveli-652","2026-08-18T20:30:00Z",,,"needs_review","regular = the 30 g TÜBER Ek 2.1 prints for the grouped row ""Yulaf ezmesi/Müsli"". This food is one named member of that row and is not measured separately. | small = APP-DERIVED as 0.5x the published unit weight (portion policy portion-policy-v2, category bread). Discrete foods are counted in units, not scaled by a factor. This is a product reference size, NOT published by TÜBER. | large = APP-DERIVED as 2.0x the published unit weight (portion policy portion-policy-v2, category bread). Discrete foods are counted in units, not scaled by a factor. This is a product reference size, NOT published by TÜBER. | Composition is the published TürKomp per-100 g record 13.02.0008; no scaling applied."
,"Müsli, meyveli",,"musli-meyveli",,"regular","30.0","1/4 kupa veya 30 g veya 1 silme çok küçük kepçe9","food-portions/musli-meyveli/musli-meyveli--regular--30g.webp","Photorealistic overhead food reference photograph of Müsli, meyveli, representing the REGULAR controlled portion of 30 grams. Served on the exact same matte white plate used across the three portion variants. Fixed 85-degree overhead camera, fixed camera distance, neutral light stone tabletop, soft diffused daylight, natural appetizing food color, realistic household serving, entire plate visible, centered composition, no utensils, no hands, no napkin, no packaging, no logo, no text, no watermark, no decorative garnish unless part of the canonical recipe, no dramatic restaurant styling, no hard shadows. Only the amount of food should differ between portion variants. Square 1:1 composition, sRGB, production-quality mobile nutrition tracking reference image.","All three variants of Müsli, meyveli are the same scene, re-shot with a different amount of food. Identical across small/regular/large: the matte white plate and its diameter, the 85-degree overhead camera angle, the camera distance, the neutral light stone tabletop, the soft diffused daylight, the white balance, and the framing. The plate diameter is identical in all three renders; only the area, height and realistic volume of the food change. The food keeps the same color, cut and cooking state. Nothing is added or removed between variants — no sauce, oil, herb or side item appears in one variant and not another. Portion weights are 15 g / 30 g / 60 g and must read as visibly increasing at a 120-160 px thumbnail size. No weight, number or label may appear in the image itself.","TürKomp — Ulusal Gıda Kompozisyon Veri Tabanı","13.02.0008",,,,,,,"missing","","TÜBER 2022 Ek 2.1 — Standart porsiyon ölçüleri ve miktarları","Yulaf ezmesi/Müsli","https://hsgm.saglik.gov.tr/depo/birimler/saglikli-beslenme-ve-hareketli-hayat-db/Dokumanlar/Rehberler/Turkiye_Beslenme_Rehber_TUBER_2022_min.pdf","TÜBER 2022 (baskı tarihi 2023-08-08)","Ek 2.1.1 (s.262), Ek 2.1.3 (s.264), Ek 2.1.5 (s.266)","https://turkomp.tarimorman.gov.tr/food-musli-meyveli-652","2026-08-18T20:30:00Z",,,"needs_review","regular = the 30 g TÜBER Ek 2.1 prints for the grouped row ""Yulaf ezmesi/Müsli"". This food is one named member of that row and is not measured separately. | small = APP-DERIVED as 0.5x the published unit weight (portion policy portion-policy-v2, category bread). Discrete foods are counted in units, not scaled by a factor. This is a product reference size, NOT published by TÜBER. | large = APP-DERIVED as 2.0x the published unit weight (portion policy portion-policy-v2, category bread). Discrete foods are counted in units, not scaled by a factor. This is a product reference size, NOT published by TÜBER. | Composition is the published TürKomp per-100 g record 13.02.0008; no scaling applied."
,"Müsli, meyveli",,"musli-meyveli",,"large","60.0",,"food-portions/musli-meyveli/musli-meyveli--large--60g.webp","Photorealistic overhead food reference photograph of Müsli, meyveli, representing the LARGE controlled portion of 60 grams. Served on the exact same matte white plate used across the three portion variants. Fixed 85-degree overhead camera, fixed camera distance, neutral light stone tabletop, soft diffused daylight, natural appetizing food color, realistic household serving, entire plate visible, centered composition, no utensils, no hands, no napkin, no packaging, no logo, no text, no watermark, no decorative garnish unless part of the canonical recipe, no dramatic restaurant styling, no hard shadows. Only the amount of food should differ between portion variants. Square 1:1 composition, sRGB, production-quality mobile nutrition tracking reference image.","All three variants of Müsli, meyveli are the same scene, re-shot with a different amount of food. Identical across small/regular/large: the matte white plate and its diameter, the 85-degree overhead camera angle, the camera distance, the neutral light stone tabletop, the soft diffused daylight, the white balance, and the framing. The plate diameter is identical in all three renders; only the area, height and realistic volume of the food change. The food keeps the same color, cut and cooking state. Nothing is added or removed between variants — no sauce, oil, herb or side item appears in one variant and not another. Portion weights are 15 g / 30 g / 60 g and must read as visibly increasing at a 120-160 px thumbnail size. No weight, number or label may appear in the image itself.","TürKomp — Ulusal Gıda Kompozisyon Veri Tabanı","13.02.0008",,,,,,,"missing","","TÜBER 2022 Ek 2.1 — Standart porsiyon ölçüleri ve miktarları","Yulaf ezmesi/Müsli","https://hsgm.saglik.gov.tr/depo/birimler/saglikli-beslenme-ve-hareketli-hayat-db/Dokumanlar/Rehberler/Turkiye_Beslenme_Rehber_TUBER_2022_min.pdf","TÜBER 2022 (baskı tarihi 2023-08-08)","Ek 2.1.1 (s.262), Ek 2.1.3 (s.264), Ek 2.1.5 (s.266)","https://turkomp.tarimorman.gov.tr/food-musli-meyveli-652","2026-08-18T20:30:00Z",,,"needs_review","regular = the 30 g TÜBER Ek 2.1 prints for the grouped row ""Yulaf ezmesi/Müsli"". This food is one named member of that row and is not measured separately. | small = APP-DERIVED as 0.5x the published unit weight (portion policy portion-policy-v2, category bread). Discrete foods are counted in units, not scaled by a factor. This is a product reference size, NOT published by TÜBER. | large = APP-DERIVED as 2.0x the published unit weight (portion policy portion-policy-v2, category bread). Discrete foods are counted in units, not scaled by a factor. This is a product reference size, NOT published by TÜBER. | Composition is the published TürKomp per-100 g record 13.02.0008; no scaling applied."
,"Yoğurt, probiyotik, sade",,"yogurt-probiyotik-sade",,"small","150.0",,"food-portions/yogurt-probiyotik-sade/yogurt-probiyotik-sade--small--150g.webp","Photorealistic overhead food reference photograph of Yoğurt, probiyotik, sade, representing the SMALL controlled portion of 150 grams. Served on the exact same matte white plate used across the three portion variants. Fixed 85-degree overhead camera, fixed camera distance, neutral light stone tabletop, soft diffused daylight, natural appetizing food color, realistic household serving, entire plate visible, centered composition, no utensils, no hands, no napkin, no packaging, no logo, no text, no watermark, no decorative garnish unless part of the canonical recipe, no dramatic restaurant styling, no hard shadows. Only the amount of food should differ between portion variants. Square 1:1 composition, sRGB, production-quality mobile nutrition tracking reference image.","All three variants of Yoğurt, probiyotik, sade are the same scene, re-shot with a different amount of food. Identical across small/regular/large: the matte white plate and its diameter, the 85-degree overhead camera angle, the camera distance, the neutral light stone tabletop, the soft diffused daylight, the white balance, and the framing. The plate diameter is identical in all three renders; only the area, height and realistic volume of the food change. The food keeps the same color, cut and cooking state. Nothing is added or removed between variants — no sauce, oil, herb or side item appears in one variant and not another. Portion weights are 150 g / 240 g / 360 g and must read as visibly increasing at a 120-160 px thumbnail size. No weight, number or label may appear in the image itself.","TürKomp — Ulusal Gıda Kompozisyon Veri Tabanı","13.02.0018",,,,,,,"missing","","TÜBER 2022 Ek 2.3.1 — Besinlerin standart porsiyonlarının enerji ve besin ögesi içerikleri","Yoğurt, tam yağlı","https://hsgm.saglik.gov.tr/depo/birimler/saglikli-beslenme-ve-hareketli-hayat-db/Dokumanlar/Rehberler/Turkiye_Beslenme_Rehber_TUBER_2022_min.pdf","TÜBER 2022 (baskı tarihi 2023-08-08)","Ek 2.3.1 (s.283-284)","https://turkomp.tarimorman.gov.tr/food-yogurt-probiyotik-sade-659","2026-08-18T20:30:00Z",,,"needs_review","regular = the published TÜBER Ek 2.3.1 standard portion for ""Yoğurt, tam yağlı"" (240 g). | small = APP-DERIVED from regular using portion policy portion-policy-v2 (category dairy_yogurt), rounded to 10 g steps. This is a product reference size, NOT a value published by TÜBER. | large = APP-DERIVED from regular using portion policy portion-policy-v2 (category dairy_yogurt), rounded to 10 g steps. This is a product reference size, NOT a value published by TÜBER. | Composition is the published TürKomp per-100 g record 13.02.0018; no scaling applied."
,"Yoğurt, probiyotik, sade",,"yogurt-probiyotik-sade",,"regular","240.0",,"food-portions/yogurt-probiyotik-sade/yogurt-probiyotik-sade--regular--240g.webp","Photorealistic overhead food reference photograph of Yoğurt, probiyotik, sade, representing the REGULAR controlled portion of 240 grams. Served on the exact same matte white plate used across the three portion variants. Fixed 85-degree overhead camera, fixed camera distance, neutral light stone tabletop, soft diffused daylight, natural appetizing food color, realistic household serving, entire plate visible, centered composition, no utensils, no hands, no napkin, no packaging, no logo, no text, no watermark, no decorative garnish unless part of the canonical recipe, no dramatic restaurant styling, no hard shadows. Only the amount of food should differ between portion variants. Square 1:1 composition, sRGB, production-quality mobile nutrition tracking reference image.","All three variants of Yoğurt, probiyotik, sade are the same scene, re-shot with a different amount of food. Identical across small/regular/large: the matte white plate and its diameter, the 85-degree overhead camera angle, the camera distance, the neutral light stone tabletop, the soft diffused daylight, the white balance, and the framing. The plate diameter is identical in all three renders; only the area, height and realistic volume of the food change. The food keeps the same color, cut and cooking state. Nothing is added or removed between variants — no sauce, oil, herb or side item appears in one variant and not another. Portion weights are 150 g / 240 g / 360 g and must read as visibly increasing at a 120-160 px thumbnail size. No weight, number or label may appear in the image itself.","TürKomp — Ulusal Gıda Kompozisyon Veri Tabanı","13.02.0018",,,,,,,"missing","","TÜBER 2022 Ek 2.3.1 — Besinlerin standart porsiyonlarının enerji ve besin ögesi içerikleri","Yoğurt, tam yağlı","https://hsgm.saglik.gov.tr/depo/birimler/saglikli-beslenme-ve-hareketli-hayat-db/Dokumanlar/Rehberler/Turkiye_Beslenme_Rehber_TUBER_2022_min.pdf","TÜBER 2022 (baskı tarihi 2023-08-08)","Ek 2.3.1 (s.283-284)","https://turkomp.tarimorman.gov.tr/food-yogurt-probiyotik-sade-659","2026-08-18T20:30:00Z",,,"needs_review","regular = the published TÜBER Ek 2.3.1 standard portion for ""Yoğurt, tam yağlı"" (240 g). | small = APP-DERIVED from regular using portion policy portion-policy-v2 (category dairy_yogurt), rounded to 10 g steps. This is a product reference size, NOT a value published by TÜBER. | large = APP-DERIVED from regular using portion policy portion-policy-v2 (category dairy_yogurt), rounded to 10 g steps. This is a product reference size, NOT a value published by TÜBER. | Composition is the published TürKomp per-100 g record 13.02.0018; no scaling applied."
,"Yoğurt, probiyotik, sade",,"yogurt-probiyotik-sade",,"large","360.0",,"food-portions/yogurt-probiyotik-sade/yogurt-probiyotik-sade--large--360g.webp","Photorealistic overhead food reference photograph of Yoğurt, probiyotik, sade, representing the LARGE controlled portion of 360 grams. Served on the exact same matte white plate used across the three portion variants. Fixed 85-degree overhead camera, fixed camera distance, neutral light stone tabletop, soft diffused daylight, natural appetizing food color, realistic household serving, entire plate visible, centered composition, no utensils, no hands, no napkin, no packaging, no logo, no text, no watermark, no decorative garnish unless part of the canonical recipe, no dramatic restaurant styling, no hard shadows. Only the amount of food should differ between portion variants. Square 1:1 composition, sRGB, production-quality mobile nutrition tracking reference image.","All three variants of Yoğurt, probiyotik, sade are the same scene, re-shot with a different amount of food. Identical across small/regular/large: the matte white plate and its diameter, the 85-degree overhead camera angle, the camera distance, the neutral light stone tabletop, the soft diffused daylight, the white balance, and the framing. The plate diameter is identical in all three renders; only the area, height and realistic volume of the food change. The food keeps the same color, cut and cooking state. Nothing is added or removed between variants — no sauce, oil, herb or side item appears in one variant and not another. Portion weights are 150 g / 240 g / 360 g and must read as visibly increasing at a 120-160 px thumbnail size. No weight, number or label may appear in the image itself.","TürKomp — Ulusal Gıda Kompozisyon Veri Tabanı","13.02.0018",,,,,,,"missing","","TÜBER 2022 Ek 2.3.1 — Besinlerin standart porsiyonlarının enerji ve besin ögesi içerikleri","Yoğurt, tam yağlı","https://hsgm.saglik.gov.tr/depo/birimler/saglikli-beslenme-ve-hareketli-hayat-db/Dokumanlar/Rehberler/Turkiye_Beslenme_Rehber_TUBER_2022_min.pdf","TÜBER 2022 (baskı tarihi 2023-08-08)","Ek 2.3.1 (s.283-284)","https://turkomp.tarimorman.gov.tr/food-yogurt-probiyotik-sade-659","2026-08-18T20:30:00Z",,,"needs_review","regular = the published TÜBER Ek 2.3.1 standard portion for ""Yoğurt, tam yağlı"" (240 g). | small = APP-DERIVED from regular using portion policy portion-policy-v2 (category dairy_yogurt), rounded to 10 g steps. This is a product reference size, NOT a value published by TÜBER. | large = APP-DERIVED from regular using portion policy portion-policy-v2 (category dairy_yogurt), rounded to 10 g steps. This is a product reference size, NOT a value published by TÜBER. | Composition is the published TürKomp per-100 g record 13.02.0018; no scaling applied."
,"Ekmek, beyaz, tuzsuz",,"ekmek-beyaz-tuzsuz",,"small","25.0",,"food-portions/ekmek-beyaz-tuzsuz/ekmek-beyaz-tuzsuz--small--25g.webp","Photorealistic overhead food reference photograph of Ekmek, beyaz, tuzsuz, representing the SMALL controlled portion of 25 grams. Served on the exact same matte white plate used across the three portion variants. Fixed 85-degree overhead camera, fixed camera distance, neutral light stone tabletop, soft diffused daylight, natural appetizing food color, realistic household serving, entire plate visible, centered composition, no utensils, no hands, no napkin, no packaging, no logo, no text, no watermark, no decorative garnish unless part of the canonical recipe, no dramatic restaurant styling, no hard shadows. Only the amount of food should differ between portion variants. Square 1:1 composition, sRGB, production-quality mobile nutrition tracking reference image.","All three variants of Ekmek, beyaz, tuzsuz are the same scene, re-shot with a different amount of food. Identical across small/regular/large: the matte white plate and its diameter, the 85-degree overhead camera angle, the camera distance, the neutral light stone tabletop, the soft diffused daylight, the white balance, and the framing. The plate diameter is identical in all three renders; only the area, height and realistic volume of the food change. The food keeps the same color, cut and cooking state. Nothing is added or removed between variants — no sauce, oil, herb or side item appears in one variant and not another. Portion weights are 25 g / 50 g / 100 g and must read as visibly increasing at a 120-160 px thumbnail size. No weight, number or label may appear in the image itself.","TürKomp — Ulusal Gıda Kompozisyon Veri Tabanı","13.02.0021",,,,,,,"missing","","TÜBER 2022 Ek 2.3.1 — Besinlerin standart porsiyonlarının enerji ve besin ögesi içerikleri","Beyaz ekmek","https://hsgm.saglik.gov.tr/depo/birimler/saglikli-beslenme-ve-hareketli-hayat-db/Dokumanlar/Rehberler/Turkiye_Beslenme_Rehber_TUBER_2022_min.pdf","TÜBER 2022 (baskı tarihi 2023-08-08)","Ek 2.3.1 (s.283-284)","https://turkomp.tarimorman.gov.tr/food-ekmek-beyaz-tuzsuz-660","2026-08-18T20:30:00Z",,,"needs_review","regular = the published TÜBER Ek 2.3.1 standard portion for ""Beyaz ekmek"" (50 g). | small = APP-DERIVED as 0.5x the published unit weight (portion policy portion-policy-v2, category bread). Discrete foods are counted in units, not scaled by a factor. This is a product reference size, NOT published by TÜBER. | large = APP-DERIVED as 2.0x the published unit weight (portion policy portion-policy-v2, category bread). Discrete foods are counted in units, not scaled by a factor. This is a product reference size, NOT published by TÜBER. | Composition is the published TürKomp per-100 g record 13.02.0021; no scaling applied."
,"Ekmek, beyaz, tuzsuz",,"ekmek-beyaz-tuzsuz",,"regular","50.0",,"food-portions/ekmek-beyaz-tuzsuz/ekmek-beyaz-tuzsuz--regular--50g.webp","Photorealistic overhead food reference photograph of Ekmek, beyaz, tuzsuz, representing the REGULAR controlled portion of 50 grams. Served on the exact same matte white plate used across the three portion variants. Fixed 85-degree overhead camera, fixed camera distance, neutral light stone tabletop, soft diffused daylight, natural appetizing food color, realistic household serving, entire plate visible, centered composition, no utensils, no hands, no napkin, no packaging, no logo, no text, no watermark, no decorative garnish unless part of the canonical recipe, no dramatic restaurant styling, no hard shadows. Only the amount of food should differ between portion variants. Square 1:1 composition, sRGB, production-quality mobile nutrition tracking reference image.","All three variants of Ekmek, beyaz, tuzsuz are the same scene, re-shot with a different amount of food. Identical across small/regular/large: the matte white plate and its diameter, the 85-degree overhead camera angle, the camera distance, the neutral light stone tabletop, the soft diffused daylight, the white balance, and the framing. The plate diameter is identical in all three renders; only the area, height and realistic volume of the food change. The food keeps the same color, cut and cooking state. Nothing is added or removed between variants — no sauce, oil, herb or side item appears in one variant and not another. Portion weights are 25 g / 50 g / 100 g and must read as visibly increasing at a 120-160 px thumbnail size. No weight, number or label may appear in the image itself.","TürKomp — Ulusal Gıda Kompozisyon Veri Tabanı","13.02.0021",,,,,,,"missing","","TÜBER 2022 Ek 2.3.1 — Besinlerin standart porsiyonlarının enerji ve besin ögesi içerikleri","Beyaz ekmek","https://hsgm.saglik.gov.tr/depo/birimler/saglikli-beslenme-ve-hareketli-hayat-db/Dokumanlar/Rehberler/Turkiye_Beslenme_Rehber_TUBER_2022_min.pdf","TÜBER 2022 (baskı tarihi 2023-08-08)","Ek 2.3.1 (s.283-284)","https://turkomp.tarimorman.gov.tr/food-ekmek-beyaz-tuzsuz-660","2026-08-18T20:30:00Z",,,"needs_review","regular = the published TÜBER Ek 2.3.1 standard portion for ""Beyaz ekmek"" (50 g). | small = APP-DERIVED as 0.5x the published unit weight (portion policy portion-policy-v2, category bread). Discrete foods are counted in units, not scaled by a factor. This is a product reference size, NOT published by TÜBER. | large = APP-DERIVED as 2.0x the published unit weight (portion policy portion-policy-v2, category bread). Discrete foods are counted in units, not scaled by a factor. This is a product reference size, NOT published by TÜBER. | Composition is the published TürKomp per-100 g record 13.02.0021; no scaling applied."
,"Ekmek, beyaz, tuzsuz",,"ekmek-beyaz-tuzsuz",,"large","100.0",,"food-portions/ekmek-beyaz-tuzsuz/ekmek-beyaz-tuzsuz--large--100g.webp","Photorealistic overhead food reference photograph of Ekmek, beyaz, tuzsuz, representing the LARGE controlled portion of 100 grams. Served on the exact same matte white plate used across the three portion variants. Fixed 85-degree overhead camera, fixed camera distance, neutral light stone tabletop, soft diffused daylight, natural appetizing food color, realistic household serving, entire plate visible, centered composition, no utensils, no hands, no napkin, no packaging, no logo, no text, no watermark, no decorative garnish unless part of the canonical recipe, no dramatic restaurant styling, no hard shadows. Only the amount of food should differ between portion variants. Square 1:1 composition, sRGB, production-quality mobile nutrition tracking reference image.","All three variants of Ekmek, beyaz, tuzsuz are the same scene, re-shot with a different amount of food. Identical across small/regular/large: the matte white plate and its diameter, the 85-degree overhead camera angle, the camera distance, the neutral light stone tabletop, the soft diffused daylight, the white balance, and the framing. The plate diameter is identical in all three renders; only the area, height and realistic volume of the food change. The food keeps the same color, cut and cooking state. Nothing is added or removed between variants — no sauce, oil, herb or side item appears in one variant and not another. Portion weights are 25 g / 50 g / 100 g and must read as visibly increasing at a 120-160 px thumbnail size. No weight, number or label may appear in the image itself.","TürKomp — Ulusal Gıda Kompozisyon Veri Tabanı","13.02.0021",,,,,,,"missing","","TÜBER 2022 Ek 2.3.1 — Besinlerin standart porsiyonlarının enerji ve besin ögesi içerikleri","Beyaz ekmek","https://hsgm.saglik.gov.tr/depo/birimler/saglikli-beslenme-ve-hareketli-hayat-db/Dokumanlar/Rehberler/Turkiye_Beslenme_Rehber_TUBER_2022_min.pdf","TÜBER 2022 (baskı tarihi 2023-08-08)","Ek 2.3.1 (s.283-284)","https://turkomp.tarimorman.gov.tr/food-ekmek-beyaz-tuzsuz-660","2026-08-18T20:30:00Z",,,"needs_review","regular = the published TÜBER Ek 2.3.1 standard portion for ""Beyaz ekmek"" (50 g). | small = APP-DERIVED as 0.5x the published unit weight (portion policy portion-policy-v2, category bread). Discrete foods are counted in units, not scaled by a factor. This is a product reference size, NOT published by TÜBER. | large = APP-DERIVED as 2.0x the published unit weight (portion policy portion-policy-v2, category bread). Discrete foods are counted in units, not scaled by a factor. This is a product reference size, NOT published by TÜBER. | Composition is the published TürKomp per-100 g record 13.02.0021; no scaling applied."
,"Mısır gevreği",,"misir-gevregi",,"small","15.0",,"food-portions/misir-gevregi/misir-gevregi--small--15g.webp","Photorealistic overhead food reference photograph of Mısır gevreği, representing the SMALL controlled portion of 15 grams. Served on the exact same matte white plate used across the three portion variants. Fixed 85-degree overhead camera, fixed camera distance, neutral light stone tabletop, soft diffused daylight, natural appetizing food color, realistic household serving, entire plate visible, centered composition, no utensils, no hands, no napkin, no packaging, no logo, no text, no watermark, no decorative garnish unless part of the canonical recipe, no dramatic restaurant styling, no hard shadows. Only the amount of food should differ between portion variants. Square 1:1 composition, sRGB, production-quality mobile nutrition tracking reference image.","All three variants of Mısır gevreği are the same scene, re-shot with a different amount of food. Identical across small/regular/large: the matte white plate and its diameter, the 85-degree overhead camera angle, the camera distance, the neutral light stone tabletop, the soft diffused daylight, the white balance, and the framing. The plate diameter is identical in all three renders; only the area, height and realistic volume of the food change. The food keeps the same color, cut and cooking state. Nothing is added or removed between variants — no sauce, oil, herb or side item appears in one variant and not another. Portion weights are 15 g / 30 g / 60 g and must read as visibly increasing at a 120-160 px thumbnail size. No weight, number or label may appear in the image itself.","TürKomp — Ulusal Gıda Kompozisyon Veri Tabanı","06.02.0019",,,,,,,"missing","","TÜBER 2022 Ek 2.1 — Standart porsiyon ölçüleri ve miktarları","Mısır gevreği","https://hsgm.saglik.gov.tr/depo/birimler/saglikli-beslenme-ve-hareketli-hayat-db/Dokumanlar/Rehberler/Turkiye_Beslenme_Rehber_TUBER_2022_min.pdf","TÜBER 2022 (baskı tarihi 2023-08-08)","Ek 2.1.1 (s.262), Ek 2.1.3 (s.264), Ek 2.1.5 (s.266)","https://turkomp.tarimorman.gov.tr/food-misir-gevregi-143","2026-08-18T20:30:00Z",,,"needs_review","regular = the gram weight TÜBER Ek 2.1 prints for ""Mısır gevreği"" (30 g). | small = APP-DERIVED as 0.5x the published unit weight (portion policy portion-policy-v2, category bread). Discrete foods are counted in units, not scaled by a factor. This is a product reference size, NOT published by TÜBER. | large = APP-DERIVED as 2.0x the published unit weight (portion policy portion-policy-v2, category bread). Discrete foods are counted in units, not scaled by a factor. This is a product reference size, NOT published by TÜBER. | Composition is the published TürKomp per-100 g record 06.02.0019; no scaling applied."
,"Mısır gevreği",,"misir-gevregi",,"regular","30.0","1 kupa veya 2 silme orta kepçe 7 veya 30 g","food-portions/misir-gevregi/misir-gevregi--regular--30g.webp","Photorealistic overhead food reference photograph of Mısır gevreği, representing the REGULAR controlled portion of 30 grams. Served on the exact same matte white plate used across the three portion variants. Fixed 85-degree overhead camera, fixed camera distance, neutral light stone tabletop, soft diffused daylight, natural appetizing food color, realistic household serving, entire plate visible, centered composition, no utensils, no hands, no napkin, no packaging, no logo, no text, no watermark, no decorative garnish unless part of the canonical recipe, no dramatic restaurant styling, no hard shadows. Only the amount of food should differ between portion variants. Square 1:1 composition, sRGB, production-quality mobile nutrition tracking reference image.","All three variants of Mısır gevreği are the same scene, re-shot with a different amount of food. Identical across small/regular/large: the matte white plate and its diameter, the 85-degree overhead camera angle, the camera distance, the neutral light stone tabletop, the soft diffused daylight, the white balance, and the framing. The plate diameter is identical in all three renders; only the area, height and realistic volume of the food change. The food keeps the same color, cut and cooking state. Nothing is added or removed between variants — no sauce, oil, herb or side item appears in one variant and not another. Portion weights are 15 g / 30 g / 60 g and must read as visibly increasing at a 120-160 px thumbnail size. No weight, number or label may appear in the image itself.","TürKomp — Ulusal Gıda Kompozisyon Veri Tabanı","06.02.0019",,,,,,,"missing","","TÜBER 2022 Ek 2.1 — Standart porsiyon ölçüleri ve miktarları","Mısır gevreği","https://hsgm.saglik.gov.tr/depo/birimler/saglikli-beslenme-ve-hareketli-hayat-db/Dokumanlar/Rehberler/Turkiye_Beslenme_Rehber_TUBER_2022_min.pdf","TÜBER 2022 (baskı tarihi 2023-08-08)","Ek 2.1.1 (s.262), Ek 2.1.3 (s.264), Ek 2.1.5 (s.266)","https://turkomp.tarimorman.gov.tr/food-misir-gevregi-143","2026-08-18T20:30:00Z",,,"needs_review","regular = the gram weight TÜBER Ek 2.1 prints for ""Mısır gevreği"" (30 g). | small = APP-DERIVED as 0.5x the published unit weight (portion policy portion-policy-v2, category bread). Discrete foods are counted in units, not scaled by a factor. This is a product reference size, NOT published by TÜBER. | large = APP-DERIVED as 2.0x the published unit weight (portion policy portion-policy-v2, category bread). Discrete foods are counted in units, not scaled by a factor. This is a product reference size, NOT published by TÜBER. | Composition is the published TürKomp per-100 g record 06.02.0019; no scaling applied."
,"Mısır gevreği",,"misir-gevregi",,"large","60.0",,"food-portions/misir-gevregi/misir-gevregi--large--60g.webp","Photorealistic overhead food reference photograph of Mısır gevreği, representing the LARGE controlled portion of 60 grams. Served on the exact same matte white plate used across the three portion variants. Fixed 85-degree overhead camera, fixed camera distance, neutral light stone tabletop, soft diffused daylight, natural appetizing food color, realistic household serving, entire plate visible, centered composition, no utensils, no hands, no napkin, no packaging, no logo, no text, no watermark, no decorative garnish unless part of the canonical recipe, no dramatic restaurant styling, no hard shadows. Only the amount of food should differ between portion variants. Square 1:1 composition, sRGB, production-quality mobile nutrition tracking reference image.","All three variants of Mısır gevreği are the same scene, re-shot with a different amount of food. Identical across small/regular/large: the matte white plate and its diameter, the 85-degree overhead camera angle, the camera distance, the neutral light stone tabletop, the soft diffused daylight, the white balance, and the framing. The plate diameter is identical in all three renders; only the area, height and realistic volume of the food change. The food keeps the same color, cut and cooking state. Nothing is added or removed between variants — no sauce, oil, herb or side item appears in one variant and not another. Portion weights are 15 g / 30 g / 60 g and must read as visibly increasing at a 120-160 px thumbnail size. No weight, number or label may appear in the image itself.","TürKomp — Ulusal Gıda Kompozisyon Veri Tabanı","06.02.0019",,,,,,,"missing","","TÜBER 2022 Ek 2.1 — Standart porsiyon ölçüleri ve miktarları","Mısır gevreği","https://hsgm.saglik.gov.tr/depo/birimler/saglikli-beslenme-ve-hareketli-hayat-db/Dokumanlar/Rehberler/Turkiye_Beslenme_Rehber_TUBER_2022_min.pdf","TÜBER 2022 (baskı tarihi 2023-08-08)","Ek 2.1.1 (s.262), Ek 2.1.3 (s.264), Ek 2.1.5 (s.266)","https://turkomp.tarimorman.gov.tr/food-misir-gevregi-143","2026-08-18T20:30:00Z",,,"needs_review","regular = the gram weight TÜBER Ek 2.1 prints for ""Mısır gevreği"" (30 g). | small = APP-DERIVED as 0.5x the published unit weight (portion policy portion-policy-v2, category bread). Discrete foods are counted in units, not scaled by a factor. This is a product reference size, NOT published by TÜBER. | large = APP-DERIVED as 2.0x the published unit weight (portion policy portion-policy-v2, category bread). Discrete foods are counted in units, not scaled by a factor. This is a product reference size, NOT published by TÜBER. | Composition is the published TürKomp per-100 g record 06.02.0019; no scaling applied."
,"Peynir, beyaz, az yağlı-yağsız (yağ, kuru maddede < % 20)",,"peynir-beyaz-az-yagli-yagsiz-yag-kuru-maddede-20",,"small","40.0",,"food-portions/peynir-beyaz-az-yagli-yagsiz-yag-kuru-maddede-20/peynir-beyaz-az-yagli-yagsiz-yag-kuru-maddede-20--small--40g.webp","Photorealistic overhead food reference photograph of Peynir, beyaz, az yağlı-yağsız (yağ, kuru maddede < % 20), representing the SMALL controlled portion of 40 grams. Served on the exact same matte white plate used across the three portion variants. Fixed 85-degree overhead camera, fixed camera distance, neutral light stone tabletop, soft diffused daylight, natural appetizing food color, realistic household serving, entire plate visible, centered composition, no utensils, no hands, no napkin, no packaging, no logo, no text, no watermark, no decorative garnish unless part of the canonical recipe, no dramatic restaurant styling, no hard shadows. Only the amount of food should differ between portion variants. Square 1:1 composition, sRGB, production-quality mobile nutrition tracking reference image.","All three variants of Peynir, beyaz, az yağlı-yağsız (yağ, kuru maddede < % 20) are the same scene, re-shot with a different amount of food. Identical across small/regular/large: the matte white plate and its diameter, the 85-degree overhead camera angle, the camera distance, the neutral light stone tabletop, the soft diffused daylight, the white balance, and the framing. The plate diameter is identical in all three renders; only the area, height and realistic volume of the food change. The food keeps the same color, cut and cooking state. Nothing is added or removed between variants — no sauce, oil, herb or side item appears in one variant and not another. Portion weights are 40 g / 60 g / 90 g and must read as visibly increasing at a 120-160 px thumbnail size. No weight, number or label may appear in the image itself.","TürKomp — Ulusal Gıda Kompozisyon Veri Tabanı","01.02.0003",,,,,,,"missing","","TÜBER 2022 Ek 2.1 — Standart porsiyon ölçüleri ve miktarları","Beyaz peynir","https://hsgm.saglik.gov.tr/depo/birimler/saglikli-beslenme-ve-hareketli-hayat-db/Dokumanlar/Rehberler/Turkiye_Beslenme_Rehber_TUBER_2022_min.pdf","TÜBER 2022 (baskı tarihi 2023-08-08)","Ek 2.1.1 (s.262), Ek 2.1.3 (s.264), Ek 2.1.5 (s.266)","https://turkomp.tarimorman.gov.tr/food-peynir-beyaz-az-yagli-yagsiz-yag-kuru-maddede---20-7","2026-08-18T20:30:00Z",,,"needs_review","regular = the gram weight TÜBER Ek 2.1 prints for ""Beyaz peynir"" (60 g). | small = APP-DERIVED from regular using portion policy portion-policy-v2 (category dairy_cheese), rounded to 5 g steps. This is a product reference size, NOT a value published by TÜBER. | large = APP-DERIVED from regular using portion policy portion-policy-v2 (category dairy_cheese), rounded to 5 g steps. This is a product reference size, NOT a value published by TÜBER. | Composition is the published TürKomp per-100 g record 01.02.0003; no scaling applied."
,"Peynir, beyaz, az yağlı-yağsız (yağ, kuru maddede < % 20)",,"peynir-beyaz-az-yagli-yagsiz-yag-kuru-maddede-20",,"regular","60.0","3 parmak veya 2 kibrit kutusu veya 60 g","food-portions/peynir-beyaz-az-yagli-yagsiz-yag-kuru-maddede-20/peynir-beyaz-az-yagli-yagsiz-yag-kuru-maddede-20--regular--60g.webp","Photorealistic overhead food reference photograph of Peynir, beyaz, az yağlı-yağsız (yağ, kuru maddede < % 20), representing the REGULAR controlled portion of 60 grams. Served on the exact same matte white plate used across the three portion variants. Fixed 85-degree overhead camera, fixed camera distance, neutral light stone tabletop, soft diffused daylight, natural appetizing food color, realistic household serving, entire plate visible, centered composition, no utensils, no hands, no napkin, no packaging, no logo, no text, no watermark, no decorative garnish unless part of the canonical recipe, no dramatic restaurant styling, no hard shadows. Only the amount of food should differ between portion variants. Square 1:1 composition, sRGB, production-quality mobile nutrition tracking reference image.","All three variants of Peynir, beyaz, az yağlı-yağsız (yağ, kuru maddede < % 20) are the same scene, re-shot with a different amount of food. Identical across small/regular/large: the matte white plate and its diameter, the 85-degree overhead camera angle, the camera distance, the neutral light stone tabletop, the soft diffused daylight, the white balance, and the framing. The plate diameter is identical in all three renders; only the area, height and realistic volume of the food change. The food keeps the same color, cut and cooking state. Nothing is added or removed between variants — no sauce, oil, herb or side item appears in one variant and not another. Portion weights are 40 g / 60 g / 90 g and must read as visibly increasing at a 120-160 px thumbnail size. No weight, number or label may appear in the image itself.","TürKomp — Ulusal Gıda Kompozisyon Veri Tabanı","01.02.0003",,,,,,,"missing","","TÜBER 2022 Ek 2.1 — Standart porsiyon ölçüleri ve miktarları","Beyaz peynir","https://hsgm.saglik.gov.tr/depo/birimler/saglikli-beslenme-ve-hareketli-hayat-db/Dokumanlar/Rehberler/Turkiye_Beslenme_Rehber_TUBER_2022_min.pdf","TÜBER 2022 (baskı tarihi 2023-08-08)","Ek 2.1.1 (s.262), Ek 2.1.3 (s.264), Ek 2.1.5 (s.266)","https://turkomp.tarimorman.gov.tr/food-peynir-beyaz-az-yagli-yagsiz-yag-kuru-maddede---20-7","2026-08-18T20:30:00Z",,,"needs_review","regular = the gram weight TÜBER Ek 2.1 prints for ""Beyaz peynir"" (60 g). | small = APP-DERIVED from regular using portion policy portion-policy-v2 (category dairy_cheese), rounded to 5 g steps. This is a product reference size, NOT a value published by TÜBER. | large = APP-DERIVED from regular using portion policy portion-policy-v2 (category dairy_cheese), rounded to 5 g steps. This is a product reference size, NOT a value published by TÜBER. | Composition is the published TürKomp per-100 g record 01.02.0003; no scaling applied."
,"Peynir, beyaz, az yağlı-yağsız (yağ, kuru maddede < % 20)",,"peynir-beyaz-az-yagli-yagsiz-yag-kuru-maddede-20",,"large","90.0",,"food-portions/peynir-beyaz-az-yagli-yagsiz-yag-kuru-maddede-20/peynir-beyaz-az-yagli-yagsiz-yag-kuru-maddede-20--large--90g.webp","Photorealistic overhead food reference photograph of Peynir, beyaz, az yağlı-yağsız (yağ, kuru maddede < % 20), representing the LARGE controlled portion of 90 grams. Served on the exact same matte white plate used across the three portion variants. Fixed 85-degree overhead camera, fixed camera distance, neutral light stone tabletop, soft diffused daylight, natural appetizing food color, realistic household serving, entire plate visible, centered composition, no utensils, no hands, no napkin, no packaging, no logo, no text, no watermark, no decorative garnish unless part of the canonical recipe, no dramatic restaurant styling, no hard shadows. Only the amount of food should differ between portion variants. Square 1:1 composition, sRGB, production-quality mobile nutrition tracking reference image.","All three variants of Peynir, beyaz, az yağlı-yağsız (yağ, kuru maddede < % 20) are the same scene, re-shot with a different amount of food. Identical across small/regular/large: the matte white plate and its diameter, the 85-degree overhead camera angle, the camera distance, the neutral light stone tabletop, the soft diffused daylight, the white balance, and the framing. The plate diameter is identical in all three renders; only the area, height and realistic volume of the food change. The food keeps the same color, cut and cooking state. Nothing is added or removed between variants — no sauce, oil, herb or side item appears in one variant and not another. Portion weights are 40 g / 60 g / 90 g and must read as visibly increasing at a 120-160 px thumbnail size. No weight, number or label may appear in the image itself.","TürKomp — Ulusal Gıda Kompozisyon Veri Tabanı","01.02.0003",,,,,,,"missing","","TÜBER 2022 Ek 2.1 — Standart porsiyon ölçüleri ve miktarları","Beyaz peynir","https://hsgm.saglik.gov.tr/depo/birimler/saglikli-beslenme-ve-hareketli-hayat-db/Dokumanlar/Rehberler/Turkiye_Beslenme_Rehber_TUBER_2022_min.pdf","TÜBER 2022 (baskı tarihi 2023-08-08)","Ek 2.1.1 (s.262), Ek 2.1.3 (s.264), Ek 2.1.5 (s.266)","https://turkomp.tarimorman.gov.tr/food-peynir-beyaz-az-yagli-yagsiz-yag-kuru-maddede---20-7","2026-08-18T20:30:00Z",,,"needs_review","regular = the gram weight TÜBER Ek 2.1 prints for ""Beyaz peynir"" (60 g). | small = APP-DERIVED from regular using portion policy portion-policy-v2 (category dairy_cheese), rounded to 5 g steps. This is a product reference size, NOT a value published by TÜBER. | large = APP-DERIVED from regular using portion policy portion-policy-v2 (category dairy_cheese), rounded to 5 g steps. This is a product reference size, NOT a value published by TÜBER. | Composition is the published TürKomp per-100 g record 01.02.0003; no scaling applied."
,"Peynir, beyaz, yarım yağlı (yağ, kuru maddede > % 20)",,"peynir-beyaz-yarim-yagli-yag-kuru-maddede-20",,"small","40.0",,"food-portions/peynir-beyaz-yarim-yagli-yag-kuru-maddede-20/peynir-beyaz-yarim-yagli-yag-kuru-maddede-20--small--40g.webp","Photorealistic overhead food reference photograph of Peynir, beyaz, yarım yağlı (yağ, kuru maddede > % 20), representing the SMALL controlled portion of 40 grams. Served on the exact same matte white plate used across the three portion variants. Fixed 85-degree overhead camera, fixed camera distance, neutral light stone tabletop, soft diffused daylight, natural appetizing food color, realistic household serving, entire plate visible, centered composition, no utensils, no hands, no napkin, no packaging, no logo, no text, no watermark, no decorative garnish unless part of the canonical recipe, no dramatic restaurant styling, no hard shadows. Only the amount of food should differ between portion variants. Square 1:1 composition, sRGB, production-quality mobile nutrition tracking reference image.","All three variants of Peynir, beyaz, yarım yağlı (yağ, kuru maddede > % 20) are the same scene, re-shot with a different amount of food. Identical across small/regular/large: the matte white plate and its diameter, the 85-degree overhead camera angle, the camera distance, the neutral light stone tabletop, the soft diffused daylight, the white balance, and the framing. The plate diameter is identical in all three renders; only the area, height and realistic volume of the food change. The food keeps the same color, cut and cooking state. Nothing is added or removed between variants — no sauce, oil, herb or side item appears in one variant and not another. Portion weights are 40 g / 60 g / 90 g and must read as visibly increasing at a 120-160 px thumbnail size. No weight, number or label may appear in the image itself.","TürKomp — Ulusal Gıda Kompozisyon Veri Tabanı","01.02.0020",,,,,,,"missing","","TÜBER 2022 Ek 2.1 — Standart porsiyon ölçüleri ve miktarları","Beyaz peynir","https://hsgm.saglik.gov.tr/depo/birimler/saglikli-beslenme-ve-hareketli-hayat-db/Dokumanlar/Rehberler/Turkiye_Beslenme_Rehber_TUBER_2022_min.pdf","TÜBER 2022 (baskı tarihi 2023-08-08)","Ek 2.1.1 (s.262), Ek 2.1.3 (s.264), Ek 2.1.5 (s.266)","https://turkomp.tarimorman.gov.tr/food-peynir-beyaz-yarim-yagli-yag-kuru-maddede---20-9","2026-08-18T20:30:00Z",,,"needs_review","regular = the gram weight TÜBER Ek 2.1 prints for ""Beyaz peynir"" (60 g). | small = APP-DERIVED from regular using portion policy portion-policy-v2 (category dairy_cheese), rounded to 5 g steps. This is a product reference size, NOT a value published by TÜBER. | large = APP-DERIVED from regular using portion policy portion-policy-v2 (category dairy_cheese), rounded to 5 g steps. This is a product reference size, NOT a value published by TÜBER. | Composition is the published TürKomp per-100 g record 01.02.0020; no scaling applied."
,"Peynir, beyaz, yarım yağlı (yağ, kuru maddede > % 20)",,"peynir-beyaz-yarim-yagli-yag-kuru-maddede-20",,"regular","60.0","3 parmak veya 2 kibrit kutusu veya 60 g","food-portions/peynir-beyaz-yarim-yagli-yag-kuru-maddede-20/peynir-beyaz-yarim-yagli-yag-kuru-maddede-20--regular--60g.webp","Photorealistic overhead food reference photograph of Peynir, beyaz, yarım yağlı (yağ, kuru maddede > % 20), representing the REGULAR controlled portion of 60 grams. Served on the exact same matte white plate used across the three portion variants. Fixed 85-degree overhead camera, fixed camera distance, neutral light stone tabletop, soft diffused daylight, natural appetizing food color, realistic household serving, entire plate visible, centered composition, no utensils, no hands, no napkin, no packaging, no logo, no text, no watermark, no decorative garnish unless part of the canonical recipe, no dramatic restaurant styling, no hard shadows. Only the amount of food should differ between portion variants. Square 1:1 composition, sRGB, production-quality mobile nutrition tracking reference image.","All three variants of Peynir, beyaz, yarım yağlı (yağ, kuru maddede > % 20) are the same scene, re-shot with a different amount of food. Identical across small/regular/large: the matte white plate and its diameter, the 85-degree overhead camera angle, the camera distance, the neutral light stone tabletop, the soft diffused daylight, the white balance, and the framing. The plate diameter is identical in all three renders; only the area, height and realistic volume of the food change. The food keeps the same color, cut and cooking state. Nothing is added or removed between variants — no sauce, oil, herb or side item appears in one variant and not another. Portion weights are 40 g / 60 g / 90 g and must read as visibly increasing at a 120-160 px thumbnail size. No weight, number or label may appear in the image itself.","TürKomp — Ulusal Gıda Kompozisyon Veri Tabanı","01.02.0020",,,,,,,"missing","","TÜBER 2022 Ek 2.1 — Standart porsiyon ölçüleri ve miktarları","Beyaz peynir","https://hsgm.saglik.gov.tr/depo/birimler/saglikli-beslenme-ve-hareketli-hayat-db/Dokumanlar/Rehberler/Turkiye_Beslenme_Rehber_TUBER_2022_min.pdf","TÜBER 2022 (baskı tarihi 2023-08-08)","Ek 2.1.1 (s.262), Ek 2.1.3 (s.264), Ek 2.1.5 (s.266)","https://turkomp.tarimorman.gov.tr/food-peynir-beyaz-yarim-yagli-yag-kuru-maddede---20-9","2026-08-18T20:30:00Z",,,"needs_review","regular = the gram weight TÜBER Ek 2.1 prints for ""Beyaz peynir"" (60 g). | small = APP-DERIVED from regular using portion policy portion-policy-v2 (category dairy_cheese), rounded to 5 g steps. This is a product reference size, NOT a value published by TÜBER. | large = APP-DERIVED from regular using portion policy portion-policy-v2 (category dairy_cheese), rounded to 5 g steps. This is a product reference size, NOT a value published by TÜBER. | Composition is the published TürKomp per-100 g record 01.02.0020; no scaling applied."
,"Peynir, beyaz, yarım yağlı (yağ, kuru maddede > % 20)",,"peynir-beyaz-yarim-yagli-yag-kuru-maddede-20",,"large","90.0",,"food-portions/peynir-beyaz-yarim-yagli-yag-kuru-maddede-20/peynir-beyaz-yarim-yagli-yag-kuru-maddede-20--large--90g.webp","Photorealistic overhead food reference photograph of Peynir, beyaz, yarım yağlı (yağ, kuru maddede > % 20), representing the LARGE controlled portion of 90 grams. Served on the exact same matte white plate used across the three portion variants. Fixed 85-degree overhead camera, fixed camera distance, neutral light stone tabletop, soft diffused daylight, natural appetizing food color, realistic household serving, entire plate visible, centered composition, no utensils, no hands, no napkin, no packaging, no logo, no text, no watermark, no decorative garnish unless part of the canonical recipe, no dramatic restaurant styling, no hard shadows. Only the amount of food should differ between portion variants. Square 1:1 composition, sRGB, production-quality mobile nutrition tracking reference image.","All three variants of Peynir, beyaz, yarım yağlı (yağ, kuru maddede > % 20) are the same scene, re-shot with a different amount of food. Identical across small/regular/large: the matte white plate and its diameter, the 85-degree overhead camera angle, the camera distance, the neutral light stone tabletop, the soft diffused daylight, the white balance, and the framing. The plate diameter is identical in all three renders; only the area, height and realistic volume of the food change. The food keeps the same color, cut and cooking state. Nothing is added or removed between variants — no sauce, oil, herb or side item appears in one variant and not another. Portion weights are 40 g / 60 g / 90 g and must read as visibly increasing at a 120-160 px thumbnail size. No weight, number or label may appear in the image itself.","TürKomp — Ulusal Gıda Kompozisyon Veri Tabanı","01.02.0020",,,,,,,"missing","","TÜBER 2022 Ek 2.1 — Standart porsiyon ölçüleri ve miktarları","Beyaz peynir","https://hsgm.saglik.gov.tr/depo/birimler/saglikli-beslenme-ve-hareketli-hayat-db/Dokumanlar/Rehberler/Turkiye_Beslenme_Rehber_TUBER_2022_min.pdf","TÜBER 2022 (baskı tarihi 2023-08-08)","Ek 2.1.1 (s.262), Ek 2.1.3 (s.264), Ek 2.1.5 (s.266)","https://turkomp.tarimorman.gov.tr/food-peynir-beyaz-yarim-yagli-yag-kuru-maddede---20-9","2026-08-18T20:30:00Z",,,"needs_review","regular = the gram weight TÜBER Ek 2.1 prints for ""Beyaz peynir"" (60 g). | small = APP-DERIVED from regular using portion policy portion-policy-v2 (category dairy_cheese), rounded to 5 g steps. This is a product reference size, NOT a value published by TÜBER. | large = APP-DERIVED from regular using portion policy portion-policy-v2 (category dairy_cheese), rounded to 5 g steps. This is a product reference size, NOT a value published by TÜBER. | Composition is the published TürKomp per-100 g record 01.02.0020; no scaling applied."
,,,"hamsi",,"small",,,,,,,,,,,,,,"missing",,,,,,,,,,,"blocked",""
,,,"hamsi",,"regular",,,,,,,,,,,,,,"missing",,,,,,,,,,,"blocked",""
,,,"hamsi",,"large",,,,,,,,,,,,,,"missing",,,,,,,,,,,"blocked",""
,"Ton balığı, konserve, ayçiçek yağında",,"ton-baligi-konserve-aycicek-yaginda",,"small","65.0",,"food-portions/ton-baligi-konserve-aycicek-yaginda/ton-baligi-konserve-aycicek-yaginda--small--65g.webp","Photorealistic overhead food reference photograph of Ton balığı, konserve, ayçiçek yağında, representing the SMALL controlled portion of 65 grams. Served on the exact same matte white plate used across the three portion variants. Fixed 85-degree overhead camera, fixed camera distance, neutral light stone tabletop, soft diffused daylight, natural appetizing food color, realistic household serving, entire plate visible, centered composition, no utensils, no hands, no napkin, no packaging, no logo, no text, no watermark, no decorative garnish unless part of the canonical recipe, no dramatic restaurant styling, no hard shadows. Only the amount of food should differ between portion variants. Square 1:1 composition, sRGB, production-quality mobile nutrition tracking reference image.","All three variants of Ton balığı, konserve, ayçiçek yağında are the same scene, re-shot with a different amount of food. Identical across small/regular/large: the matte white plate and its diameter, the 85-degree overhead camera angle, the camera distance, the neutral light stone tabletop, the soft diffused daylight, the white balance, and the framing. The plate diameter is identical in all three renders; only the area, height and realistic volume of the food change. The food keeps the same color, cut and cooking state. Nothing is added or removed between variants — no sauce, oil, herb or side item appears in one variant and not another. Portion weights are 65 g / 100 g / 150 g and must read as visibly increasing at a 120-160 px thumbnail size. No weight, number or label may appear in the image itself.","TürKomp — Ulusal Gıda Kompozisyon Veri Tabanı","04.02.0002",,,,,,,"missing","","TÜBER 2022 Ek 2.1 — Standart porsiyon ölçüleri ve miktarları","Ton balığı konserve","https://hsgm.saglik.gov.tr/depo/birimler/saglikli-beslenme-ve-hareketli-hayat-db/Dokumanlar/Rehberler/Turkiye_Beslenme_Rehber_TUBER_2022_min.pdf","TÜBER 2022 (baskı tarihi 2023-08-08)","Ek 2.1.1 (s.262), Ek 2.1.3 (s.264), Ek 2.1.5 (s.266)","https://turkomp.tarimorman.gov.tr/food-ton-baligi-konserve-aycicek-yaginda-99","2026-08-18T20:30:00Z",,,"needs_review","regular = the gram weight TÜBER Ek 2.1 prints for ""Ton balığı konserve"" (100 g). | small = APP-DERIVED from regular using portion policy portion-policy-v2 (category fish_cooked), rounded to 5 g steps. This is a product reference size, NOT a value published by TÜBER. | large = APP-DERIVED from regular using portion policy portion-policy-v2 (category fish_cooked), rounded to 5 g steps. This is a product reference size, NOT a value published by TÜBER. | Composition is the published TürKomp per-100 g record 04.02.0002; no scaling applied."
,"Ton balığı, konserve, ayçiçek yağında",,"ton-baligi-konserve-aycicek-yaginda",,"regular","100.0","Suyu süzülmüş 100 g","food-portions/ton-baligi-konserve-aycicek-yaginda/ton-baligi-konserve-aycicek-yaginda--regular--100g.webp","Photorealistic overhead food reference photograph of Ton balığı, konserve, ayçiçek yağında, representing the REGULAR controlled portion of 100 grams. Served on the exact same matte white plate used across the three portion variants. Fixed 85-degree overhead camera, fixed camera distance, neutral light stone tabletop, soft diffused daylight, natural appetizing food color, realistic household serving, entire plate visible, centered composition, no utensils, no hands, no napkin, no packaging, no logo, no text, no watermark, no decorative garnish unless part of the canonical recipe, no dramatic restaurant styling, no hard shadows. Only the amount of food should differ between portion variants. Square 1:1 composition, sRGB, production-quality mobile nutrition tracking reference image.","All three variants of Ton balığı, konserve, ayçiçek yağında are the same scene, re-shot with a different amount of food. Identical across small/regular/large: the matte white plate and its diameter, the 85-degree overhead camera angle, the camera distance, the neutral light stone tabletop, the soft diffused daylight, the white balance, and the framing. The plate diameter is identical in all three renders; only the area, height and realistic volume of the food change. The food keeps the same color, cut and cooking state. Nothing is added or removed between variants — no sauce, oil, herb or side item appears in one variant and not another. Portion weights are 65 g / 100 g / 150 g and must read as visibly increasing at a 120-160 px thumbnail size. No weight, number or label may appear in the image itself.","TürKomp — Ulusal Gıda Kompozisyon Veri Tabanı","04.02.0002",,,,,,,"missing","","TÜBER 2022 Ek 2.1 — Standart porsiyon ölçüleri ve miktarları","Ton balığı konserve","https://hsgm.saglik.gov.tr/depo/birimler/saglikli-beslenme-ve-hareketli-hayat-db/Dokumanlar/Rehberler/Turkiye_Beslenme_Rehber_TUBER_2022_min.pdf","TÜBER 2022 (baskı tarihi 2023-08-08)","Ek 2.1.1 (s.262), Ek 2.1.3 (s.264), Ek 2.1.5 (s.266)","https://turkomp.tarimorman.gov.tr/food-ton-baligi-konserve-aycicek-yaginda-99","2026-08-18T20:30:00Z",,,"needs_review","regular = the gram weight TÜBER Ek 2.1 prints for ""Ton balığı konserve"" (100 g). | small = APP-DERIVED from regular using portion policy portion-policy-v2 (category fish_cooked), rounded to 5 g steps. This is a product reference size, NOT a value published by TÜBER. | large = APP-DERIVED from regular using portion policy portion-policy-v2 (category fish_cooked), rounded to 5 g steps. This is a product reference size, NOT a value published by TÜBER. | Composition is the published TürKomp per-100 g record 04.02.0002; no scaling applied."
,"Ton balığı, konserve, ayçiçek yağında",,"ton-baligi-konserve-aycicek-yaginda",,"large","150.0",,"food-portions/ton-baligi-konserve-aycicek-yaginda/ton-baligi-konserve-aycicek-yaginda--large--150g.webp","Photorealistic overhead food reference photograph of Ton balığı, konserve, ayçiçek yağında, representing the LARGE controlled portion of 150 grams. Served on the exact same matte white plate used across the three portion variants. Fixed 85-degree overhead camera, fixed camera distance, neutral light stone tabletop, soft diffused daylight, natural appetizing food color, realistic household serving, entire plate visible, centered composition, no utensils, no hands, no napkin, no packaging, no logo, no text, no watermark, no decorative garnish unless part of the canonical recipe, no dramatic restaurant styling, no hard shadows. Only the amount of food should differ between portion variants. Square 1:1 composition, sRGB, production-quality mobile nutrition tracking reference image.","All three variants of Ton balığı, konserve, ayçiçek yağında are the same scene, re-shot with a different amount of food. Identical across small/regular/large: the matte white plate and its diameter, the 85-degree overhead camera angle, the camera distance, the neutral light stone tabletop, the soft diffused daylight, the white balance, and the framing. The plate diameter is identical in all three renders; only the area, height and realistic volume of the food change. The food keeps the same color, cut and cooking state. Nothing is added or removed between variants — no sauce, oil, herb or side item appears in one variant and not another. Portion weights are 65 g / 100 g / 150 g and must read as visibly increasing at a 120-160 px thumbnail size. No weight, number or label may appear in the image itself.","TürKomp — Ulusal Gıda Kompozisyon Veri Tabanı","04.02.0002",,,,,,,"missing","","TÜBER 2022 Ek 2.1 — Standart porsiyon ölçüleri ve miktarları","Ton balığı konserve","https://hsgm.saglik.gov.tr/depo/birimler/saglikli-beslenme-ve-hareketli-hayat-db/Dokumanlar/Rehberler/Turkiye_Beslenme_Rehber_TUBER_2022_min.pdf","TÜBER 2022 (baskı tarihi 2023-08-08)","Ek 2.1.1 (s.262), Ek 2.1.3 (s.264), Ek 2.1.5 (s.266)","https://turkomp.tarimorman.gov.tr/food-ton-baligi-konserve-aycicek-yaginda-99","2026-08-18T20:30:00Z",,,"needs_review","regular = the gram weight TÜBER Ek 2.1 prints for ""Ton balığı konserve"" (100 g). | small = APP-DERIVED from regular using portion policy portion-policy-v2 (category fish_cooked), rounded to 5 g steps. This is a product reference size, NOT a value published by TÜBER. | large = APP-DERIVED from regular using portion policy portion-policy-v2 (category fish_cooked), rounded to 5 g steps. This is a product reference size, NOT a value published by TÜBER. | Composition is the published TürKomp per-100 g record 04.02.0002; no scaling applied."
,,,"brokoli",,"small",,,,,,,,,,,,,,"missing",,,,,,,,,,,"blocked",""
,,,"brokoli",,"regular",,,,,,,,,,,,,,"missing",,,,,,,,,,,"blocked",""
,,,"brokoli",,"large",,,,,,,,,,,,,,"missing",,,,,,,,,,,"blocked",""
,,,"ispanak",,"small",,,,,,,,,,,,,,"missing",,,,,,,,,,,"blocked",""
,,,"ispanak",,"regular",,,,,,,,,,,,,,"missing",,,,,,,,,,,"blocked",""
,,,"ispanak",,"large",,,,,,,,,,,,,,"missing",,,,,,,,,,,"blocked",""
,,,"karnabahar",,"small",,,,,,,,,,,,,,"missing",,,,,,,,,,,"blocked",""
,,,"karnabahar",,"regular",,,,,,,,,,,,,,"missing",,,,,,,,,,,"blocked",""
,,,"karnabahar",,"large",,,,,,,,,,,,,,"missing",,,,,,,,,,,"blocked",""
,,,"mantar-beyaz-sapkali",,"small",,,,,,,,,,,,,,"missing",,,,,,,,,,,"blocked",""
,,,"mantar-beyaz-sapkali",,"regular",,,,,,,,,,,,,,"missing",,,,,,,,,,,"blocked",""
,,,"mantar-beyaz-sapkali",,"large",,,,,,,,,,,,,,"missing",,,,,,,,,,,"blocked",""
,,,"patlican-uzun",,"small",,,,,,,,,,,,,,"missing",,,,,,,,,,,"blocked",""
,,,"patlican-uzun",,"regular",,,,,,,,,,,,,,"missing",,,,,,,,,,,"blocked",""
,,,"patlican-uzun",,"large",,,,,,,,,,,,,,"missing",,,,,,,,,,,"blocked",""
,,,"pazi",,"small",,,,,,,,,,,,,,"missing",,,,,,,,,,,"blocked",""
,,,"pazi",,"regular",,,,,,,,,,,,,,"missing",,,,,,,,,,,"blocked",""
,,,"pazi",,"large",,,,,,,,,,,,,,"missing",,,,,,,,,,,"blocked",""
,,,"misir-tatli",,"small",,,,,,,,,,,,,,"missing",,,,,,,,,,,"blocked",""
,,,"misir-tatli",,"regular",,,,,,,,,,,,,,"missing",,,,,,,,,,,"blocked",""
,,,"misir-tatli",,"large",,,,,,,,,,,,,,"missing",,,,,,,,,,,"blocked",""
,,,"domates-kuru",,"small",,,,,,,,,,,,,,"missing",,,,,,,,,,,"blocked",""
,,,"domates-kuru",,"regular",,,,,,,,,,,,,,"missing",,,,,,,,,,,"blocked",""
,,,"domates-kuru",,"large",,,,,,,,,,,,,,"missing",,,,,,,,,,,"blocked",""
,,,"patlican-kuru",,"small",,,,,,,,,,,,,,"missing",,,,,,,,,,,"blocked",""
,,,"patlican-kuru",,"regular",,,,,,,,,,,,,,"missing",,,,,,,,,,,"blocked",""
,,,"patlican-kuru",,"large",,,,,,,,,,,,,,"missing",,,,,,,,,,,"blocked",""
,,,"maydanoz-kuru",,"small",,,,,,,,,,,,,,"missing",,,,,,,,,,,"blocked",""
,,,"maydanoz-kuru",,"regular",,,,,,,,,,,,,,"missing",,,,,,,,,,,"blocked",""
,,,"maydanoz-kuru",,"large",,,,,,,,,,,,,,"missing",,,,,,,,,,,"blocked",""
,,,"ispanak-dondurulmus",,"small",,,,,,,,,,,,,,"missing",,,,,,,,,,,"blocked",""
,,,"ispanak-dondurulmus",,"regular",,,,,,,,,,,,,,"missing",,,,,,,,,,,"blocked",""
,,,"ispanak-dondurulmus",,"large",,,,,,,,,,,,,,"missing",,,,,,,,,,,"blocked",""
,,,"cilek-dondurulmus",,"small",,,,,,,,,,,,,,"missing",,,,,,,,,,,"blocked",""
,,,"cilek-dondurulmus",,"regular",,,,,,,,,,,,,,"missing",,,,,,,,,,,"blocked",""
,,,"cilek-dondurulmus",,"large",,,,,,,,,,,,,,"missing",,,,,,,,,,,"blocked",""
,,,"elma-kuru",,"small",,,,,,,,,,,,,,"missing",,,,,,,,,,,"blocked",""
,,,"elma-kuru",,"regular",,,,,,,,,,,,,,"missing",,,,,,,,,,,"blocked",""
,,,"elma-kuru",,"large",,,,,,,,,,,,,,"missing",,,,,,,,,,,"blocked",""
,,,"kayisi-konserve",,"small",,,,,,,,,,,,,,"missing",,,,,,,,,,,"blocked",""
,,,"kayisi-konserve",,"regular",,,,,,,,,,,,,,"missing",,,,,,,,,,,"blocked",""
,,,"kayisi-konserve",,"large",,,,,,,,,,,,,,"missing",,,,,,,,,,,"blocked",""
,,,"seftali-konserve",,"small",,,,,,,,,,,,,,"missing",,,,,,,,,,,"blocked",""
,,,"seftali-konserve",,"regular",,,,,,,,,,,,,,"missing",,,,,,,,,,,"blocked",""
,,,"seftali-konserve",,"large",,,,,,,,,,,,,,"missing",,,,,,,,,,,"blocked",""
,"Portakal suyu, konsantre",,"portakal-suyu-konsantre",,"small","80.0",,"food-portions/portakal-suyu-konsantre/portakal-suyu-konsantre--small--80g.webp","Photorealistic overhead food reference photograph of Portakal suyu, konsantre, representing the SMALL controlled portion of 80 grams. Served on the exact same matte white glass used across the three portion variants. Fixed 85-degree overhead camera, fixed camera distance, neutral light stone tabletop, soft diffused daylight, natural appetizing food color, realistic household serving, entire glass visible, centered composition, no utensils, no hands, no napkin, no packaging, no logo, no text, no watermark, no decorative garnish unless part of the canonical recipe, no dramatic restaurant styling, no hard shadows. Only the amount of food should differ between portion variants. Square 1:1 composition, sRGB, production-quality mobile nutrition tracking reference image.","All three variants of Portakal suyu, konsantre are the same scene, re-shot with a different amount of food. Identical across small/regular/large: the matte white glass and its diameter, the 85-degree overhead camera angle, the camera distance, the neutral light stone tabletop, the soft diffused daylight, the white balance, and the framing. The glass diameter and depth are identical in all three renders; only the fill level changes. The food keeps the same color, cut and cooking state. Nothing is added or removed between variants — no sauce, oil, herb or side item appears in one variant and not another. Portion weights are 80 g / 130 g / 200 g and must read as visibly increasing at a 120-160 px thumbnail size. No weight, number or label may appear in the image itself.","TürKomp — Ulusal Gıda Kompozisyon Veri Tabanı","09.02.0037",,,,,,,"missing","","TÜBER 2022 Ek 2.3.1 — Besinlerin standart porsiyonlarının enerji ve besin ögesi içerikleri","Portakal suyu (sıkılmış)","https://hsgm.saglik.gov.tr/depo/birimler/saglikli-beslenme-ve-hareketli-hayat-db/Dokumanlar/Rehberler/Turkiye_Beslenme_Rehber_TUBER_2022_min.pdf","TÜBER 2022 (baskı tarihi 2023-08-08)","Ek 2.3.1 (s.283-284)","https://turkomp.tarimorman.gov.tr/food-portakal-suyu-konsantre-302","2026-08-18T20:30:00Z",,,"needs_review","regular = the published TÜBER Ek 2.3.1 standard portion for ""Portakal suyu (sıkılmış)"" (125 g). | small = APP-DERIVED from regular using portion policy portion-policy-v2 (category beverage_dairy), rounded to 10 g steps. This is a product reference size, NOT a value published by TÜBER. | large = APP-DERIVED from regular using portion policy portion-policy-v2 (category beverage_dairy), rounded to 10 g steps. This is a product reference size, NOT a value published by TÜBER. | Composition is the published TürKomp per-100 g record 09.02.0037; no scaling applied."
,"Portakal suyu, konsantre",,"portakal-suyu-konsantre",,"regular","130.0",,"food-portions/portakal-suyu-konsantre/portakal-suyu-konsantre--regular--130g.webp","Photorealistic overhead food reference photograph of Portakal suyu, konsantre, representing the REGULAR controlled portion of 130 grams. Served on the exact same matte white glass used across the three portion variants. Fixed 85-degree overhead camera, fixed camera distance, neutral light stone tabletop, soft diffused daylight, natural appetizing food color, realistic household serving, entire glass visible, centered composition, no utensils, no hands, no napkin, no packaging, no logo, no text, no watermark, no decorative garnish unless part of the canonical recipe, no dramatic restaurant styling, no hard shadows. Only the amount of food should differ between portion variants. Square 1:1 composition, sRGB, production-quality mobile nutrition tracking reference image.","All three variants of Portakal suyu, konsantre are the same scene, re-shot with a different amount of food. Identical across small/regular/large: the matte white glass and its diameter, the 85-degree overhead camera angle, the camera distance, the neutral light stone tabletop, the soft diffused daylight, the white balance, and the framing. The glass diameter and depth are identical in all three renders; only the fill level changes. The food keeps the same color, cut and cooking state. Nothing is added or removed between variants — no sauce, oil, herb or side item appears in one variant and not another. Portion weights are 80 g / 130 g / 200 g and must read as visibly increasing at a 120-160 px thumbnail size. No weight, number or label may appear in the image itself.","TürKomp — Ulusal Gıda Kompozisyon Veri Tabanı","09.02.0037",,,,,,,"missing","","TÜBER 2022 Ek 2.3.1 — Besinlerin standart porsiyonlarının enerji ve besin ögesi içerikleri","Portakal suyu (sıkılmış)","https://hsgm.saglik.gov.tr/depo/birimler/saglikli-beslenme-ve-hareketli-hayat-db/Dokumanlar/Rehberler/Turkiye_Beslenme_Rehber_TUBER_2022_min.pdf","TÜBER 2022 (baskı tarihi 2023-08-08)","Ek 2.3.1 (s.283-284)","https://turkomp.tarimorman.gov.tr/food-portakal-suyu-konsantre-302","2026-08-18T20:30:00Z",,,"needs_review","regular = the published TÜBER Ek 2.3.1 standard portion for ""Portakal suyu (sıkılmış)"" (125 g). | small = APP-DERIVED from regular using portion policy portion-policy-v2 (category beverage_dairy), rounded to 10 g steps. This is a product reference size, NOT a value published by TÜBER. | large = APP-DERIVED from regular using portion policy portion-policy-v2 (category beverage_dairy), rounded to 10 g steps. This is a product reference size, NOT a value published by TÜBER. | Composition is the published TürKomp per-100 g record 09.02.0037; no scaling applied."
,"Portakal suyu, konsantre",,"portakal-suyu-konsantre",,"large","200.0",,"food-portions/portakal-suyu-konsantre/portakal-suyu-konsantre--large--200g.webp","Photorealistic overhead food reference photograph of Portakal suyu, konsantre, representing the LARGE controlled portion of 200 grams. Served on the exact same matte white glass used across the three portion variants. Fixed 85-degree overhead camera, fixed camera distance, neutral light stone tabletop, soft diffused daylight, natural appetizing food color, realistic household serving, entire glass visible, centered composition, no utensils, no hands, no napkin, no packaging, no logo, no text, no watermark, no decorative garnish unless part of the canonical recipe, no dramatic restaurant styling, no hard shadows. Only the amount of food should differ between portion variants. Square 1:1 composition, sRGB, production-quality mobile nutrition tracking reference image.","All three variants of Portakal suyu, konsantre are the same scene, re-shot with a different amount of food. Identical across small/regular/large: the matte white glass and its diameter, the 85-degree overhead camera angle, the camera distance, the neutral light stone tabletop, the soft diffused daylight, the white balance, and the framing. The glass diameter and depth are identical in all three renders; only the fill level changes. The food keeps the same color, cut and cooking state. Nothing is added or removed between variants — no sauce, oil, herb or side item appears in one variant and not another. Portion weights are 80 g / 130 g / 200 g and must read as visibly increasing at a 120-160 px thumbnail size. No weight, number or label may appear in the image itself.","TürKomp — Ulusal Gıda Kompozisyon Veri Tabanı","09.02.0037",,,,,,,"missing","","TÜBER 2022 Ek 2.3.1 — Besinlerin standart porsiyonlarının enerji ve besin ögesi içerikleri","Portakal suyu (sıkılmış)","https://hsgm.saglik.gov.tr/depo/birimler/saglikli-beslenme-ve-hareketli-hayat-db/Dokumanlar/Rehberler/Turkiye_Beslenme_Rehber_TUBER_2022_min.pdf","TÜBER 2022 (baskı tarihi 2023-08-08)","Ek 2.3.1 (s.283-284)","https://turkomp.tarimorman.gov.tr/food-portakal-suyu-konsantre-302","2026-08-18T20:30:00Z",,,"needs_review","regular = the published TÜBER Ek 2.3.1 standard portion for ""Portakal suyu (sıkılmış)"" (125 g). | small = APP-DERIVED from regular using portion policy portion-policy-v2 (category beverage_dairy), rounded to 10 g steps. This is a product reference size, NOT a value published by TÜBER. | large = APP-DERIVED from regular using portion policy portion-policy-v2 (category beverage_dairy), rounded to 10 g steps. This is a product reference size, NOT a value published by TÜBER. | Composition is the published TürKomp per-100 g record 09.02.0037; no scaling applied."
,,,"alabalik-gokkusagi-yetistirme",,"small",,,,,,,,,,,,,,"missing",,,,,,,,,,,"blocked",""
,,,"alabalik-gokkusagi-yetistirme",,"regular",,,,,,,,,,,,,,"missing",,,,,,,,,,,"blocked",""
,,,"alabalik-gokkusagi-yetistirme",,"large",,,,,,,,,,,,,,"missing",,,,,,,,,,,"blocked",""
,,,"hamsi-konserve-aycicek-yaginda",,"small",,,,,,,,,,,,,,"missing",,,,,,,,,,,"blocked",""
,,,"hamsi-konserve-aycicek-yaginda",,"regular",,,,,,,,,,,,,,"missing",,,,,,,,,,,"blocked",""
,,,"hamsi-konserve-aycicek-yaginda",,"large",,,,,,,,,,,,,,"missing",,,,,,,,,,,"blocked",""
,,,"misir-at-disi-kuru",,"small",,,,,,,,,,,,,,"missing",,,,,,,,,,,"blocked",""
,,,"misir-at-disi-kuru",,"regular",,,,,,,,,,,,,,"missing",,,,,,,,,,,"blocked",""
,,,"misir-at-disi-kuru",,"large",,,,,,,,,,,,,,"missing",,,,,,,,,,,"blocked",""
,,,"misir-cin-kuru",,"small",,,,,,,,,,,,,,"missing",,,,,,,,,,,"blocked",""
,,,"misir-cin-kuru",,"regular",,,,,,,,,,,,,,"missing",,,,,,,,,,,"blocked",""
,,,"misir-cin-kuru",,"large",,,,,,,,,,,,,,"missing",,,,,,,,,,,"blocked",""
,,,"misir-sert-kuru",,"small",,,,,,,,,,,,,,"missing",,,,,,,,,,,"blocked",""
,,,"misir-sert-kuru",,"regular",,,,,,,,,,,,,,"missing",,,,,,,,,,,"blocked",""
,,,"misir-sert-kuru",,"large",,,,,,,,,,,,,,"missing",,,,,,,,,,,"blocked",""
,,,"misir-seker-kuru",,"small",,,,,,,,,,,,,,"missing",,,,,,,,,,,"blocked",""
,,,"misir-seker-kuru",,"regular",,,,,,,,,,,,,,"missing",,,,,,,,,,,"blocked",""
,,,"misir-seker-kuru",,"large",,,,,,,,,,,,,,"missing",,,,,,,,,,,"blocked",""
,,,"pirinc-osmancik",,"small",,,,,,,,,,,,,,"missing",,,,,,,,,,,"blocked",""
,,,"pirinc-osmancik",,"regular",,,,,,,,,,,,,,"missing",,,,,,,,,,,"blocked",""
,,,"pirinc-osmancik",,"large",,,,,,,,,,,,,,"missing",,,,,,,,,,,"blocked",""
,,,"yufka-boreklik-cig",,"small",,,,,,,,,,,,,,"missing",,,,,,,,,,,"blocked",""
,,,"yufka-boreklik-cig",,"regular",,,,,,,,,,,,,,"missing",,,,,,,,,,,"blocked",""
,,,"yufka-boreklik-cig",,"large",,,,,,,,,,,,,,"missing",,,,,,,,,,,"blocked",""
,,,"patates-nisastalik-beyaz-etli-lady-rosetta-hermes",,"small",,,,,,,,,,,,,,"missing",,,,,,,,,,,"blocked",""
,,,"patates-nisastalik-beyaz-etli-lady-rosetta-hermes",,"regular",,,,,,,,,,,,,,"missing",,,,,,,,,,,"blocked",""
,,,"patates-nisastalik-beyaz-etli-lady-rosetta-hermes",,"large",,,,,,,,,,,,,,"missing",,,,,,,,,,,"blocked",""
,,,"patates-sofralik-sari-marfona-granola-marabel",,"small",,,,,,,,,,,,,,"missing",,,,,,,,,,,"blocked",""
,,,"patates-sofralik-sari-marfona-granola-marabel",,"regular",,,,,,,,,,,,,,"missing",,,,,,,,,,,"blocked",""
,,,"patates-sofralik-sari-marfona-granola-marabel",,"large",,,,,,,,,,,,,,"missing",,,,,,,,,,,"blocked",""
,,,"patlican-yuvarlak-topan",,"small",,,,,,,,,,,,,,"missing",,,,,,,,,,,"blocked",""
,,,"patlican-yuvarlak-topan",,"regular",,,,,,,,,,,,,,"missing",,,,,,,,,,,"blocked",""
,,,"patlican-yuvarlak-topan",,"large",,,,,,,,,,,,,,"missing",,,,,,,,,,,"blocked",""
,,,"patates-kizartmalik-dondurulmus",,"small",,,,,,,,,,,,,,"missing",,,,,,,,,,,"blocked",""
,,,"patates-kizartmalik-dondurulmus",,"regular",,,,,,,,,,,,,,"missing",,,,,,,,,,,"blocked",""
,,,"patates-kizartmalik-dondurulmus",,"large",,,,,,,,,,,,,,"missing",,,,,,,,,,,"blocked",""
,,,"misir-tatli-dondurulmus",,"small",,,,,,,,,,,,,,"missing",,,,,,,,,,,"blocked",""
,,,"misir-tatli-dondurulmus",,"regular",,,,,,,,,,,,,,"missing",,,,,,,,,,,"blocked",""
,,,"misir-tatli-dondurulmus",,"large",,,,,,,,,,,,,,"missing",,,,,,,,,,,"blocked",""
,,,"misir-tatli-konserve",,"small",,,,,,,,,,,,,,"missing",,,,,,,,,,,"blocked",""
,,,"misir-tatli-konserve",,"regular",,,,,,,,,,,,,,"missing",,,,,,,,,,,"blocked",""
,,,"misir-tatli-konserve",,"large",,,,,,,,,,,,,,"missing",,,,,,,,,,,"blocked",""
,,,"mantar-beyaz-sapkali-konserve",,"small",,,,,,,,,,,,,,"missing",,,,,,,,,,,"blocked",""
,,,"mantar-beyaz-sapkali-konserve",,"regular",,,,,,,,,,,,,,"missing",,,,,,,,,,,"blocked",""
,,,"mantar-beyaz-sapkali-konserve",,"large",,,,,,,,,,,,,,"missing",,,,,,,,,,,"blocked",""
,,,"domates-dogranmis-konserve",,"small",,,,,,,,,,,,,,"missing",,,,,,,,,,,"blocked",""
,,,"domates-dogranmis-konserve",,"regular",,,,,,,,,,,,,,"missing",,,,,,,,,,,"blocked",""
,,,"domates-dogranmis-konserve",,"large",,,,,,,,,,,,,,"missing",,,,,,,,,,,"blocked",""
,,,"biber-kirmizi-dolmalik-kuru",,"small",,,,,,,,,,,,,,"missing",,,,,,,,,,,"blocked",""
,,,"biber-kirmizi-dolmalik-kuru",,"regular",,,,,,,,,,,,,,"missing",,,,,,,,,,,"blocked",""
,,,"biber-kirmizi-dolmalik-kuru",,"large",,,,,,,,,,,,,,"missing",,,,,,,,,,,"blocked",""
,,,"kayisi-erkenci-sofralik-tyrinthe",,"small",,,,,,,,,,,,,,"missing",,,,,,,,,,,"blocked",""
,,,"kayisi-erkenci-sofralik-tyrinthe",,"regular",,,,,,,,,,,,,,"missing",,,,,,,,,,,"blocked",""
,,,"kayisi-erkenci-sofralik-tyrinthe",,"large",,,,,,,,,,,,,,"missing",,,,,,,,,,,"blocked",""
,,,"uzum-siyah-cekirdekli-kuru",,"small",,,,,,,,,,,,,,"missing",,,,,,,,,,,"blocked",""
,,,"uzum-siyah-cekirdekli-kuru",,"regular",,,,,,,,,,,,,,"missing",,,,,,,,,,,"blocked",""
,,,"uzum-siyah-cekirdekli-kuru",,"large",,,,,,,,,,,,,,"missing",,,,,,,,,,,"blocked",""
,,,"uzum-yuvarlak-cekirdeksiz-sultaniye-kuru",,"small",,,,,,,,,,,,,,"missing",,,,,,,,,,,"blocked",""
,,,"uzum-yuvarlak-cekirdeksiz-sultaniye-kuru",,"regular",,,,,,,,,,,,,,"missing",,,,,,,,,,,"blocked",""
,,,"uzum-yuvarlak-cekirdeksiz-sultaniye-kuru",,"large",,,,,,,,,,,,,,"missing",,,,,,,,,,,"blocked",""
,,,"bulgur-pilavlik-gaziantep",,"small",,,,,,,,,,,,,,"missing",,,,,,,,,,,"blocked",""
,,,"bulgur-pilavlik-gaziantep",,"regular",,,,,,,,,,,,,,"missing",,,,,,,,,,,"blocked",""
,,,"bulgur-pilavlik-gaziantep",,"large",,,,,,,,,,,,,,"missing",,,,,,,,,,,"blocked",""
,,,"bulgur-pilavlik-karaman",,"small",,,,,,,,,,,,,,"missing",,,,,,,,,,,"blocked",""
,,,"bulgur-pilavlik-karaman",,"regular",,,,,,,,,,,,,,"missing",,,,,,,,,,,"blocked",""
,,,"bulgur-pilavlik-karaman",,"large",,,,,,,,,,,,,,"missing",,,,,,,,,,,"blocked",""
,,,"makarna-glutensiz",,"small",,,,,,,,,,,,,,"missing",,,,,,,,,,,"blocked",""
,,,"makarna-glutensiz",,"regular",,,,,,,,,,,,,,"missing",,,,,,,,,,,"blocked",""
,,,"makarna-glutensiz",,"large",,,,,,,,,,,,,,"missing",,,,,,,,,,,"blocked",""
,,,"aycicegi-tohumu-cerezlik-alaca-kavrulmus",,"small",,,,,,,,,,,,,,"missing",,,,,,,,,,,"blocked",""
,,,"aycicegi-tohumu-cerezlik-alaca-kavrulmus",,"regular",,,,,,,,,,,,,,"missing",,,,,,,,,,,"blocked",""
,,,"aycicegi-tohumu-cerezlik-alaca-kavrulmus",,"large",,,,,,,,,,,,,,"missing",,,,,,,,,,,"blocked",""
,,,"biber-kirmizi-toz",,"small",,,,,,,,,,,,,,"missing",,,,,,,,,,,"blocked",""
,,,"biber-kirmizi-toz",,"regular",,,,,,,,,,,,,,"missing",,,,,,,,,,,"blocked",""
,,,"biber-kirmizi-toz",,"large",,,,,,,,,,,,,,"missing",,,,,,,,,,,"blocked",""
,,,"biber-kozlenmis-konserve",,"small",,,,,,,,,,,,,,"missing",,,,,,,,,,,"blocked",""
,,,"biber-kozlenmis-konserve",,"regular",,,,,,,,,,,,,,"missing",,,,,,,,,,,"blocked",""
,,,"biber-kozlenmis-konserve",,"large",,,,,,,,,,,,,,"missing",,,,,,,,,,,"blocked",""
,,,"nohut-haslanmis-konserve",,"small",,,,,,,,,,,,,,"missing",,,,,,,,,,,"blocked",""
,,,"nohut-haslanmis-konserve",,"regular",,,,,,,,,,,,,,"missing",,,,,,,,,,,"blocked",""
,,,"nohut-haslanmis-konserve",,"large",,,,,,,,,,,,,,"missing",,,,,,,,,,,"blocked",""
,,,"findik-ic-kavrulmus",,"small",,,,,,,,,,,,,,"missing",,,,,,,,,,,"blocked",""
,,,"findik-ic-kavrulmus",,"regular",,,,,,,,,,,,,,"missing",,,,,,,,,,,"blocked",""
,,,"findik-ic-kavrulmus",,"large",,,,,,,,,,,,,,"missing",,,,,,,,,,,"blocked",""
,,,"antep-fistigi-ic-kavrulmus",,"small",,,,,,,,,,,,,,"missing",,,,,,,,,,,"blocked",""
,,,"antep-fistigi-ic-kavrulmus",,"regular",,,,,,,,,,,,,,"missing",,,,,,,,,,,"blocked",""
,,,"antep-fistigi-ic-kavrulmus",,"large",,,,,,,,,,,,,,"missing",,,,,,,,,,,"blocked",""
,,,"kavurma-et-diyarbakir",,"small",,,,,,,,,,,,,,"missing",,,,,,,,,,,"blocked",""
,,,"kavurma-et-diyarbakir",,"regular",,,,,,,,,,,,,,"missing",,,,,,,,,,,"blocked",""
,,,"kavurma-et-diyarbakir",,"large",,,,,,,,,,,,,,"missing",,,,,,,,,,,"blocked",""
,,,"kavurma-et-erzurum",,"small",,,,,,,,,,,,,,"missing",,,,,,,,,,,"blocked",""
,,,"kavurma-et-erzurum",,"regular",,,,,,,,,,,,,,"missing",,,,,,,,,,,"blocked",""
,,,"kavurma-et-erzurum",,"large",,,,,,,,,,,,,,"missing",,,,,,,,,,,"blocked",""
,,,"kavurma-et-konya",,"small",,,,,,,,,,,,,,"missing",,,,,,,,,,,"blocked",""
,,,"kavurma-et-konya",,"regular",,,,,,,,,,,,,,"missing",,,,,,,,,,,"blocked",""
,,,"kavurma-et-konya",,"large",,,,,,,,,,,,,,"missing",,,,,,,,,,,"blocked",""
,,,"doner-et-kastamonu-pismis",,"small",,,,,,,,,,,,,,"missing",,,,,,,,,,,"blocked",""
,,,"doner-et-kastamonu-pismis",,"regular",,,,,,,,,,,,,,"missing",,,,,,,,,,,"blocked",""
,,,"doner-et-kastamonu-pismis",,"large",,,,,,,,,,,,,,"missing",,,,,,,,,,,"blocked",""
,,,"doner-et-pismis-bursa",,"small",,,,,,,,,,,,,,"missing",,,,,,,,,,,"blocked",""
,,,"doner-et-pismis-bursa",,"regular",,,,,,,,,,,,,,"missing",,,,,,,,,,,"blocked",""
,,,"doner-et-pismis-bursa",,"large",,,,,,,,,,,,,,"missing",,,,,,,,,,,"blocked",""
,,,"oltu-cag-kebabi-doner-et-pismis",,"small",,,,,,,,,,,,,,"missing",,,,,,,,,,,"blocked",""
,,,"oltu-cag-kebabi-doner-et-pismis",,"regular",,,,,,,,,,,,,,"missing",,,,,,,,,,,"blocked",""
,,,"oltu-cag-kebabi-doner-et-pismis",,"large",,,,,,,,,,,,,,"missing",,,,,,,,,,,"blocked",""
,,,"makarna-sade-yumurtasiz-kuru",,"small",,,,,,,,,,,,,,"missing",,,,,,,,,,,"blocked",""
,,,"makarna-sade-yumurtasiz-kuru",,"regular",,,,,,,,,,,,,,"missing",,,,,,,,,,,"blocked",""
,,,"makarna-sade-yumurtasiz-kuru",,"large",,,,,,,,,,,,,,"missing",,,,,,,,,,,"blocked",""
,,,"nohut-kocbasi-kuru",,"small",,,,,,,,,,,,,,"missing",,,,,,,,,,,"blocked",""
,,,"nohut-kocbasi-kuru",,"regular",,,,,,,,,,,,,,"missing",,,,,,,,,,,"blocked",""
,,,"nohut-kocbasi-kuru",,"large",,,,,,,,,,,,,,"missing",,,,,,,,,,,"blocked",""
,,,"makarna-dusuk-proteinli-glutensiz-pku",,"small",,,,,,,,,,,,,,"missing",,,,,,,,,,,"blocked",""
,,,"makarna-dusuk-proteinli-glutensiz-pku",,"regular",,,,,,,,,,,,,,"missing",,,,,,,,,,,"blocked",""
,,,"makarna-dusuk-proteinli-glutensiz-pku",,"large",,,,,,,,,,,,,,"missing",,,,,,,,,,,"blocked",""
,,,"sut-inek",,"small",,,,,,,,,,,,,,"missing",,,,,,,,,,,"blocked",""
,,,"sut-inek",,"regular",,,,,,,,,,,,,,"missing",,,,,,,,,,,"blocked",""
,,,"sut-inek",,"large",,,,,,,,,,,,,,"missing",,,,,,,,,,,"blocked",""
,,,"sutlu-buz-vanilya-aromali",,"small",,,,,,,,,,,,,,"missing",,,,,,,,,,,"blocked",""
,,,"sutlu-buz-vanilya-aromali",,"regular",,,,,,,,,,,,,,"missing",,,,,,,,,,,"blocked",""
,,,"sutlu-buz-vanilya-aromali",,"large",,,,,,,,,,,,,,"missing",,,,,,,,,,,"blocked",""
,,,"kaymak-pastorize-sut-yagi-60",,"small",,,,,,,,,,,,,,"missing",,,,,,,,,,,"blocked",""
,,,"kaymak-pastorize-sut-yagi-60",,"regular",,,,,,,,,,,,,,"missing",,,,,,,,,,,"blocked",""
,,,"kaymak-pastorize-sut-yagi-60",,"large",,,,,,,,,,,,,,"missing",,,,,,,,,,,"blocked",""
,,,"sut-tozu-yagsiz-100-g-kuru-maddede-en-cok-1-5-g-sut-yagi",,"small",,,,,,,,,,,,,,"missing",,,,,,,,,,,"blocked",""
,,,"sut-tozu-yagsiz-100-g-kuru-maddede-en-cok-1-5-g-sut-yagi",,"regular",,,,,,,,,,,,,,"missing",,,,,,,,,,,"blocked",""
,,,"sut-tozu-yagsiz-100-g-kuru-maddede-en-cok-1-5-g-sut-yagi",,"large",,,,,,,,,,,,,,"missing",,,,,,,,,,,"blocked",""
,,,"yenilebilir-sakatat-dana-akciger",,"small",,,,,,,,,,,,,,"missing",,,,,,,,,,,"blocked",""
,,,"yenilebilir-sakatat-dana-akciger",,"regular",,,,,,,,,,,,,,"missing",,,,,,,,,,,"blocked",""
,,,"yenilebilir-sakatat-dana-akciger",,"large",,,,,,,,,,,,,,"missing",,,,,,,,,,,"blocked",""
,,,"yenilebilir-sakatat-dana-beyin",,"small",,,,,,,,,,,,,,"missing",,,,,,,,,,,"blocked",""
,,,"yenilebilir-sakatat-dana-beyin",,"regular",,,,,,,,,,,,,,"missing",,,,,,,,,,,"blocked",""
,,,"yenilebilir-sakatat-dana-beyin",,"large",,,,,,,,,,,,,,"missing",,,,,,,,,,,"blocked",""
,,,"dana-eti-bonfile",,"small",,,,,,,,,,,,,,"missing",,,,,,,,,,,"blocked",""
,,,"dana-eti-bonfile",,"regular",,,,,,,,,,,,,,"missing",,,,,,,,,,,"blocked",""
,,,"dana-eti-bonfile",,"large",,,,,,,,,,,,,,"missing",,,,,,,,,,,"blocked",""
,,,"yenilebilir-sakatat-dana-bobrek",,"small",,,,,,,,,,,,,,"missing",,,,,,,,,,,"blocked",""
,,,"yenilebilir-sakatat-dana-bobrek",,"regular",,,,,,,,,,,,,,"missing",,,,,,,,,,,"blocked",""
,,,"yenilebilir-sakatat-dana-bobrek",,"large",,,,,,,,,,,,,,"missing",,,,,,,,,,,"blocked",""
,,,"dana-eti-but",,"small",,,,,,,,,,,,,,"missing",,,,,,,,,,,"blocked",""
,,,"dana-eti-but",,"regular",,,,,,,,,,,,,,"missing",,,,,,,,,,,"blocked",""
,,,"dana-eti-but",,"large",,,,,,,,,,,,,,"missing",,,,,,,,,,,"blocked",""
,,,"yenilebilir-sakatat-dana-dalak",,"small",,,,,,,,,,,,,,"missing",,,,,,,,,,,"blocked",""
,,,"yenilebilir-sakatat-dana-dalak",,"regular",,,,,,,,,,,,,,"missing",,,,,,,,,,,"blocked",""
,,,"yenilebilir-sakatat-dana-dalak",,"large",,,,,,,,,,,,,,"missing",,,,,,,,,,,"blocked",""
,,,"yenilebilir-sakatat-dana-dil",,"small",,,,,,,,,,,,,,"missing",,,,,,,,,,,"blocked",""
,,,"yenilebilir-sakatat-dana-dil",,"regular",,,,,,,,,,,,,,"missing",,,,,,,,,,,"blocked",""
,,,"yenilebilir-sakatat-dana-dil",,"large",,,,,,,,,,,,,,"missing",,,,,,,,,,,"blocked",""
,,,"yenilebilir-sakatat-dana-iskembe",,"small",,,,,,,,,,,,,,"missing",,,,,,,,,,,"blocked",""
,,,"yenilebilir-sakatat-dana-iskembe",,"regular",,,,,,,,,,,,,,"missing",,,,,,,,,,,"blocked",""
,,,"yenilebilir-sakatat-dana-iskembe",,"large",,,,,,,,,,,,,,"missing",,,,,,,,,,,"blocked",""
,,,"yenilebilir-sakatat-dana-kalp",,"small",,,,,,,,,,,,,,"missing",,,,,,,,,,,"blocked",""
,,,"yenilebilir-sakatat-dana-kalp",,"regular",,,,,,,,,,,,,,"missing",,,,,,,,,,,"blocked",""
,,,"yenilebilir-sakatat-dana-kalp",,"large",,,,,,,,,,,,,,"missing",,,,,,,,,,,"blocked",""
,,,"yenilebilir-sakatat-dana-karaciger",,"small",,,,,,,,,,,,,,"missing",,,,,,,,,,,"blocked",""
,,,"yenilebilir-sakatat-dana-karaciger",,"regular",,,,,,,,,,,,,,"missing",,,,,,,,,,,"blocked",""
,,,"yenilebilir-sakatat-dana-karaciger",,"large",,,,,,,,,,,,,,"missing",,,,,,,,,,,"blocked",""
,,,"dana-eti-kol",,"small",,,,,,,,,,,,,,"missing",,,,,,,,,,,"blocked",""
,,,"dana-eti-kol",,"regular",,,,,,,,,,,,,,"missing",,,,,,,,,,,"blocked",""
,,,"dana-eti-kol",,"large",,,,,,,,,,,,,,"missing",,,,,,,,,,,"blocked",""
,,,"dana-eti-kontrfile",,"small",,,,,,,,,,,,,,"missing",,,,,,,,,,,"blocked",""
,,,"dana-eti-kontrfile",,"regular",,,,,,,,,,,,,,"missing",,,,,,,,,,,"blocked",""
,,,"dana-eti-kontrfile",,"large",,,,,,,,,,,,,,"missing",,,,,,,,,,,"blocked",""
,,,"dana-eti-pirzola",,"small",,,,,,,,,,,,,,"missing",,,,,,,,,,,"blocked",""
,,,"dana-eti-pirzola",,"regular",,,,,,,,,,,,,,"missing",,,,,,,,,,,"blocked",""
,,,"dana-eti-pirzola",,"large",,,,,,,,,,,,,,"missing",,,,,,,,,,,"blocked",""
,,,"kuzu-eti-bel",,"small",,,,,,,,,,,,,,"missing",,,,,,,,,,,"blocked",""
,,,"kuzu-eti-bel",,"regular",,,,,,,,,,,,,,"missing",,,,,,,,,,,"blocked",""
,,,"kuzu-eti-bel",,"large",,,,,,,,,,,,,,"missing",,,,,,,,,,,"blocked",""
,,,"kuzu-eti-but",,"small",,,,,,,,,,,,,,"missing",,,,,,,,,,,"blocked",""
,,,"kuzu-eti-but",,"regular",,,,,,,,,,,,,,"missing",,,,,,,,,,,"blocked",""
,,,"kuzu-eti-but",,"large",,,,,,,,,,,,,,"missing",,,,,,,,,,,"blocked",""
,,,"kuzu-eti-kol",,"small",,,,,,,,,,,,,,"missing",,,,,,,,,,,"blocked",""
,,,"kuzu-eti-kol",,"regular",,,,,,,,,,,,,,"missing",,,,,,,,,,,"blocked",""
,,,"kuzu-eti-kol",,"large",,,,,,,,,,,,,,"missing",,,,,,,,,,,"blocked",""
,,,"kuzu-eti-sirt",,"small",,,,,,,,,,,,,,"missing",,,,,,,,,,,"blocked",""
,,,"kuzu-eti-sirt",,"regular",,,,,,,,,,,,,,"missing",,,,,,,,,,,"blocked",""
,,,"kuzu-eti-sirt",,"large",,,,,,,,,,,,,,"missing",,,,,,,,,,,"blocked",""
,,,"sigir-eti-bonfile",,"small",,,,,,,,,,,,,,"missing",,,,,,,,,,,"blocked",""
,,,"sigir-eti-bonfile",,"regular",,,,,,,,,,,,,,"missing",,,,,,,,,,,"blocked",""
,,,"sigir-eti-bonfile",,"large",,,,,,,,,,,,,,"missing",,,,,,,,,,,"blocked",""
,,,"sigir-eti-but",,"small",,,,,,,,,,,,,,"missing",,,,,,,,,,,"blocked",""
,,,"sigir-eti-but",,"regular",,,,,,,,,,,,,,"missing",,,,,,,,,,,"blocked",""
,,,"sigir-eti-but",,"large",,,,,,,,,,,,,,"missing",,,,,,,,,,,"blocked",""
,,,"sigir-eti-kol",,"small",,,,,,,,,,,,,,"missing",,,,,,,,,,,"blocked",""
,,,"sigir-eti-kol",,"regular",,,,,,,,,,,,,,"missing",,,,,,,,,,,"blocked",""
,,,"sigir-eti-kol",,"large",,,,,,,,,,,,,,"missing",,,,,,,,,,,"blocked",""
,,,"sigir-eti-kontrfile",,"small",,,,,,,,,,,,,,"missing",,,,,,,,,,,"blocked",""
,,,"sigir-eti-kontrfile",,"regular",,,,,,,,,,,,,,"missing",,,,,,,,,,,"blocked",""
,,,"sigir-eti-kontrfile",,"large",,,,,,,,,,,,,,"missing",,,,,,,,,,,"blocked",""
,,,"sigir-eti-pirzola",,"small",,,,,,,,,,,,,,"missing",,,,,,,,,,,"blocked",""
,,,"sigir-eti-pirzola",,"regular",,,,,,,,,,,,,,"missing",,,,,,,,,,,"blocked",""
,,,"sigir-eti-pirzola",,"large",,,,,,,,,,,,,,"missing",,,,,,,,,,,"blocked",""
,,,"tavsan-eti-derisiz",,"small",,,,,,,,,,,,,,"missing",,,,,,,,,,,"blocked",""
,,,"tavsan-eti-derisiz",,"regular",,,,,,,,,,,,,,"missing",,,,,,,,,,,"blocked",""
,,,"tavsan-eti-derisiz",,"large",,,,,,,,,,,,,,"missing",,,,,,,,,,,"blocked",""
,,,"pilic-eti-but",,"small",,,,,,,,,,,,,,"missing",,,,,,,,,,,"blocked",""
,,,"pilic-eti-but",,"regular",,,,,,,,,,,,,,"missing",,,,,,,,,,,"blocked",""
,,,"pilic-eti-but",,"large",,,,,,,,,,,,,,"missing",,,,,,,,,,,"blocked",""
,,,"pilic-eti-kanat",,"small",,,,,,,,,,,,,,"missing",,,,,,,,,,,"blocked",""
,,,"pilic-eti-kanat",,"regular",,,,,,,,,,,,,,"missing",,,,,,,,,,,"blocked",""
,,,"pilic-eti-kanat",,"large",,,,,,,,,,,,,,"missing",,,,,,,,,,,"blocked",""
,,,"isil-islem-gormus-sucuk-dana",,"small",,,,,,,,,,,,,,"missing",,,,,,,,,,,"blocked",""
,,,"isil-islem-gormus-sucuk-dana",,"regular",,,,,,,,,,,,,,"missing",,,,,,,,,,,"blocked",""
,,,"isil-islem-gormus-sucuk-dana",,"large",,,,,,,,,,,,,,"missing",,,,,,,,,,,"blocked",""
,,,"jambon-dana",,"small",,,,,,,,,,,,,,"missing",,,,,,,,,,,"blocked",""
,,,"jambon-dana",,"regular",,,,,,,,,,,,,,"missing",,,,,,,,,,,"blocked",""
,,,"jambon-dana",,"large",,,,,,,,,,,,,,"missing",,,,,,,,,,,"blocked",""
,,,"jambon-pilic",,"small",,,,,,,,,,,,,,"missing",,,,,,,,,,,"blocked",""
,,,"jambon-pilic",,"regular",,,,,,,,,,,,,,"missing",,,,,,,,,,,"blocked",""
,,,"jambon-pilic",,"large",,,,,,,,,,,,,,"missing",,,,,,,,,,,"blocked",""
,,,"isil-islem-gormus-sucuk-pilic",,"small",,,,,,,,,,,,,,"missing",,,,,,,,,,,"blocked",""
,,,"isil-islem-gormus-sucuk-pilic",,"regular",,,,,,,,,,,,,,"missing",,,,,,,,,,,"blocked",""
,,,"isil-islem-gormus-sucuk-pilic",,"large",,,,,,,,,,,,,,"missing",,,,,,,,,,,"blocked",""
,,,"barbunya-barbun",,"small",,,,,,,,,,,,,,"missing",,,,,,,,,,,"blocked",""
,,,"barbunya-barbun",,"regular",,,,,,,,,,,,,,"missing",,,,,,,,,,,"blocked",""
,,,"barbunya-barbun",,"large",,,,,,,,,,,,,,"missing",,,,,,,,,,,"blocked",""
,,,"berlam",,"small",,,,,,,,,,,,,,"missing",,,,,,,,,,,"blocked",""
,,,"berlam",,"regular",,,,,,,,,,,,,,"missing",,,,,,,,,,,"blocked",""
,,,"berlam",,"large",,,,,,,,,,,,,,"missing",,,,,,,,,,,"blocked",""
,,,"cipura-yetistirme",,"small",,,,,,,,,,,,,,"missing",,,,,,,,,,,"blocked",""
,,,"cipura-yetistirme",,"regular",,,,,,,,,,,,,,"missing",,,,,,,,,,,"blocked",""
,,,"cipura-yetistirme",,"large",,,,,,,,,,,,,,"missing",,,,,,,,,,,"blocked",""
,,,"istavrit",,"small",,,,,,,,,,,,,,"missing",,,,,,,,,,,"blocked",""
,,,"istavrit",,"regular",,,,,,,,,,,,,,"missing",,,,,,,,,,,"blocked",""
,,,"istavrit",,"large",,,,,,,,,,,,,,"missing",,,,,,,,,,,"blocked",""
,,,"kalkan",,"small",,,,,,,,,,,,,,"missing",,,,,,,,,,,"blocked",""
,,,"kalkan",,"regular",,,,,,,,,,,,,,"missing",,,,,,,,,,,"blocked",""
,,,"kalkan",,"large",,,,,,,,,,,,,,"missing",,,,,,,,,,,"blocked",""
,,,"karides-derin-su-pembe",,"small",,,,,,,,,,,,,,"missing",,,,,,,,,,,"blocked",""
,,,"karides-derin-su-pembe",,"regular",,,,,,,,,,,,,,"missing",,,,,,,,,,,"blocked",""
,,,"karides-derin-su-pembe",,"large",,,,,,,,,,,,,,"missing",,,,,,,,,,,"blocked",""
,,,"kefal-pasifik-rus-kefali",,"small",,,,,,,,,,,,,,"missing",,,,,,,,,,,"blocked",""
,,,"kefal-pasifik-rus-kefali",,"regular",,,,,,,,,,,,,,"missing",,,,,,,,,,,"blocked",""
,,,"kefal-pasifik-rus-kefali",,"large",,,,,,,,,,,,,,"missing",,,,,,,,,,,"blocked",""
,,,"kefal-sari-kulak",,"small",,,,,,,,,,,,,,"missing",,,,,,,,,,,"blocked",""
,,,"kefal-sari-kulak",,"regular",,,,,,,,,,,,,,"missing",,,,,,,,,,,"blocked",""
,,,"kefal-sari-kulak",,"large",,,,,,,,,,,,,,"missing",,,,,,,,,,,"blocked",""
,,,"levrek-yetistirme",,"small",,,,,,,,,,,,,,"missing",,,,,,,,,,,"blocked",""
,,,"levrek-yetistirme",,"regular",,,,,,,,,,,,,,"missing",,,,,,,,,,,"blocked",""
,,,"levrek-yetistirme",,"large",,,,,,,,,,,,,,"missing",,,,,,,,,,,"blocked",""
,,,"lufer",,"small",,,,,,,,,,,,,,"missing",,,,,,,,,,,"blocked",""
,,,"lufer",,"regular",,,,,,,,,,,,,,"missing",,,,,,,,,,,"blocked",""
,,,"lufer",,"large",,,,,,,,,,,,,,"missing",,,,,,,,,,,"blocked",""
,,,"mezgit",,"small",,,,,,,,,,,,,,"missing",,,,,,,,,,,"blocked",""
,,,"mezgit",,"regular",,,,,,,,,,,,,,"missing",,,,,,,,,,,"blocked",""
,,,"mezgit",,"large",,,,,,,,,,,,,,"missing",,,,,,,,,,,"blocked",""
,,,"palamut",,"small",,,,,,,,,,,,,,"missing",,,,,,,,,,,"blocked",""
,,,"palamut",,"regular",,,,,,,,,,,,,,"missing",,,,,,,,,,,"blocked",""
,,,"palamut",,"large",,,,,,,,,,,,,,"missing",,,,,,,,,,,"blocked",""
,,,"tirsi",,"small",,,,,,,,,,,,,,"missing",,,,,,,,,,,"blocked",""
,,,"tirsi",,"regular",,,,,,,,,,,,,,"missing",,,,,,,,,,,"blocked",""
,,,"tirsi",,"large",,,,,,,,,,,,,,"missing",,,,,,,,,,,"blocked",""
,,,"zargana",,"small",,,,,,,,,,,,,,"missing",,,,,,,,,,,"blocked",""
,,,"zargana",,"regular",,,,,,,,,,,,,,"missing",,,,,,,,,,,"blocked",""
,,,"zargana",,"large",,,,,,,,,,,,,,"missing",,,,,,,,,,,"blocked",""
,,,"margarin-yemeklik",,"small",,,,,,,,,,,,,,"missing",,,,,,,,,,,"blocked",""
,,,"margarin-yemeklik",,"regular",,,,,,,,,,,,,,"missing",,,,,,,,,,,"blocked",""
,,,"margarin-yemeklik",,"large",,,,,,,,,,,,,,"missing",,,,,,,,,,,"blocked",""
,,,"margarin-az-yagli-39-41-yag",,"small",,,,,,,,,,,,,,"missing",,,,,,,,,,,"blocked",""
,,,"margarin-az-yagli-39-41-yag",,"regular",,,,,,,,,,,,,,"missing",,,,,,,,,,,"blocked",""
,,,"margarin-az-yagli-39-41-yag",,"large",,,,,,,,,,,,,,"missing",,,,,,,,,,,"blocked",""
,,,"aycicek-yagi",,"small",,,,,,,,,,,,,,"missing",,,,,,,,,,,"blocked",""
,,,"aycicek-yagi",,"regular",,,,,,,,,,,,,,"missing",,,,,,,,,,,"blocked",""
,,,"aycicek-yagi",,"large",,,,,,,,,,,,,,"missing",,,,,,,,,,,"blocked",""
,,,"findik-yagi",,"small",,,,,,,,,,,,,,"missing",,,,,,,,,,,"blocked",""
,,,"findik-yagi",,"regular",,,,,,,,,,,,,,"missing",,,,,,,,,,,"blocked",""
,,,"findik-yagi",,"large",,,,,,,,,,,,,,"missing",,,,,,,,,,,"blocked",""
